customer_id,plan_price,arpu,gross_margin,monthly_churn,ltv,cac,ltv_cac,segment,predicted_arpu,predicted_high_churn_prob
1001,78.84,63.63,0.76,0.022,2198.127272727273,212.48,10.345101998904711,1,70.63253987773373,0.12638219208418508
1002,120.23,124.47,0.84,0.0512,2042.0859375,352.6,5.791508614577425,0,124.56745116652459,0.7486746933859729
1003,335.82,278.2,0.81,0.0193,11675.751295336788,55.4,210.75363348983373,3,284.35019458585987,0.11869013456268408
1004,193.89,190.65,0.8,0.0842,1811.4014251781475,49.1,36.8920860525081,0,175.56480424225884,0.7423401521071372
1005,471.8,445.32,0.8,0.0773,4608.745148771023,45.27,101.80572451449135,2,426.7335267744058,0.7649665560392307
1006,138.52,133.17,0.8,0.076,1401.7894736842106,56.92,24.627362503236306,0,124.73481220687736,0.7616257894337056
1007,78.34,73.19,0.83,0.0901,674.2253052164261,348.95,1.932154478339092,0,90.3664026638513,0.7685901010749902
1008,443.64,471.77,0.87,0.0285,14401.399999999998,52.27,275.51941840443845,3,420.8111260864425,0.13893016073686396
1009,108.54,81.91,0.8,0.0228,2874.035087719298,223.23,12.874770809117495,1,77.28364707223318,0.11202380610000283
1010,183.89,187.27,0.87,0.0761,2140.9316688567674,391.3,5.471330612974105,0,184.87768532858206,0.7187653220049262
1011,341.61,342.49,0.89,0.0705,4323.632624113476,376.83,11.473695364258354,2,327.6913102448973,0.7364227709657762
1012,407.44,380.38,0.79,0.0728,4127.75,183.11,22.542460815903006,2,368.44383475788993,0.7520080611523697
1013,111.21,105.14,0.77,0.0714,1133.862745098039,219.08,5.175564839775602,0,118.87046625840935,0.7358658583599968
1014,324.22,342.94,0.79,0.0584,4639.085616438356,366.25,12.666445369114964,2,310.3499610591759,0.7205129383745631
1015,196.18,186.96,0.86,0.0999,1609.4654654654657,186.01,8.652574944709778,0,179.11232496468497,0.7263882784708889
1016,282.59,293.98,0.85,0.0724,3451.422651933701,355.55,9.707277884780485,2,275.09061346041847,0.7257127367467643
1017,271.65,234.79,0.84,0.0207,9527.710144927536,43.85,217.27959281476706,3,243.77521955687814,0.11667411314582232
1018,168.58,138.54,0.85,0.0756,1557.6587301587301,367.18,4.242221063671034,0,133.18146573920743,0.7340828288768303
1019,68.88,62.32,0.77,0.0557,861.5152603231599,225.48,3.8208056604717044,0,40.94439526667904,0.7509111238568693
1020,197.22,181.95,0.76,0.028,4938.642857142857,363.98,13.568445675979056,1,198.53796165565876,0.12266874930083216
1021,455.9,444.76,0.85,0.0581,6506.815834767642,447.83,14.529655973846419,2,411.595926301693,0.7265167455528163
1022,193.01,164.35,0.77,0.0846,1495.8569739952718,209.12,7.153103356901644,0,194.62454659542217,0.7205332954084777
1023,131.54,112.21,0.8,0.0754,1190.557029177719,416.36,2.8594414189108437,0,98.32329243087638,0.7507857302011872
1024,138.31,139.64,0.82,0.0823,1391.3098420413123,367.74,3.7834063252333503,0,126.90008335004008,0.7539417465339037
1025,370.6,319.86,0.9,0.064,4498.03125,446.02,10.08481962692256,2,353.06419497844,0.7495591790313896
1026,70.41,71.94,0.9,0.0653,991.5160796324654,181.45,5.464403855786528,0,80.77359995042166,0.7625724346823125
1027,68.73,65.49,0.84,0.0808,680.8366336633662,458.81,1.4839184709648139,0,60.740614310942576,0.6457804928588041
1028,131.26,116.95,0.86,0.0648,1552.1141975308642,341.58,4.543925866651631,0,137.25447273895088,0.7480342257097099
1029,99.52,90.39,0.76,0.0525,1308.502857142857,390.59,3.350067480331952,0,107.9334697497156,0.7116065020457356
1030,400.61,317.18,0.83,0.0795,3311.438993710691,42.96,77.08191326142205,2,343.94744628830773,0.7596815248120857
1031,152.71,153.73,0.87,0.0811,1649.1381011097405,175.12,9.417188791170286,0,158.08429863437115,0.7609895462312691
1032,240.51,274.39,0.86,0.0699,3375.899856938483,392.02,8.611550066166224,2,236.01518695188628,0.7314738305718579
1033,195.26,152.85,0.85,0.0958,1356.1847599164926,343.95,3.942970664097958,0,158.32119886518538,0.7371978259275561
1034,82.01,85.41,0.83,0.0187,3790.9251336898387,213.8,17.731174619690545,1,93.77802205915975,0.13318090950927275
1035,55.01,48.67,0.76,0.0928,398.59051724137936,53.05,7.51348760115701,0,69.76139316127299,0.7733729589048599
1036,72.67,71.9,0.85,0.0975,626.8205128205128,223.2,2.808335630916276,0,86.0093116301011,0.7724240582136714
1037,349.94,354.07,0.85,0.0289,10413.823529411764,226.66,45.94469041476998,2,335.3037008368998,0.14043007066706722
1038,156.34,154.38,0.83,0.0177,7239.28813559322,227.67,31.79728614043669,1,159.24216301746628,0.14746490785955244
1039,59.73,45.99,0.76,0.0114,3066.0,330.99,9.26311973171395,1,52.877935273708715,0.1259206891812632
1040,125.07,88.59,0.85,0.0275,2738.236363636364,374.68,7.308199967002145,1,94.49630434792225,0.11063760751424796
1041,141.35,129.72,0.81,0.0888,1183.2567567567567,380.9,3.1064761269539427,0,108.26932563104953,0.7493690394027811
1042,424.26,390.94,0.81,0.0748,4233.441176470588,338.41,12.509799286281694,2,403.3613903334525,0.7398201217931237
1043,94.27,89.16,0.89,0.0215,3690.809302325582,415.82,8.875978313514459,1,103.73024217342655,0.12904412892716455
1044,76.69,82.5,0.87,0.0118,6082.627118644069,399.33,15.232081533178247,1,87.54636275503108,0.12148038415797996
1045,85.85,82.01,0.77,0.0881,716.7729852440409,51.77,13.845334851150104,0,97.77196969485333,0.7668006828194627
1046,60.13,65.94,0.86,0.0542,1046.280442804428,458.4,2.2824616989625395,0,72.10537282306981,0.564778170106003
1047,96.36,99.02,0.8,0.0196,4041.632653061225,192.68,20.97588049128724,1,106.44829563969188,0.12781095646724697
1048,232.36,172.15,0.81,0.087,1602.7758620689658,54.01,29.675539012571114,0,189.25794649238915,0.7436158409329704
1049,374.01,326.53,0.82,0.0764,3504.6413612565443,49.05,71.45038453122415,2,337.4187233360786,0.7488338653224369
1050,65.13,66.08,0.89,0.0848,693.5283018867924,305.42,2.270736369218756,0,58.02589451379248,0.757106670789301
1051,335.36,355.17,0.81,0.0283,10165.643109540637,56.88,178.72087042089726,3,321.8930474030749,0.13896824181455997
1052,62.87,54.69,0.78,0.068,627.3264705882352,185.6,3.3799917596348883,0,57.14209190537659,0.7623556398672607
1053,64.48,68.05,0.77,0.0265,1977.301886792453,56.75,34.842323996342785,1,77.58398827566602,0.12338618038929011
1054,107.27,107.15,0.76,0.0688,1183.6337209302326,218.63,5.41386690266767,0,96.55522177964154,0.729447666827112
1055,86.48,98.67,0.88,0.0194,4475.7525773195875,194.89,22.96553223520749,1,97.13992217144724,0.13475156407111105
1056,168.17,193.38,0.9,0.0884,1968.8009049773755,453.37,4.34259193369075,0,170.96132212064595,0.7398645005963371
1057,119.5,135.78,0.84,0.0836,1364.2966507177034,362.4,3.7646154821128683,0,126.76616628890366,0.7452285734418429
1058,148.82,144.88,0.83,0.021,5726.209523809523,203.66,28.11651538745715,1,133.8469458656938,0.11658765533292074
1059,207.63,180.29,0.85,0.0281,5453.612099644128,362.31,15.05233667203259,1,167.5052284476555,0.13368825285056526
1060,138.22,97.01,0.86,0.0725,1150.7393103448278,393.1,2.9273449767103226,0,107.10640389813356,0.7617418195162818
1061,96.48,97.94,0.82,0.073,1100.1479452054796,400.4,2.7476222407729263,0,86.7390139579822,0.7663059453210961
1062,372.89,260.35,0.77,0.0576,3480.373263888889,356.66,9.758238277039446,2,317.8339238596226,0.7222896573184105
1063,353.57,327.94,0.78,0.0169,15135.69230769231,190.86,79.30258989674269,3,318.7861116463125,0.13636210734979204
1064,72.04,72.5,0.77,0.0661,844.5537065052949,307.19,2.7492877584078093,0,64.95541649024307,0.7673114223007329
1065,114.7,97.58,0.88,0.0799,1074.7234042553193,57.29,18.759354237307022,0,120.74294066316625,0.7411356635669718
1066,160.83,129.87,0.86,0.0574,1945.7874564459933,44.5,43.725560819011086,0,122.87576596303123,0.7412961600750931
1067,358.63,398.14,0.8,0.0552,5770.144927536232,53.56,107.73235488305137,2,341.18513083011277,0.7174478193840303
1068,59.57,54.18,0.78,0.0737,573.4111261872457,191.31,2.9972877852033126,0,55.21010735610727,0.7744863621784731
1069,420.05,360.78,0.81,0.0642,4551.897196261682,383.57,11.867187726521058,2,360.296222935314,0.7345687871248897
1070,494.95,559.35,0.75,0.0683,6142.203513909225,348.72,17.61356823213244,2,468.1407630679396,0.7431613595080055
1071,116.34,102.63,0.76,0.0848,919.7971698113208,402.21,2.286858033891054,0,84.78357389413793,0.7440623140499758
1072,458.65,471.62,0.82,0.0264,14648.80303030303,372.94,39.27924875396319,3,417.73673151596597,0.12169697374029186
1073,58.35,55.84,0.78,0.0206,2114.330097087379,53.11,39.81039535092033,1,52.57119381839453,0.11321722422508045
1074,478.6,483.28,0.76,0.0567,6477.827160493826,304.15,21.298133028090835,2,454.3159088930472,0.6899900800528684
1075,107.79,90.93,0.86,0.0736,1062.4972826086957,194.71,5.4568192830809705,0,78.72174085417993,0.7367293583535635
1076,173.6,138.63,0.86,0.0136,8766.30882352941,304.48,28.791082578591073,1,155.19265977106667,0.12255223059205327
1077,55.99,60.2,0.87,0.0137,3822.9197080291974,184.14,20.760941175351352,1,70.22106208918271,0.13350879654529377
1078,92.86,97.96,0.82,0.028,2868.828571428571,363.03,7.902455916669618,1,102.5677552508242,0.12769739683480255
1079,60.61,58.64,0.83,0.0615,791.4016260162603,405.14,1.9534028385650892,0,72.410702160729,0.7757939391100958
1080,299.47,266.79,0.82,0.0215,10175.246511627907,402.26,25.295198408064206,1,251.755225138763,0.13411707439690776
1081,422.18,346.28,0.86,0.0877,3395.6761687571266,352.35,9.637224829734997,2,382.3893534169953,0.7531108297835964
1082,55.37,48.25,0.77,0.0861,431.50406504065046,426.4,1.0119701337726326,0,29.877340772899572,0.7871442934266281
1083,124.18,136.35,0.89,0.0614,1976.4087947882736,48.85,40.45872660774357,0,128.38263645707667,0.7180603306862061
1084,157.62,124.87,0.79,0.0219,4504.442922374429,308.23,14.6139017044883,1,144.7064085832772,0.11219449829414406
1085,244.76,202.08,0.81,0.0287,5703.303135888503,225.53,25.28844559876071,1,199.16715837961195,0.12627160642030216
1086,57.28,56.77,0.8,0.0614,739.6742671009773,51.62,14.329218657516028,0,50.126081514247716,0.776570182090357
1087,179.29,184.87,0.77,0.0932,1527.359442060086,56.34,27.109681257722503,0,180.98844347922602,0.7249116962887893
1088,334.67,230.21,0.89,0.0789,2596.792141951838,44.98,57.73215077705287,2,284.29082526238557,0.7594330041215676
1089,282.28,216.94,0.85,0.0981,1879.7043832823647,357.84,5.252918576130016,2,255.65340599466992,0.7397918838449473
1090,58.22,47.91,0.76,0.0142,2564.1971830985913,391.8,6.544658456096455,1,33.030853539489925,0.11159733881626571
1091,67.89,47.24,0.87,0.0762,539.3543307086615,196.45,2.7455043558598193,0,42.86866195905543,0.7639119704023873
1092,229.89,200.61,0.86,0.0949,1817.9620653319287,352.79,5.15309976283888,0,228.93716093951966,0.730904903148215
1093,185.7,188.58,0.79,0.0753,1978.4621513944223,411.41,4.808979245507942,0,184.23215607207834,0.7249925788764628
1094,394.82,336.78,0.87,0.0221,13257.855203619905,436.82,30.350842918410113,3,338.2846776442751,0.12273436550753652
1095,128.31,98.61,0.76,0.0513,1460.888888888889,180.89,8.076117468565919,0,114.07511824459074,0.722247360323899
1096,190.06,181.04,0.79,0.0795,1799.0138364779873,186.08,9.667959138424266,0,191.45916544606914,0.7287332838964379
1097,135.28,126.94,0.89,0.0128,8826.296875,444.22,19.869201915717436,1,140.36980933399337,0.15501230045406605
1098,73.24,68.16,0.83,0.0152,3721.8947368421045,178.36,20.867317430153086,1,84.43816545321795,0.14120088482282975
1099,189.06,158.53,0.75,0.0124,9588.508064516129,51.15,187.4586131870211,3,168.9653805176799,0.11954768401211883
1100,73.87,52.12,0.77,0.0633,634.003159557662,374.38,1.6934749707721086,0,48.43167082210016,0.7860930303573164
1101,370.99,361.95,0.81,0.0523,5605.726577437859,314.96,17.798217479800165,2,352.4076602490527,0.7121723566104399
1102,272.6,300.17,0.82,0.0244,10087.680327868851,51.66,195.27062190996617,3,264.47117391257416,0.12873263463135964
1103,112.5,104.73,0.83,0.0921,943.8208469055375,386.37,2.4427901930935048,0,122.01188083553306,0.739830438775391
1104,87.55,83.46,0.8,0.0852,783.6619718309859,51.47,15.22560660250604,0,98.10713157560335,0.7719761224676513
1105,178.94,133.37,0.84,0.0546,2051.846153846154,450.08,4.558847657852279,0,140.26376697369506,0.7391907341641665
1106,355.39,363.81,0.86,0.0252,12415.738095238095,426.89,29.084162419447857,3,319.01416006015813,0.14420729691048417
1107,147.94,125.21,0.76,0.0109,8730.238532110092,205.3,42.52429874383873,1,112.4548332839869,0.12276325352944768
1108,190.55,151.97,0.86,0.0558,2342.189964157706,390.61,5.996236563727774,0,171.97181282879313,0.7086192155715726
1109,335.54,294.92,0.76,0.0615,3644.5398373983744,354.47,10.281659484295918,2,283.1968781373736,0.7424567515226822
1110,171.48,129.58,0.83,0.0164,6558.012195121951,363.22,18.05520674831218,1,133.783688391849,0.11934912085845474
1111,140.75,125.1,0.75,0.0206,4554.611650485436,226.34,20.122875543365893,1,108.16164741122455,0.1050697433001019
1112,87.36,75.24,0.82,0.0636,970.075471698113,48.47,20.01393587163427,0,95.05259764326584,0.7642474557750641
1113,85.61,75.61,0.8,0.0648,933.4567901234568,322.03,2.898664068948411,0,96.51495760241339,0.7627576278205459
1114,327.33,316.69,0.77,0.026,9378.896153846154,371.08,25.274593494249633,2,312.70834127132264,0.14710579874724905
1115,482.42,432.68,0.9,0.0113,34461.2389380531,194.09,177.55288236412542,3,417.0278751667986,0.08925980156985718
1116,352.81,274.37,0.81,0.0979,2270.068437180797,439.14,5.169350178031601,2,318.548723067075,0.7305758528184656
1117,464.14,382.15,0.83,0.0758,4184.492084432717,398.94,10.48902613032716,2,401.93879376022073,0.7389739152266682
1118,161.29,163.08,0.84,0.0546,2508.9230769230767,445.3,5.634231028347354,0,162.289082897603,0.731907805618002
1119,51.22,51.11,0.87,0.021,2117.4142857142856,43.8,48.34279191128506,1,45.42313549149331,0.11017178211475506
1120,416.03,378.09,0.89,0.0947,3553.327349524815,229.49,15.483582506971175,2,377.0928601187252,0.7468085784639285
1121,94.33,72.02,0.85,0.0634,965.5678233438484,389.76,2.477339448234422,0,65.61973090510456,0.7747068095791768
1122,65.7,69.59,0.85,0.0251,2356.633466135458,44.88,52.509658336351556,1,78.23226906722883,0.1137744275913575
1123,462.72,370.08,0.8,0.0132,22429.09090909091,54.77,409.51416668049865,3,417.9641367615317,0.13947822847857655
1124,256.94,265.95,0.9,0.0152,15747.039473684208,364.07,43.25277961294314,3,250.87128129011322,0.11987130388227527
1125,127.33,103.13,0.89,0.0816,1124.8247549019607,225.92,4.9788631148280835,0,95.26151259621582,0.763345036275861
1126,193.73,209.48,0.86,0.0529,3405.534971644612,348.96,9.759098382750494,0,192.5466674555154,0.7232355823106263
1127,489.66,348.26,0.86,0.0511,5861.127201565559,331.48,17.68169181116676,2,423.0202477412386,0.681044243744955
1128,332.77,296.67,0.89,0.0927,2848.288025889968,50.41,56.50244050565301,2,300.86757822064953,0.742338975188557
1129,176.28,141.11,0.88,0.0106,11714.79245283019,427.75,27.38700748762172,1,158.255739963785,0.14398521296576167
1130,175.01,200.42,0.81,0.0146,11119.191780821919,45.7,243.30835406612513,3,177.82789997737956,0.11932627999144943
1131,185.44,169.19,0.78,0.0255,5175.2235294117645,216.26,23.930562884545292,1,146.78239725960418,0.11539482318735528
1132,438.04,492.16,0.9,0.0731,6059.425444596443,297.63,20.35892028557754,2,417.196905438163,0.7438297393072811
1133,59.03,53.02,0.85,0.0795,566.8805031446541,49.0,11.568989860094982,0,73.25538663752194,0.7831358337628278
1134,52.62,47.07,0.84,0.0847,466.80991735537197,221.61,2.1064478920417486,0,47.29617738864913,0.7701671713302128
1135,173.92,160.46,0.9,0.0749,1928.0907877169561,362.41,5.320192013788129,0,176.6270125405548,0.7508889758624605
1136,131.65,119.7,0.88,0.0912,1154.9999999999998,191.47,6.032276596855903,0,120.66804693347427,0.7540260261242625
1137,167.95,165.73,0.76,0.029,4343.268965517241,44.36,97.9095799259973,1,150.56297199641523,0.11833701767391604
1138,51.6,54.84,0.88,0.026,1856.123076923077,47.59,39.00237606478413,1,67.59925764315888,0.11147612296363876
1139,180.73,161.73,0.76,0.0719,1709.5243393602225,53.37,32.03155966573398,0,162.1208324144486,0.7137172386280839
1140,92.59,79.06,0.82,0.0274,2366.029197080292,196.02,12.070345868178205,1,82.1459294132733,0.1257266569838139
1141,170.92,146.09,0.83,0.0541,2241.3068391866914,194.2,11.541229861929411,0,153.06123474989914,0.7251766490146528
1142,276.3,306.83,0.86,0.0185,14263.448648648648,381.51,37.38682773360763,3,268.1288133157337,0.14100081130913492
1143,185.7,182.28,0.86,0.0937,1673.0074706510136,224.04,7.467449877928109,0,186.94338049819035,0.7398403878852846
1144,284.16,259.49,0.84,0.0247,8824.761133603239,311.31,28.34718169542655,1,275.7427274104581,0.1280633989042479
1145,196.14,152.82,0.76,0.0549,2115.5409836065573,194.3,10.888013296997206,0,157.7488077590223,0.7064860441294628
1146,108.53,104.98,0.9,0.0828,1141.0869565217392,331.64,3.4407398278909036,0,117.60424810596264,0.7436120387965857
1147,269.82,212.1,0.8,0.0835,2032.0958083832334,178.75,11.36836815878732,2,224.0957196132479,0.7321043737263052
1148,57.35,59.17,0.8,0.0891,531.2682379349047,424.65,1.2510732083713758,0,68.34950004165438,0.7758106168392287
1149,232.58,239.88,0.77,0.0526,3511.5513307984793,208.4,16.85005437043416,2,206.84749493529242,0.7336585649365636
1150,293.85,301.31,0.85,0.074,3460.9932432432433,52.79,65.56153141207129,2,284.60148547478224,0.7299867988759183
1151,92.4,68.47,0.83,0.0766,741.9073107049608,310.7,2.387857453186227,0,65.95221329975266,0.7833059821080697
1152,119.19,85.69,0.78,0.0131,5102.152671755724,322.13,15.838800086163117,1,87.71445230685404,0.10777765738637565
1153,90.91,78.73,0.75,0.0915,645.327868852459,55.47,11.633817718630954,0,82.86427289858486,0.7738686602195677
1154,190.87,174.59,0.85,0.0826,1796.6283292978205,352.79,5.092628275455144,0,190.0897797986859,0.7329249915568964
1155,130.81,127.16,0.88,0.0213,5253.55868544601,214.31,24.5138289647987,1,136.20007249534967,0.13298022339275575
1156,191.57,167.41,0.86,0.0187,7699.069518716577,219.07,35.144335229454406,1,155.08002563304615,0.11121451760731188
1157,65.42,62.8,0.81,0.0178,2857.752808988764,196.92,14.512252737095086,1,78.98489775137149,0.13932501929479604
1158,106.32,76.6,0.85,0.02,3255.5,405.08,8.036684111780389,1,75.97895674543516,0.1248607754777578
1159,89.69,86.47,0.81,0.0767,913.1773142112124,206.47,4.422808709309887,0,101.21988364478763,0.759543233637456
1160,170.55,116.72,0.78,0.0824,1104.8737864077668,223.88,4.935116072930886,0,134.01288666903247,0.7472235917289405
1161,72.96,51.39,0.82,0.0642,656.3831775700935,376.87,1.741670012391789,0,45.58993315475085,0.7830617317616512
1162,160.03,139.7,0.9,0.0204,6163.235294117646,44.35,138.96810133297961,1,145.35119041045658,0.08912664846240378
1163,411.71,420.02,0.79,0.0197,16843.441624365485,218.36,77.13611295276371,3,391.9240605611757,0.1321872513538167
1164,199.78,197.02,0.88,0.0606,2861.0165016501646,413.32,6.922037408424864,0,179.05371691502523,0.7460757392463472
1165,60.84,57.23,0.86,0.0234,2103.324786324786,382.5,5.498888330260879,1,73.63010105536888,0.13000038368339958
1166,114.3,122.42,0.88,0.0548,1965.8686131386862,42.85,45.877913958895824,0,122.00148098267455,0.6730693244267408
1167,268.58,251.3,0.76,0.0637,2998.241758241758,51.46,58.26353980259926,2,241.47756912458345,0.7476042189260858
1168,84.88,72.55,0.8,0.0221,2626.2443438914024,332.91,7.888751746392125,1,96.08482893293308,0.1210531000473177
1169,93.71,72.75,0.81,0.0809,728.3992583436342,196.54,3.7061120298343044,0,64.91981104731559,0.7865716413867371
1170,391.05,361.74,0.85,0.0728,4223.612637362637,181.42,23.28085457701817,2,353.1938767548602,0.7577384588987357
1171,154.78,137.06,0.8,0.0544,2015.5882352941178,398.47,5.058318657098696,0,138.26018938617082,0.7368984959078355
1172,359.75,316.27,0.87,0.065,4233.152307692308,457.75,9.247738520354577,2,323.1406490026259,0.7017604078592389
1173,244.72,262.13,0.87,0.0836,2727.907894736842,43.89,62.15328992337302,2,240.34029940709672,0.7328486362483829
1174,79.42,64.17,0.76,0.0614,794.2866449511401,333.38,2.382526381160058,0,71.4037665407003,0.7622884767706156
1175,76.69,67.34,0.79,0.0275,1934.494545454546,359.41,5.382417143247394,1,50.177735082265826,0.12245838403526839
1176,68.55,53.15,0.83,0.0235,1877.2127659574467,353.41,5.311713777078879,1,43.62645244814223,0.11448920961086621
1177,290.4,274.94,0.75,0.0612,3369.3627450980393,398.02,8.465310147977588,2,280.5168008424741,0.7200356401766925
1178,72.97,82.22,0.82,0.0253,2664.8379446640315,315.86,8.436769279630315,1,86.07657314088019,0.13023086097858347
1179,82.32,64.49,0.75,0.0982,492.540733197556,50.74,9.707148860811115,0,74.56795682645843,0.7771274913738704
1180,126.78,105.71,0.78,0.023,3584.947826086957,179.12,20.014224129560947,1,93.13767929001904,0.10969978521937687
1181,120.18,124.22,0.76,0.0297,3178.6936026936028,46.09,68.96709921227169,1,107.45606230391039,0.10392829066162479
1182,125.54,106.22,0.76,0.0998,808.8897795591182,54.71,14.785044407953174,0,94.05705091805497,0.7266218611117539
1183,141.61,123.22,0.81,0.0171,5836.736842105263,50.38,115.85424458327239,1,108.96110917380582,0.099752499631955
1184,87.47,72.79,0.77,0.0895,626.2379888268157,358.63,1.7461952118529285,0,80.21930019763703,0.7665544039516743
1185,59.76,65.75,0.84,0.0532,1038.157894736842,43.14,24.064856159871166,0,72.35956026867089,0.7650144290345344
1186,335.31,240.02,0.77,0.0149,12403.71812080537,418.21,29.659066308326846,3,282.0712740001702,0.1279879916868033
1187,71.97,81.82,0.77,0.0829,759.9686369119421,56.64,13.417525369208017,0,84.79738041264483,0.7831277548003744
1188,102.84,112.87,0.82,0.0725,1276.5986206896553,321.33,3.9728584965289744,0,111.57356739058498,0.7522983869285507
1189,230.71,226.78,0.76,0.0873,1974.2588774341352,419.08,4.710935567037643,0,226.02256978813404,0.7288182260571615
1190,74.43,66.22,0.9,0.0288,2069.375,54.26,38.138131220051605,1,67.0370870148407,0.10623990953192625
1191,82.02,63.21,0.76,0.0159,3021.3584905660377,54.04,55.90966858930492,1,73.06954954606032,0.11629410281656483
1192,100.04,83.57,0.76,0.0196,3240.469387755102,447.5,7.241272374871737,1,88.64899582006515,0.14703636625850822
1193,492.99,441.83,0.89,0.0808,4866.691831683169,313.95,15.501486961883003,2,447.79738194854514,0.7573650637389071
1194,121.46,116.94,0.83,0.0582,1667.7010309278348,326.25,5.111727297863095,0,127.64145734092253,0.7489426509034273
1195,465.08,435.21,0.87,0.0269,14075.565055762081,225.14,62.519166100035896,3,439.32819943235523,0.13057057023326338
1196,97.92,94.17,0.87,0.0135,6068.7333333333345,354.73,17.108035219274758,1,88.11545081413742,0.12440888947634875
1197,85.4,68.37,0.86,0.0143,4111.762237762238,50.09,82.0874872781441,1,74.79440791048937,0.11544139322320221
1198,78.52,59.0,0.83,0.0275,1780.7272727272727,208.18,8.553786495951929,1,52.09178697208942,0.11316010829843197
1199,154.8,166.03,0.88,0.0597,2447.3433835845894,222.79,10.984978605792852,0,158.0691859748438,0.7363750542454998
1200,85.65,70.88,0.85,0.0769,783.4590377113134,352.54,2.222326651475899,0,58.37238586589689,0.7807294014060767
1201,49.55,56.36,0.81,0.0574,795.3240418118468,329.59,2.413070911774771,0,63.410818854549134,0.7073058957859282
1202,333.58,335.01,0.84,0.0706,3985.9546742209627,211.74,18.824759961372262,2,298.85824213747435,0.7481838237004808
1203,68.38,70.19,0.82,0.0113,5093.433628318584,409.6,12.435140694137168,1,81.70014887367672,0.13659235757672472
1204,179.5,123.05,0.8,0.013,7572.3076923076915,52.93,143.06268075397114,1,143.3228741111331,0.10512135271737617
1205,88.43,69.47,0.77,0.0717,746.0516039051604,175.32,4.255370772901896,0,59.43050715787567,0.7637603586779158
1206,428.98,484.72,0.85,0.0818,5036.82151589242,217.14,23.196193773106845,2,408.95008270336973,0.7635582630572335
1207,173.72,141.97,0.84,0.0681,1751.171806167401,47.52,36.85125854729379,0,137.0940550261096,0.743318549083977
1208,157.65,142.65,0.79,0.0152,7414.046052631579,391.56,18.93463595012662,1,141.07721821470057,0.1295572254374971
1209,73.05,72.13,0.82,0.054,1095.3074074074073,53.42,20.503695383890065,0,83.1541998116841,0.7522000381288524
1210,49.35,44.3,0.84,0.0876,424.7945205479452,366.48,1.1591206083495558,0,63.97425374251016,0.7669503956654641
1211,127.22,94.05,0.89,0.0636,1316.1084905660375,215.56,6.1055320586659745,0,94.73554772439971,0.7464498497142759
1212,73.38,51.0,0.89,0.0766,592.5587467362925,340.67,1.7393922175016658,0,47.04305096949966,0.7806977714031456
1213,172.24,156.95,0.83,0.011,11842.59090909091,48.78,242.77554139177755,3,136.10010994985163,0.10882596301377671
1214,196.96,206.07,0.78,0.0732,2195.8278688524592,228.32,9.617325984812803,0,197.25304150136714,0.7263991937599132
1215,56.56,41.87,0.88,0.0762,483.5380577427821,176.89,2.73355225135837,0,31.861310740574538,0.760588910456251
1216,411.35,425.28,0.78,0.0186,17834.32258064516,312.3,57.10638034148305,3,392.8606799110074,0.1252517693657647
1217,185.2,154.87,0.83,0.0756,1700.292328042328,382.17,4.44904709433584,0,146.588891985872,0.7589439333069472
1218,348.18,309.64,0.83,0.0251,10239.091633466134,299.38,34.200987485690874,2,295.87174878752194,0.11280836824183198
1219,122.88,125.1,0.86,0.0776,1386.4175257731958,175.65,7.893068749064593,0,128.62262054410687,0.7518449003344397
1220,230.64,202.34,0.81,0.0293,5593.699658703073,45.56,122.77655089339491,1,188.29358928682882,0.10987091711620868
1221,64.62,62.6,0.89,0.0579,962.2452504317788,370.57,2.5966625750378576,0,77.87412335000505,0.7512339719622331
1222,307.93,229.86,0.9,0.0601,3442.16306156406,181.05,19.012223482817234,2,259.4828000164459,0.7195826113170414
1223,160.53,159.95,0.77,0.0164,7509.847560975609,458.61,16.375237262544665,1,143.4297778034812,0.12622844964657204
1224,162.47,167.27,0.85,0.0843,1686.5895610913408,351.16,4.802909104372197,0,146.73845350738455,0.7283366632503264
1225,106.94,122.13,0.8,0.0959,1018.8112617309698,176.64,5.767726798748697,0,115.75132638095185,0.7508973588683797
1226,394.5,377.67,0.82,0.0167,18544.275449101795,180.43,102.77822673115222,3,376.33200444130773,0.13947145107420822
1227,70.01,60.13,0.82,0.023,2143.7652173913043,414.51,5.171805788500409,1,63.26247617176887,0.12562929241094647
1228,452.12,376.25,0.77,0.0165,17558.333333333336,369.56,47.511455063679335,3,389.4766171189085,0.10832550646294718
1229,81.76,90.03,0.79,0.0239,2975.8870292887027,200.76,14.823107338556998,1,92.5700029966603,0.1352798454604642
1230,427.95,447.61,0.89,0.0253,15745.96442687747,380.29,41.40514982481125,3,406.7489261774896,0.11566700528165709
1231,92.71,75.51,0.77,0.073,796.4753424657536,443.75,1.7948740111904304,0,62.87480751357447,0.7681334782334942
1232,179.24,140.06,0.76,0.0284,3748.0845070422533,186.8,20.064692221853605,1,144.09057232938522,0.11224495484263398
1233,446.81,390.14,0.75,0.0245,11943.061224489797,188.29,63.42907867911093,3,385.30948938679484,0.09271151473172115
1234,333.95,266.31,0.76,0.0523,3869.8967495219886,51.01,75.86545284301096,2,299.7267303570268,0.726024718721673
1235,63.86,54.62,0.84,0.0939,488.6134185303514,222.64,2.1946344705818874,0,38.444760618011145,0.7841758035956562
1236,386.85,426.09,0.79,0.0634,5309.32334384858,434.7,12.213764306069889,2,368.69473462613286,0.7304053220369542
1237,78.95,84.58,0.83,0.0934,751.6209850107066,347.76,2.1613209828925313,0,89.36592279720152,0.778166407433212
1238,328.13,289.52,0.87,0.0279,9028.043010752688,196.6,45.92086984106149,2,296.75126278571076,0.1376035711747297
1239,84.13,67.55,0.77,0.0744,699.1061827956989,209.13,3.342926327144355,0,57.38420046193596,0.7796453139690125
1240,74.31,57.79,0.88,0.052,977.9846153846153,360.93,2.709624069444533,0,48.066842177847946,0.7827943853219473
1241,71.52,71.13,0.78,0.0156,3556.5,45.6,77.99342105263158,1,82.49801520210539,0.11943744723123233
1242,103.95,91.74,0.79,0.0719,1007.991655076495,366.22,2.752421099548072,0,73.35086624785583,0.7291998669594048
1243,68.85,64.4,0.87,0.094,596.0425531914894,357.85,1.6656212189227033,0,81.95347607881178,0.7690667845277411
1244,198.28,223.82,0.77,0.0865,1992.38612716763,55.73,35.750693112643646,0,196.9068106674542,0.7380113906487921
1245,64.47,68.69,0.89,0.0273,2239.344322344322,340.25,6.581467516074421,1,77.72005041961575,0.11987258651609181
1246,79.19,66.07,0.85,0.0233,2410.2789699570812,307.19,7.846215599326414,1,71.78904816885739,0.12672375144815815
1247,131.11,148.48,0.85,0.0172,7337.67441860465,51.4,142.75631164600486,1,136.76678465402426,0.11272586200626984
1248,110.57,98.37,0.86,0.0951,889.5709779179812,304.48,2.921607258007032,0,83.68372017162402,0.747202125144781
1249,83.74,65.96,0.76,0.0955,524.917277486911,218.48,2.4025873191455096,0,57.5464379924027,0.7529958434926362
1250,52.37,55.39,0.81,0.0155,2894.5741935483875,47.09,61.468978414703486,1,65.4736078583471,0.10888033240152226
1251,137.42,121.73,0.89,0.0659,1644.001517450683,358.63,4.584115989880051,0,105.64292543613104,0.7539551503582439
1252,75.29,60.99,0.81,0.0945,522.7714285714286,333.82,1.5660278850021827,0,69.79243800499772,0.7874197382051691
1253,162.69,125.7,0.87,0.0551,1984.7368421052633,220.83,8.98762324912948,0,126.32510150523824,0.7453705766829201
1254,144.4,128.83,0.82,0.0753,1402.9296148738379,227.84,6.157521132697673,0,149.52657345458994,0.7625303462572498
1255,191.56,137.62,0.75,0.0192,5375.78125,187.35,28.693788364024552,1,154.51578638992464,0.10777346975926362
1256,136.48,121.91,0.84,0.0297,3447.9595959595954,374.61,9.204131219026708,1,104.7330287668608,0.11785017483441891
1257,97.54,88.88,0.77,0.0771,887.6472114137484,53.93,16.459247383900397,0,88.7022482862697,0.7618021962597312
1258,181.68,165.04,0.76,0.0635,1975.2818897637794,57.0,34.654068241469815,0,182.1279541763767,0.7201268686001063
1259,240.76,172.41,0.87,0.0891,1683.4646464646466,53.52,31.45487007594631,0,197.31173408288564,0.7484964022627064
1260,145.14,112.46,0.76,0.0772,1107.1191709844559,321.41,3.444569773760791,0,113.81520707016017,0.7575800698678853
1261,305.04,271.12,0.77,0.0125,16700.992000000002,217.65,76.73325063174822,3,253.0841452221071,0.13227101588320914
1262,113.88,91.46,0.76,0.0198,3510.5858585858577,188.15,18.658441980259674,1,82.42145172077996,0.11095310444419246
1263,175.18,144.59,0.89,0.0863,1491.1367323290847,223.67,6.666681863142508,0,140.7607496087645,0.7324011734061253
1264,428.36,389.57,0.78,0.0927,3277.935275080906,49.09,66.77399215891029,2,369.976847893245,0.7640769117481402
1265,292.57,230.43,0.83,0.0285,6710.76842105263,342.29,19.605505334811504,1,244.56119194842017,0.11865212129513379
1266,460.61,369.09,0.79,0.0902,3232.6064301552105,186.73,17.311660848043758,2,417.22613415122237,0.7687751545278497
1267,496.16,470.23,0.87,0.0507,8069.035502958579,214.27,37.65826061958547,2,447.71550708760003,0.6801654306701742
1268,49.28,54.04,0.87,0.024,1958.9499999999998,352.53,5.556832042663036,1,63.16444477045083,0.12119364680915826
1269,139.75,107.83,0.8,0.0816,1057.1568627450981,51.16,20.663738521209893,0,125.29509906728856,0.7546198047058637
1270,355.77,279.55,0.83,0.0241,9627.655601659751,173.01,55.647971803131334,3,322.7211175814125,0.12961624099898367
1271,262.33,220.59,0.87,0.0181,10602.944751381214,392.64,27.00423989247457,1,237.2003976633575,0.13988745575228922
1272,76.45,78.69,0.84,0.0824,802.1796116504853,354.75,2.2612533097969987,0,69.13143450349546,0.7712279129622851
1273,144.39,113.26,0.85,0.0857,1123.3488914819136,438.7,2.560631163624148,0,129.8655304534186,0.7334061726897549
1274,234.99,203.52,0.79,0.0642,2504.3738317757015,178.03,14.067145041710395,0,192.27450148846395,0.7626032812878227
1275,64.88,47.06,0.87,0.0219,1869.5068493150684,391.55,4.774631207547103,1,38.83412885480007,0.10996924404338163
1276,123.68,108.2,0.89,0.0126,7642.698412698413,203.9,37.48258171995298,1,131.4804259918285,0.12796979769905717
1277,70.12,60.79,0.89,0.0844,641.031990521327,349.35,1.8349276957816716,0,64.44444383662955,0.7591377346614457
1278,200.31,148.43,0.88,0.0639,2044.1064162754305,355.55,5.749139126073493,0,159.16920795850834,0.7519353266716762
1279,54.27,45.17,0.9,0.0749,542.7636849132177,193.11,2.810645149983003,0,27.667922348474974,0.7691284031160096
1280,162.44,124.88,0.76,0.0183,5186.273224043716,219.33,23.645981963451035,1,127.10970635413082,0.11387263202066243
1281,92.49,92.73,0.78,0.0222,3258.0810810810813,46.93,69.42427191734672,1,83.88755797726304,0.12229976683478368
1282,293.69,309.74,0.82,0.0543,4677.473296500921,172.58,27.10321761792166,2,282.83835683290545,0.7111322255693322
1283,150.59,132.6,0.75,0.0669,1486.5470852017936,342.32,4.342565684744665,0,115.42383928584815,0.7677737383052168
1284,85.81,77.95,0.84,0.0732,894.5081967213114,227.81,3.926553692644359,0,78.24746558334537,0.7655997318454578
1285,431.2,315.96,0.77,0.0215,11315.776744186047,174.58,64.81714253743868,3,370.5523981182165,0.1185251851359712
1286,62.28,59.32,0.86,0.0821,621.3788063337392,51.06,12.169581009278089,0,76.38320387877954,0.7753658294163941
1287,97.71,82.29,0.83,0.0221,3090.529411764706,187.47,16.485461203204277,1,67.48135867972408,0.10469496732359197
1288,412.04,380.72,0.82,0.0195,16009.764102564104,346.94,46.145627781645544,3,392.8218216962363,0.1253124721169281
1289,163.46,141.19,0.78,0.057,1932.0736842105262,362.85,5.324717332811151,0,146.46002388281028,0.7268828307352613
1290,493.5,354.99,0.85,0.0289,10440.882352941177,332.92,31.361535362673244,2,429.812682760164,0.10385804140929722
1291,83.5,67.2,0.75,0.019,2652.631578947369,311.6,8.512938314978719,1,75.02342885970717,0.11219947308003501
1292,305.28,289.56,0.76,0.0903,2437.0498338870434,345.76,7.048385683384554,2,277.1083622771395,0.7328434004679417
1293,155.09,137.3,0.78,0.0922,1161.5401301518439,400.53,2.900007815024702,0,141.35117873901493,0.728497503126219
1294,109.89,87.87,0.81,0.0205,3471.9365853658537,366.29,9.478655123988789,1,79.62264843445747,0.1271602065561117
1295,220.92,169.78,0.75,0.0246,5176.219512195122,382.6,13.529063021942294,1,196.02676761122154,0.14828435692797443
1296,195.71,216.51,0.87,0.0616,3057.8522727272725,394.99,7.741594148528501,0,195.31346455433967,0.7199484328194581
1297,176.16,163.45,0.88,0.0175,8219.199999999999,406.24,20.232374950768016,1,156.66721534795738,0.14734771586485781
1298,131.17,118.57,0.87,0.0623,1655.7929373996787,48.54,34.11192701688667,0,116.95059299335395,0.7340056112447965
1299,56.69,51.06,0.9,0.0881,521.6118047673099,192.3,2.7124898843853864,0,32.49319063130443,0.7516051375011693
1300,484.28,361.34,0.84,0.0177,17148.338983050842,204.43,83.88367158954577,3,419.49570753659975,0.11550504852031378
1301,186.74,149.66,0.78,0.0518,2253.5675675675675,315.9,7.133800467133801,0,148.68102454560142,0.7330654968578565
1302,84.96,66.49,0.8,0.0129,4123.410852713178,342.66,12.033534269284942,1,57.139263352060865,0.10733069337785524
1303,341.9,277.17,0.78,0.0648,3336.305555555556,359.85,9.271378506476465,2,289.246793352647,0.7356398551968013
1304,193.08,190.76,0.76,0.011,13179.78181818182,373.81,35.25797014039705,1,193.87512164082878,0.12947610628679582
1305,186.59,128.91,0.79,0.0178,5721.286516853933,405.6,14.105735988298651,1,149.12416405469753,0.12272643373533056
1306,135.22,154.41,0.78,0.0652,1847.2361963190187,367.65,5.024442258449664,0,141.19017211746788,0.712242865922696
1307,172.17,134.26,0.86,0.0279,4138.4802867383505,54.77,75.56107881574493,1,136.9121351056042,0.11826338276217511
1308,67.55,62.14,0.81,0.0881,571.3212258796823,202.55,2.8206429320152173,0,41.63049187263124,0.7694877408234523
1309,362.35,279.22,0.79,0.0634,3479.2397476340698,207.71,16.750468189466417,2,326.946123425875,0.7240670010002884
1310,413.33,420.78,0.87,0.0134,27319.29850746269,399.6,68.36661288153826,3,393.19938620531445,0.1338379039989531
1311,337.51,299.24,0.77,0.0169,13634.01183431953,42.96,317.36526616200024,3,322.69133772963653,0.12992963113015554
1312,132.56,146.74,0.86,0.0212,5952.660377358491,453.65,13.121702584279712,1,137.7075411009443,0.14638768978198022
1313,351.0,270.04,0.87,0.0899,2613.290322580646,413.91,6.313668001692749,2,317.64587024474963,0.7387021327169019
1314,349.33,318.78,0.9,0.0752,3815.186170212766,372.94,10.230026734093329,2,315.8281668933972,0.7537164100843003
1315,154.27,137.46,0.87,0.0225,5315.12,330.74,16.070387615649754,1,118.82649907105969,0.10412827461123746
1316,292.86,239.33,0.87,0.0102,20413.441176470587,368.27,55.43063832641972,3,244.56735865664837,0.13000117010647616
1317,138.07,131.98,0.84,0.0866,1280.1755196304848,194.27,6.589671692132006,0,144.45707492727797,0.7428389379257452
1318,142.28,119.89,0.76,0.0691,1318.6164978292331,400.62,3.2914395133274255,0,108.10849019571594,0.743102359505696
1319,258.7,224.67,0.84,0.0165,11437.745454545453,226.48,50.50223178446421,1,213.72730209605385,0.1196264960394162
1320,150.87,132.91,0.83,0.0211,5228.21327014218,362.78,14.411525635763217,1,155.08984505937138,0.13612791327954468
1321,68.88,56.85,0.83,0.0226,2087.853982300885,202.98,10.286008386544907,1,42.754173787247964,0.11670361500668924
1322,222.09,250.44,0.76,0.0848,2244.509433962264,345.59,6.494717538014018,2,219.72542782773573,0.7197809873866432
1323,49.76,38.29,0.83,0.0836,380.1519138755981,51.25,7.417598319523865,0,26.15867883477796,0.7815355822838264
1324,57.7,40.7,0.77,0.0247,1268.7854251012147,55.74,22.762565932924556,1,32.946441896356674,0.10215679920447403
1325,167.01,142.73,0.84,0.0725,1653.6993103448276,56.86,29.083702257207662,0,171.53766579694113,0.7348107599804753
1326,172.94,177.92,0.77,0.0717,1910.7168758716875,175.56,10.883554772566002,0,155.56704837031174,0.734952575391091
1327,276.61,277.67,0.82,0.0146,15595.164383561645,50.7,307.5969306422415,3,265.9706638684234,0.12994589918765143
1328,53.57,58.69,0.76,0.0106,4207.962264150943,382.72,10.99488467848804,1,66.55786657210693,0.14050857803644662
1329,105.25,102.87,0.78,0.0797,1006.7578419071519,336.58,2.991139823837281,0,113.79216256130093,0.7311010381129919
1330,445.9,333.53,0.87,0.0757,3833.171730515191,46.3,82.78988618823307,2,384.9740604843497,0.7431170670572287
1331,136.11,124.11,0.87,0.0933,1157.2958199356915,56.23,20.581465764461882,0,143.21205641515039,0.7472829060665918
1332,335.3,372.89,0.85,0.02,15847.825,404.2,39.20787976249382,3,321.50186781674046,0.13250114355962153
1333,181.47,177.29,0.84,0.0795,1873.252830188679,48.61,38.53636762371279,0,163.5162647362244,0.7253993282305905
1334,283.31,220.51,0.85,0.058,3231.6120689655168,44.91,71.95751656569844,2,235.8635240010001,0.7271285764900877
1335,86.34,75.58,0.85,0.0645,996.0155038759689,377.18,2.640690131703613,0,57.89119329632784,0.7777586782597682
1336,275.46,263.38,0.87,0.0162,14144.481481481484,224.83,62.911895572127754,3,267.1289033474479,0.13784437667999605
1337,136.35,138.95,0.88,0.0696,1756.8390804597702,203.2,8.645861616435878,0,122.98247954225253,0.7439880211119978
1338,178.45,157.23,0.88,0.0188,7359.702127659573,51.66,142.46423011342574,1,141.51609165531647,0.10173498572177342
1339,85.1,67.86,0.81,0.0273,2013.4285714285713,403.83,4.985832086344678,1,55.48222647248505,0.132349677106152
1340,107.36,104.6,0.86,0.0124,7254.516129032257,208.08,34.86407213106621,1,116.03873836119972,0.13031721520823314
1341,272.61,201.32,0.79,0.0875,1817.632,51.08,35.584025058731406,2,227.48352473068388,0.7635909269231849
1342,70.45,59.39,0.81,0.0141,3411.765957446809,47.41,71.96300268818412,1,43.766840691980065,0.09251004019736425
1343,75.63,80.09,0.82,0.0188,3493.287234042553,457.65,7.633097856533493,1,88.25079026968523,0.12053269925459092
1344,188.57,163.21,0.89,0.0222,6543.103603603603,442.88,14.773987544263916,1,150.44598901735503,0.13852096530422578
1345,80.42,67.02,0.75,0.0207,2428.2608695652175,55.04,44.11811172901921,1,72.05356522380764,0.12089964329729488
1346,237.22,232.17,0.82,0.0927,2053.715210355987,445.91,4.6056720198156285,0,213.52750986545925,0.7367926188480258
1347,163.78,165.17,0.78,0.0939,1372.0191693290733,48.34,28.382688649753273,0,147.80179284720847,0.7198601312095784
1348,98.09,84.98,0.87,0.0999,740.0660660660661,407.09,1.8179421407208878,0,89.04781330900683,0.7767409392764971
1349,171.92,146.06,0.81,0.0523,2262.1147227533465,381.99,5.9219213140483955,0,134.20362840315218,0.7225458871588397
1350,165.17,158.89,0.84,0.0552,2417.8913043478256,172.92,13.982716310130845,0,167.657269575975,0.7266296531116635
1351,75.05,73.68,0.83,0.0836,731.5119617224881,207.23,3.5299520422838784,0,69.02964075552266,0.7921756091069503
1352,66.35,64.19,0.89,0.0219,2608.634703196347,418.5,6.233296781831175,1,59.00455620041936,0.13777972232631558
1353,174.83,153.33,0.86,0.0794,1660.7531486146095,181.12,9.169352631485255,0,160.4361220720992,0.7417318029226568
1354,189.78,137.61,0.76,0.0177,5908.677966101695,438.62,13.471063713696811,1,150.4519844688823,0.13531693039820467
1355,168.24,140.11,0.86,0.0764,1577.1544502617803,384.22,4.10482132700479,0,133.25120162081342,0.7467512306922456
1356,377.59,295.29,0.87,0.0192,13380.328125000002,458.0,29.214690229257645,3,341.3761444348224,0.15575075216233475
1357,70.62,69.86,0.79,0.0944,584.6334745762713,219.46,2.6639637044394027,0,82.6253447800955,0.780514972373675
1358,141.9,142.58,0.8,0.0299,3814.84949832776,219.52,17.37814093625984,1,127.36904839134567,0.1311317900575084
1359,52.36,48.16,0.8,0.0261,1476.1685823754788,387.59,3.8085827353014237,1,26.979413781873973,0.09479564754658844
1360,290.21,258.0,0.75,0.0892,2169.282511210762,407.94,5.3176509075127765,2,280.16873444063805,0.7273383056337238
1361,100.71,96.24,0.8,0.0756,1018.4126984126985,42.58,23.917630305605886,0,89.75130798556785,0.7602062011927819
1362,138.06,143.79,0.86,0.0128,9660.890625,51.18,188.7630055685815,1,142.6337943033366,0.13397931534927982
1363,477.74,395.78,0.84,0.0722,4604.642659279778,199.65,23.06357455186465,2,412.9049862522363,0.7650991205606904
1364,158.32,143.72,0.87,0.0932,1341.5922746781114,309.06,4.340879682515083,0,125.47885266405746,0.7667857765346242
1365,406.27,371.26,0.76,0.0874,3228.3478260869565,54.65,59.07315326783086,2,349.3989798852303,0.7600670168169603
1366,144.52,113.98,0.89,0.0843,1203.3475682087783,343.0,3.508301948130549,0,111.38238614705506,0.746672247389418
1367,167.57,152.44,0.82,0.0577,2166.391681109185,51.09,42.403438659408586,0,150.08155021799396,0.7344050560779017
1368,173.06,119.84,0.75,0.0542,1658.3025830258302,361.22,4.590838223314961,0,134.92020375875268,0.7314015380631921
1369,158.68,181.35,0.85,0.09,1712.7499999999998,223.07,7.6780831129241935,0,162.28719430853536,0.7560653533459726
1370,93.87,77.42,0.84,0.0255,2550.3058823529414,355.35,7.176884430428989,1,65.4210552236294,0.12050895554087497
1371,82.47,83.98,0.76,0.0536,1190.761194029851,182.65,6.5193604929091205,0,73.15516243739134,0.7466815387010256
1372,193.24,138.23,0.9,0.0294,4231.530612244898,343.67,12.312772753644188,1,156.5594647676708,0.097235005584162
1373,162.06,149.05,0.77,0.0678,1692.7507374631273,210.44,8.0438639871846,0,164.078087459644,0.7412516931351754
1374,432.04,431.37,0.77,0.0742,4476.481132075472,188.15,23.79208680348377,2,390.8446280481544,0.7399559350506028
1375,72.92,65.74,0.77,0.0155,3265.7935483870965,199.27,16.388786813805872,1,65.63454454477366,0.12951134316119642
1376,317.71,220.39,0.81,0.0863,2068.550405561993,408.91,5.05869361366069,2,267.61742910819305,0.7403147337273147
1377,212.49,187.34,0.9,0.0174,9690.0,45.43,213.29517939687432,3,170.90256369224778,0.08874120129726826
1378,366.87,363.69,0.8,0.0181,16074.696132596682,331.96,48.42359360343621,3,331.3600633430366,0.13514221939489585
1379,189.33,214.97,0.78,0.079,2122.4886075949366,199.38,10.64544391410842,0,189.65650128050999,0.7325408146905668
1380,478.7,501.92,0.77,0.0593,6517.342327150084,46.68,139.61744488324945,2,452.46008212014505,0.7337937410384079
1381,189.32,193.67,0.83,0.0893,1800.0683090705484,185.17,9.72116600459334,0,190.80978611298,0.7186915756993748
1382,85.47,93.06,0.78,0.0144,5040.750000000001,320.41,15.732186885552887,1,95.60867055867723,0.1264637267387017
1383,80.17,78.49,0.84,0.013,5071.661538461537,345.62,14.674097385746013,1,73.081225690141,0.11931983185342529
1384,122.71,84.62,0.79,0.0619,1079.9644588045237,56.13,19.240414373855756,0,89.82717016299421,0.7536284297171484
1385,84.12,67.04,0.81,0.1,543.0240000000001,54.04,10.04855662472243,0,57.60603966427631,0.7731183686683597
1386,82.72,67.85,0.8,0.0808,671.7821782178219,449.27,1.4952749531858835,0,74.24693503390425,0.7750797613442351
1387,154.12,169.8,0.77,0.0725,1803.3931034482762,322.44,5.592957150007059,0,157.9005898087868,0.7285728702765291
1388,79.42,57.31,0.81,0.0178,2607.926966292135,53.76,48.51054624799359,1,51.40538359889588,0.1123246740757357
1389,166.74,183.5,0.89,0.0659,2478.224582701062,53.74,46.11508341460852,0,168.55032130865482,0.7202937060230572
1390,60.72,45.55,0.8,0.0521,699.4241842610364,52.06,13.434963201326093,0,34.490183026690744,0.7759655970592385
1391,128.57,131.24,0.88,0.0155,7451.0451612903225,46.72,159.48298718515247,1,113.88556090207294,0.10136958498811682
1392,84.31,66.15,0.87,0.0571,1007.8896672504379,330.38,3.050698187694285,0,56.438900397927696,0.7821785031283128
1393,95.77,97.28,0.76,0.0581,1272.5094664371773,205.71,6.185938780016417,0,85.24050662081105,0.7523261465819457
1394,94.66,69.97,0.82,0.025,2295.016,215.23,10.663086001022164,1,64.2719041014499,0.125202145093969
1395,54.74,37.95,0.75,0.0832,342.09735576923083,340.68,1.004160372693527,0,28.009129993960272,0.7806441909671136
1396,287.52,202.9,0.82,0.0288,5777.013888888889,360.9,16.00724269572981,1,239.71903110035146,0.13118124593601968
1397,85.75,75.9,0.85,0.0127,5079.92125984252,214.03,23.734622528816146,1,95.80454612020526,0.14062317033138239
1398,153.67,132.71,0.78,0.0791,1308.6447534766119,352.7,3.710362215697794,0,158.82552033688918,0.7150781807081159
1399,322.26,274.96,0.75,0.026,7931.53846153846,44.07,179.97591244698117,3,291.66169034195593,0.11939014406103002
1400,493.17,452.67,0.88,0.024,16597.899999999998,414.03,40.088640919740115,3,466.30514869746486,0.12796629258395809
1401,423.45,391.21,0.81,0.0106,29894.349056603776,54.23,551.2511351024116,3,401.2838645980804,0.12729682396451464
1402,214.83,212.12,0.78,0.0151,10957.192052980134,204.66,53.538512914004365,1,211.10393577571304,0.13771060057260803
1403,52.82,40.36,0.8,0.0166,1945.0602409638554,319.45,6.088778340785273,1,28.707373957816543,0.10125160145181239
1404,190.29,139.5,0.81,0.0265,4263.962264150944,386.15,11.042243335882285,1,153.84713064211735,0.12205269878475347
1405,204.03,230.58,0.85,0.0516,3798.3139534883717,397.07,9.565854769910525,0,200.59230830597267,0.7238783475361302
1406,196.12,221.31,0.88,0.062,3141.1741935483874,200.74,15.647973465918039,0,196.9925991324151,0.719942284815676
1407,222.04,163.32,0.85,0.0109,12735.963302752294,47.29,269.3162043297165,3,179.12299614765118,0.10840503265175615
1408,109.59,110.63,0.83,0.0608,1510.2450657894733,374.56,4.032051115414014,0,116.2029139908083,0.7406264456866519
1409,114.63,92.9,0.88,0.0616,1327.142857142857,200.15,6.6307412297919415,0,102.16945429280237,0.7408838769002961
1410,90.82,82.12,0.89,0.0226,3233.9292035398234,48.55,66.61028225622705,1,60.79393152658565,0.10351129317016314
1411,88.05,75.33,0.87,0.0916,715.4705240174673,354.23,2.0197908816798895,0,62.48163287816345,0.7866053877286532
1412,94.75,94.08,0.82,0.0654,1179.596330275229,357.67,3.2980018740046106,0,85.45589694847186,0.7666547264285097
1413,99.64,105.52,0.8,0.0605,1395.305785123967,221.43,6.301340311267521,0,108.29705921516972,0.7572247044615773
1414,69.01,51.33,0.9,0.0802,576.0224438902744,209.57,2.7485920880387193,0,44.450359850055236,0.7128026385853558
1415,58.9,54.96,0.78,0.0773,554.5769728331178,390.06,1.4217735036484587,0,53.076449176036476,0.7666647137041751
1416,426.18,409.36,0.85,0.0902,3857.6053215077604,173.14,22.28026638274091,2,387.6174023788675,0.7434364507128457
1417,206.11,233.83,0.8,0.064,2922.8750000000005,46.67,62.628562245553894,0,203.80514311754223,0.7335130166272981
1418,210.82,179.81,0.88,0.0289,5475.18339100346,433.79,12.621737225393531,1,207.24419404241496,0.14939428697780438
1419,157.84,160.98,0.75,0.0768,1572.0703124999998,50.99,30.830953373210427,0,160.62981558322318,0.7392739870732146
1420,363.96,400.25,0.87,0.0613,5680.546492659053,219.04,25.933831686719564,2,347.1805512049076,0.7363907045825367
1421,132.75,116.16,0.78,0.011,8236.800000000001,399.1,20.638436482084693,1,138.3896512201911,0.13619012504519726
1422,357.98,262.01,0.78,0.0955,2139.976963350785,405.69,5.274906858317397,2,304.72378383195394,0.7268757196048087
1423,139.85,109.13,0.76,0.0849,976.8998822143699,363.21,2.6896282652305,0,127.08037677056028,0.7166746175576955
1424,132.73,99.73,0.78,0.062,1254.667741935484,368.1,3.4084969897731154,0,100.23542478023566,0.750981750549068
1425,138.7,118.88,0.8,0.0154,6175.584415584415,349.75,17.657139143915412,1,105.5987246130168,0.11669121630179845
1426,234.18,229.34,0.85,0.0933,2089.3783494105037,327.89,6.372192959256164,0,211.64818871745447,0.7384422695497683
1427,141.75,141.78,0.85,0.0715,1685.4965034965035,373.47,4.513070670995002,0,147.7319815143514,0.7337020536621268
1428,203.86,169.91,0.82,0.0598,2329.8695652173915,52.28,44.56521739130435,0,181.22899371510564,0.7417205661707424
1429,185.56,131.79,0.9,0.0269,4409.330855018587,378.92,11.636574620021605,1,149.35266053956494,0.11549614413096997
1430,175.58,161.59,0.81,0.0884,1480.6323529411764,321.26,4.608828839386094,0,160.44216539508935,0.7472702478376833
1431,82.06,67.62,0.76,0.0803,639.9900373599004,220.97,2.896275681585285,0,74.4951381045507,0.7504640510482351
1432,117.35,132.45,0.8,0.0507,2089.9408284023666,43.72,47.80285517846218,0,122.3931493650716,0.7195473741531004
1433,82.64,69.82,0.85,0.011,5395.181818181818,390.99,13.798771882098821,1,74.89124254358818,0.11967837362487002
1434,52.47,52.04,0.77,0.0273,1467.7948717948716,179.04,8.198139364359204,1,47.13150418337571,0.12703040056371867
1435,177.48,198.79,0.87,0.0236,7328.275423728814,396.82,18.467505225867683,1,179.64442575861506,0.12964447676333588
1436,223.5,234.35,0.85,0.0508,3921.2106299212596,53.43,73.38968051509002,2,218.0941691411593,0.7313870094688066
1437,111.74,89.54,0.76,0.0284,2396.1408450704225,208.99,11.465337313127051,1,98.77921091912106,0.13132966953474737
1438,288.63,196.27,0.86,0.0627,2692.060606060606,341.55,7.881893151985378,2,240.49753375344915,0.7380928465671615
1439,468.64,410.3,0.83,0.0804,4235.68407960199,48.33,87.64088722536705,2,441.9296578505148,0.7265715333341027
1440,223.31,204.77,0.82,0.0937,1792.010672358591,459.47,3.900169047725838,0,181.05293467770537,0.6637345318143864
1441,146.65,142.37,0.85,0.0163,7424.202453987731,311.49,23.83448089501342,1,151.19702385695211,0.13798037238570232
1442,61.84,55.01,0.82,0.0224,2013.7589285714284,45.3,44.453839482812995,1,34.28370472953628,0.09438310837213042
1443,384.13,317.98,0.78,0.0762,3254.9133858267714,186.94,17.411540525445446,2,347.22879922755,0.7409966636911648
1444,53.3,46.89,0.9,0.0533,791.7636022514072,43.22,18.31937996879702,0,27.15676606330996,0.6746503150571536
1445,148.81,123.98,0.8,0.028,3542.2857142857147,382.54,9.259909327876077,1,132.25497974058376,0.12272490906226471
1446,391.29,449.58,0.86,0.0167,23152.02395209581,56.62,408.9018712839246,3,373.22859395526746,0.1550579268721148
1447,97.76,103.69,0.8,0.0179,4634.189944134078,430.75,10.758421228401806,1,107.02962454156481,0.12568586208853127
1448,154.05,136.51,0.84,0.0176,6515.249999999999,304.01,21.431038452682476,1,159.86205392293363,0.12165142249097703
1449,105.11,92.7,0.77,0.0275,2595.6000000000004,49.28,52.670454545454554,1,113.49318452194746,0.1171774179864735
1450,396.91,373.1,0.76,0.0288,9845.694444444445,417.85,23.562748461037323,2,358.1654867331616,0.14143989336789348
1451,125.25,110.64,0.88,0.0581,1675.7865748709123,368.44,4.5483296462678116,0,131.23574965079138,0.7365454165555124
1452,104.86,90.45,0.8,0.0558,1296.774193548387,185.26,6.999752745052289,0,113.44063244206583,0.7325377229527981
1453,368.76,296.87,0.78,0.0212,10922.575471698114,222.2,49.15650527316883,3,334.13588042231004,0.14465665727347907
1454,174.51,139.71,0.78,0.0896,1216.2254464285716,56.24,21.6256302707783,0,138.39412511298974,0.7354705089807463
1455,481.26,455.72,0.9,0.0697,5884.476327116213,206.2,28.53771254663537,2,456.479964477538,0.7386742428547126
1456,157.06,134.0,0.88,0.0893,1320.4927211646136,207.08,6.376727453953127,0,162.87902511802434,0.7332042989949218
1457,267.01,190.04,0.82,0.0176,8854.136363636362,43.32,204.38911273398804,3,220.36453872382424,0.10081390051941692
1458,120.63,132.77,0.78,0.06,1726.0100000000002,46.47,37.142457499462026,0,124.31757951242285,0.736354514268572
1459,181.59,161.77,0.82,0.0624,2125.823717948718,388.46,5.47243916477557,0,163.23420184870784,0.725912257230866
1460,50.05,39.09,0.84,0.0205,1601.7365853658537,45.9,34.89622190339551,1,45.38818527940772,0.12141436513963033
1461,49.62,35.94,0.78,0.0526,532.9505703422053,48.47,10.995472876876528,0,24.312558575681066,0.6773651506121153
1462,257.25,206.15,0.76,0.0787,1990.7750952986023,407.92,4.880307646839092,0,211.8086448626268,0.7437122706609586
1463,54.68,38.47,0.76,0.0771,379.21141374837873,208.73,1.8167556831714595,0,30.564723347564268,0.7714320824161344
1464,144.43,126.11,0.78,0.0562,1750.2811387900358,402.23,4.351443549188364,0,146.825659732686,0.7162783824966593
1465,167.43,115.74,0.89,0.0643,1602.0000000000002,420.69,3.808029665549455,0,130.9691380739524,0.7105685744684931
1466,428.79,417.91,0.75,0.0589,5321.434634974533,43.98,120.9966947470335,2,405.9035587965349,0.7449913742118116
1467,316.94,285.52,0.76,0.0142,15281.352112676053,51.32,297.7660193428693,3,306.3150016121267,0.12913505586681379
1468,330.12,252.21,0.87,0.0148,14825.858108108107,444.92,33.32252564080758,3,279.05386258211615,0.13063360336676133
1469,80.54,73.68,0.78,0.0167,3441.34131736527,374.24,9.195546487188087,1,52.90864027454694,0.10878728754160688
1470,219.39,171.36,0.85,0.0708,2057.2881355932204,202.92,10.138419749621628,0,196.7401654428795,0.7360680452868219
1471,104.92,81.32,0.77,0.0975,642.2194871794871,445.55,1.4414083429008802,0,75.86649842632885,0.7200884460676409
1472,66.72,56.09,0.82,0.0679,677.3755522827687,205.63,3.294147509034522,0,38.50979523456496,0.7776855693546303
1473,58.94,48.15,0.78,0.0105,3576.8571428571427,47.82,74.79835095895321,1,32.31698840673525,0.10902008547349741
1474,86.24,93.9,0.86,0.0198,4078.484848484848,311.48,13.093889972020186,1,97.3379866119436,0.11802720151221496
1475,83.7,70.54,0.75,0.0643,822.7838258164853,428.15,1.9217186168783962,0,74.99807004697841,0.7631779873620268
1476,251.32,174.57,0.75,0.0172,7612.063953488372,355.05,21.43941403601851,1,207.13082071119533,0.1174853976274732
1477,50.13,46.16,0.88,0.0905,448.84861878453034,48.95,9.16953255943882,0,47.43864988534922,0.7854908392793051
1478,65.37,60.84,0.78,0.0653,726.7258805513018,203.31,3.5744718929285413,0,76.29714891465888,0.7657306019866367
1479,53.08,45.31,0.87,0.0216,1824.9861111111109,299.03,6.103020135475073,1,29.47934888882699,0.11074010378524816
1480,458.04,499.08,0.89,0.0577,7698.1143847487,446.34,17.24719806593337,2,433.81257888564886,0.6878920222549813
1481,187.59,211.89,0.9,0.0157,12146.56050955414,55.7,218.07110430079243,3,189.70005866878336,0.13594178393912296
1482,55.88,40.96,0.77,0.02,1576.96,210.49,7.491852344529431,1,30.13667529188126,0.12720163729559003
1483,167.05,138.47,0.87,0.0693,1738.3679653679653,336.76,5.162038143983743,0,131.42053804471533,0.7611569040407677
1484,488.69,347.64,0.85,0.0215,13743.906976744185,364.82,37.67311818634994,3,423.33405183596585,0.10866588058710494
1485,119.66,110.05,0.81,0.0599,1488.1552587646079,379.76,3.9186730007494415,0,125.86129273201749,0.7320706457343382
1486,65.19,57.57,0.78,0.0175,2565.977142857143,190.35,13.480310705842623,1,39.372730260559706,0.12285603683645821
1487,273.56,243.5,0.8,0.0271,7188.1918819188195,431.76,16.648582272370806,1,226.25187291270797,0.12364873681333634
1488,455.0,388.81,0.83,0.0202,15975.856435643564,354.39,45.07987368617502,3,411.4180895957434,0.14414372789030108
1489,55.87,44.01,0.85,0.0972,384.8611111111111,388.98,0.9894110522677543,0,50.66352327123022,0.7671095649676927
1490,98.33,105.47,0.85,0.0937,956.7716115261472,180.13,5.311561713907441,0,109.65135701022204,0.7771777938475701
1491,264.31,204.05,0.78,0.021,7579.0,181.35,41.7921146953405,1,218.0294709752799,0.12436339058730246
1492,342.16,391.56,0.89,0.018,19360.466666666667,198.13,97.71597772506267,3,328.74809272968423,0.12581709349159653
1493,462.78,382.66,0.8,0.0535,5722.018691588786,190.99,29.959781619921387,2,397.142755140683,0.7564424769902984
1494,387.89,364.42,0.87,0.057,5562.2,298.63,18.625724140240433,2,369.65668600437334,0.7236933485558916
1495,124.56,106.86,0.83,0.094,943.5510638297872,400.66,2.35499192290168,0,110.59469017861753,0.7440869124783396
1496,273.99,269.98,0.88,0.0734,3236.817438692098,389.29,8.314668855331753,2,265.65583083382546,0.7338052759755331
1497,163.87,146.04,0.79,0.0965,1195.560621761658,366.88,3.258723892721484,0,167.30592794827893,0.727723395664696
1498,70.76,49.05,0.78,0.061,627.1967213114754,297.52,2.108082553480356,0,45.33928651687117,0.7782011517857835
1499,181.22,160.58,0.76,0.0286,4267.16083916084,195.83,21.79012837236807,1,183.58776238266884,0.14058608967021413
1500,422.21,449.91,0.77,0.0997,3474.731193580742,183.96,18.888514859647433,2,402.6570854869502,0.7367176017513415
1501,68.59,60.85,0.86,0.0263,1989.771863117871,55.66,35.748686006429594,1,62.53994092540498,0.11769796409849427
1502,176.8,137.05,0.87,0.0781,1526.6773367477592,326.84,4.671023548977357,0,158.64348989155664,0.7645785419984683
1503,91.88,68.37,0.83,0.0165,3439.2181818181816,397.67,8.648422515699403,1,62.95937460122835,0.11422436579892883
1504,199.18,226.15,0.77,0.0592,2941.4780405405404,195.69,15.03131504185467,0,196.29664957538986,0.7223836807400705
1505,136.69,140.64,0.87,0.0207,5910.95652173913,440.8,13.409610983981691,1,122.12430306307175,0.14190620056647257
1506,64.73,46.57,0.87,0.0817,495.9106487148103,310.5,1.5971357446531733,0,40.75257303119017,0.7783414400287475
1507,51.14,51.82,0.76,0.0149,2643.1677852349,221.58,11.928729060542015,1,63.29360590860091,0.13014302012457932
1508,150.18,165.34,0.83,0.0901,1523.1098779134297,228.85,6.655494332153943,0,154.38355803007443,0.7612651039102275
1509,136.71,124.68,0.77,0.0134,7164.447761194031,377.24,18.991749976656852,1,122.24574467130542,0.13371622745109174
1510,81.28,64.77,0.81,0.0144,3643.3125,362.32,10.055510322366969,1,72.12277842314637,0.14218928682699555
1511,485.09,467.32,0.85,0.0123,32294.471544715445,53.09,608.2966951349679,3,439.80383870568824,0.1279845102728253
1512,385.07,344.29,0.87,0.0227,13195.25550660793,344.78,38.27152243925961,3,348.1358359642594,0.13661842086219697
1513,161.54,163.88,0.87,0.0836,1705.4497607655505,451.16,3.7801439860926287,0,144.74440523058558,0.7474179797765914
1514,180.44,149.82,0.81,0.0232,5230.784482758621,356.76,14.661914123664708,1,162.58778397411305,0.13244469851274987
1515,181.4,164.7,0.82,0.0689,1960.1451378809866,201.04,9.750025556511076,0,183.06012973746707,0.7291663036394184
1516,106.23,90.33,0.76,0.0148,4638.5675675675675,386.42,12.00395312760097,1,93.9921558553264,0.1325579568758619
1517,60.58,51.6,0.82,0.0654,646.9724770642201,451.13,1.4341153926012904,0,72.9185598015188,0.781171030953884
1518,173.16,170.24,0.79,0.0938,1433.7910447761199,427.46,3.3542110250692927,0,174.65217387335736,0.7153530239769086
1519,67.6,59.79,0.75,0.0792,566.1931818181818,204.74,2.7654253287983868,0,80.88541565519918,0.779428811400835
1520,338.51,376.35,0.76,0.0846,3380.921985815603,185.71,18.205384663268553,2,325.4289910001796,0.7204970615124711
1521,304.49,278.44,0.79,0.0656,3353.164634146341,427.01,7.8526606733948645,2,273.7402736496712,0.7428193639226955
1522,79.07,76.32,0.87,0.0179,3709.40782122905,346.15,10.716186107840677,1,70.65693487713395,0.12855701094215516
1523,157.34,120.47,0.85,0.0875,1170.28,354.8,3.298421645997745,0,122.90375125861837,0.7735865588266642
1524,101.69,71.74,0.83,0.0807,737.8463444857497,382.09,1.931079966724462,0,72.86240153797944,0.7614453610680401
1525,79.91,70.77,0.77,0.05,1089.858,344.71,3.1616663282179225,0,71.69441446719357,0.747679208363096
1526,315.31,254.25,0.86,0.0246,8888.414634146342,432.37,20.557426819960547,2,283.7621763700412,0.14306294207957626
1527,192.67,150.95,0.88,0.0664,2000.5421686746984,218.94,9.137399144398914,0,175.8854878992604,0.7455756066789115
1528,365.65,278.48,0.88,0.0888,2759.711711711712,386.49,7.140447907350026,2,312.29288073483843,0.7488763930193572
1529,172.99,174.82,0.85,0.0606,2452.0957095709564,43.12,56.86678361713721,0,174.59295625399565,0.7168664290179134
1530,165.69,124.85,0.79,0.0139,7095.791366906476,351.13,20.208445210908994,1,130.99227601321206,0.12218586052135672
1531,55.07,54.2,0.82,0.0587,757.137989778535,371.78,2.0365215713016704,0,48.09792068674089,0.7852515078892986
1532,171.76,137.03,0.86,0.0664,1774.786144578313,398.47,4.454001918785136,0,154.8461432428215,0.7318526697035659
1533,151.87,108.24,0.86,0.0151,6164.662251655628,432.93,14.239397250492292,1,116.53701649120543,0.12477012692839898
1534,174.0,159.33,0.8,0.0285,4472.421052631579,350.25,12.769224989669034,1,156.11840334519096,0.12259964624442538
1535,185.25,158.54,0.89,0.0776,1818.3067010309278,428.88,4.239663078322439,0,167.5641288268289,0.7283673853596397
1536,74.9,69.99,0.82,0.0892,643.4058295964124,215.01,2.992446070398644,0,86.7640853446011,0.7583202798088068
1537,181.8,142.12,0.84,0.0518,2304.6486486486483,173.16,13.3093592553052,0,164.27631178254208,0.7213566713693111
1538,330.37,305.68,0.77,0.0808,2913.039603960396,387.88,7.510156759720522,2,316.9754027763187,0.7087122392932091
1539,130.55,145.62,0.78,0.0997,1139.2537612838516,444.23,2.564558362298475,0,136.07757610481758,0.7565518880064395
1540,63.26,53.42,0.79,0.0633,666.6951026856242,315.32,2.1143444839706462,0,38.47590905165404,0.7933826080710338
1541,190.28,171.13,0.76,0.061,2132.1114754098357,200.92,10.6117433576042,0,191.05366606918759,0.7148452250553186
1542,100.6,87.2,0.84,0.0842,869.9287410926366,395.42,2.2000119900172894,0,90.8503492678112,0.7558751258428171
1543,69.32,70.1,0.78,0.0154,3550.51948051948,188.97,18.788799706405673,1,82.08079110611263,0.13577387098356472
1544,427.12,321.29,0.78,0.0195,12851.600000000002,45.89,280.05229897581177,3,368.05587078082624,0.11619084393617127
1545,71.51,63.96,0.9,0.0565,1018.8318584070796,318.87,3.1951323686990922,0,83.3893604449382,0.7116115102712439
1546,205.3,175.05,0.81,0.0519,2731.9942196531792,400.64,6.81907502908641,0,201.54983214110862,0.7205247899881728
1547,239.11,194.99,0.82,0.0907,1762.864388092613,351.91,5.009418283346915,0,217.52681218591607,0.7521618657161027
1548,87.27,63.63,0.87,0.0113,4898.946902654867,338.16,14.487067963848078,1,59.886622642322465,0.1098298457218267
1549,391.83,380.68,0.79,0.0228,13190.228070175439,55.26,238.69395711500977,3,374.36740880886515,0.15004310460763615
1550,65.31,67.13,0.82,0.0621,886.4186795491142,46.88,18.908248283897485,0,76.9159312451042,0.7497729731744641
1551,57.4,45.74,0.89,0.0215,1893.4232558139538,210.44,8.997449419378226,1,51.64351041474751,0.11928797467697042
1552,324.8,303.59,0.84,0.0967,2637.1830403309204,311.26,8.472605025801325,2,314.2530921424668,0.720948776972213
1553,492.71,395.88,0.88,0.068,5123.15294117647,353.8,14.480364446513484,2,427.40261958908684,0.7410524512085945
1554,137.61,116.6,0.76,0.0196,4521.224489795919,348.25,12.982697745286199,1,104.35079059304265,0.10739974397574067
1555,461.2,455.73,0.83,0.0986,3836.266734279919,50.19,76.43488213349112,2,418.81399318628905,0.7643805825520289
1556,81.54,74.02,0.77,0.089,640.3977528089888,49.57,12.919058963263845,0,93.02045627466208,0.7722717755292634
1557,480.98,409.86,0.82,0.0526,6389.452471482889,49.25,129.73507556310435,2,453.56302642636734,0.7357603932879972
1558,355.47,378.98,0.79,0.052,5757.580769230769,299.79,19.205379663200134,2,340.926653289696,0.7009180282033123
1559,323.32,287.24,0.79,0.0556,4081.2877697841736,413.14,9.878703998122123,2,290.92090875414266,0.7232923157451865
1560,124.09,110.81,0.88,0.0808,1206.8415841584158,394.83,3.0566106530871915,0,92.24892896758135,0.7571549895555388
1561,126.87,113.28,0.84,0.064,1486.8,194.3,7.652084405558414,0,134.04509610166082,0.7360398002123228
1562,68.61,58.68,0.8,0.0537,874.1899441340782,353.84,2.4705797652443993,0,41.16379116924924,0.7682036112875477
1563,316.87,323.61,0.89,0.0905,3182.462983425414,397.08,8.01466450948276,2,306.195670534413,0.7289310051335015
1564,193.24,165.08,0.79,0.0846,1541.5271867612296,53.5,28.813592275910832,0,194.64784564899233,0.7278486188051089
1565,270.01,209.89,0.78,0.0271,6041.114391143912,49.97,120.89482471770887,1,224.50547011968206,0.11341714886082975
1566,230.13,231.18,0.9,0.0174,11957.586206896554,216.33,55.274747870829536,1,225.91758772413374,0.10640390073540104
1567,207.68,225.24,0.82,0.0215,8590.548837209302,47.63,180.3600427715579,3,205.13779021117517,0.11812080325532165
1568,74.23,53.03,0.78,0.0756,547.1349206349207,220.69,2.4792012353750543,0,47.126498437392286,0.7628198944765187
1569,240.84,222.35,0.82,0.0232,7858.922413793104,193.33,40.650299559267076,1,235.20325513682945,0.14033341419453282
1570,92.35,73.75,0.84,0.0757,818.3619550858652,211.41,3.870970886362354,0,84.13479021885507,0.7688641081606307
1571,151.61,126.9,0.77,0.0553,1766.9620253164555,54.83,32.22619050367418,0,134.7290897229027,0.7303777812408458
1572,346.31,368.25,0.75,0.0203,13605.295566502464,433.52,31.383316955394132,3,330.5280311211134,0.13711224108805317
1573,99.27,81.97,0.76,0.0113,5513.026548672566,360.09,15.310135101426216,1,69.00660298633635,0.11185935150005274
1574,208.11,182.66,0.8,0.0235,6218.212765957447,310.0,20.058750857927247,1,186.8249203813288,0.1209953960714557
1575,275.2,219.86,0.79,0.0607,2861.439868204284,389.34,7.349462855612791,2,246.8830149448694,0.7350719038690064
1576,240.8,247.7,0.89,0.0148,14895.472972972973,304.64,48.89532882409721,3,217.02138246276715,0.12044438363424534
1577,87.89,87.28,0.8,0.0163,4283.680981595093,303.9,14.09569260149751,1,79.25494598164289,0.11291090000845717
1578,131.94,117.15,0.82,0.0931,1031.8259935553167,437.93,2.3561436612137023,0,100.2943577618661,0.7528562689145523
1579,214.77,225.23,0.84,0.0131,14442.229007633585,215.11,67.13880808718137,3,209.9720439630855,0.1461055798926038
1580,74.91,75.29,0.84,0.0204,3100.176470588235,173.07,17.91284723284356,1,67.68492037732035,0.11796562225014263
1581,191.96,153.76,0.8,0.0732,1680.4371584699454,44.5,37.762632774605514,0,154.11256146966386,0.7506359789637529
1582,64.21,62.57,0.87,0.0123,4425.682926829268,417.27,10.606281129314995,1,56.47115481497046,0.14207300460813305
1583,71.92,53.25,0.87,0.0933,496.54340836012864,399.9,1.2416689381348553,0,45.63241963884255,0.788460103768189
1584,406.49,335.15,0.77,0.0744,3468.6223118279568,201.45,17.218279036127857,2,368.2724807512898,0.745284992764549
1585,81.48,72.41,0.86,0.0163,3820.4049079754604,414.58,9.215121105638142,1,91.95186921905183,0.12416169681462157
1586,55.68,63.08,0.84,0.0242,2189.5537190082646,309.31,7.07883262425484,1,69.55321925529442,0.11757029036477717
1587,133.1,111.29,0.79,0.0105,8373.247619047619,423.6,19.766873510499572,1,118.10092986517446,0.1373509850197674
1588,303.33,237.39,0.87,0.0229,9018.746724890829,44.43,202.98777233605287,3,273.22827293833325,0.11683588399377014
1589,330.74,241.78,0.76,0.0796,2308.4522613065324,54.88,42.06363449902573,2,278.2194985079831,0.7386933234934847
1590,191.86,161.03,0.81,0.0168,7763.946428571429,449.67,17.265875928061533,1,173.48476435146833,0.13770075688888106
1591,167.25,177.26,0.8,0.0672,2110.2380952380954,52.5,40.195011337868486,0,168.70176107621248,0.7519194319119178
1592,459.91,420.11,0.9,0.0935,4043.839572192514,214.21,18.87792153584106,2,398.3631673965815,0.7501815074527397
1593,182.88,139.81,0.82,0.0167,6864.922155688623,324.2,21.174960381519504,1,148.32146894022412,0.11113268686396252
1594,159.58,136.83,0.83,0.0878,1293.495444191344,358.66,3.606466972038543,0,144.34688917935304,0.7407058665364592
1595,193.78,213.57,0.75,0.0786,2037.881679389313,219.17,9.298178032528691,0,193.99081622898004,0.7226963121385416
1596,497.43,426.79,0.86,0.0216,16992.564814814814,429.0,39.60970819304153,3,469.86020825593187,0.12387393013877677
1597,55.31,46.88,0.86,0.0115,3505.8086956521743,401.54,8.730907744314823,1,49.595845340753414,0.12901113227374086
1598,156.88,152.92,0.76,0.0262,4435.847328244274,420.74,10.542965556505855,1,141.992461817836,0.13592554057489434
1599,49.96,45.46,0.76,0.0583,592.6174957118354,212.73,2.785773025486934,0,22.133994727961493,0.7077058195024203
1600,94.74,80.95,0.89,0.0144,5003.159722222223,45.62,109.670313946125,1,106.52963357941775,0.10079618671262723
1601,246.03,235.02,0.87,0.0956,2138.7803347280333,56.42,37.90819451839832,2,241.11181213900645,0.7380233572138001
1602,128.48,100.21,0.87,0.0629,1386.0524642289347,445.45,3.1115780990659663,0,115.10334680209263,0.750229228448635
1603,189.7,139.15,0.83,0.0138,8369.166666666668,402.51,20.792444080064268,1,149.7253268564665,0.12989214552189934
1604,132.57,93.48,0.81,0.0128,5915.53125,177.82,33.2669623776853,1,99.88651112922953,0.10766758125076029
1605,76.25,68.59,0.77,0.0615,858.769105691057,45.77,18.76270713766784,0,86.58818304147341,0.7544142356486923
1606,50.95,49.9,0.83,0.0712,581.6994382022472,190.5,3.0535403580170457,0,64.30634977397857,0.7573294798605273
1607,98.28,69.94,0.88,0.0612,1005.6732026143792,387.5,2.59528568416614,0,70.15980449768578,0.7684430215357604
1608,222.49,239.99,0.89,0.0135,15821.562962962964,389.35,40.635836555703,3,219.0526889504505,0.13138545393052695
1609,125.8,107.07,0.77,0.0658,1252.9468085106384,434.96,2.8806023738059556,0,130.75976333270177,0.731923727056038
1610,113.61,83.66,0.85,0.0798,891.1152882205513,44.11,20.20211489958176,0,82.7343306935739,0.7539085742672675
1611,252.21,275.32,0.76,0.0839,2493.95947556615,368.42,6.769337917502171,2,245.03969898796623,0.7310316280974475
1612,197.85,225.41,0.77,0.055,3155.7400000000002,186.3,16.939023081052067,0,197.53898554795114,0.7113988127067948
1613,108.25,111.49,0.84,0.0583,1606.3739279588335,57.29,28.03934243251586,0,97.11040049209791,0.7341384578446671
1614,56.18,46.03,0.89,0.0921,444.8067318132465,49.19,9.042625163920441,0,31.50197707359581,0.7677980642170157
1615,307.24,287.91,0.76,0.0767,2852.8239895697525,229.77,12.415998561908658,2,277.0941235773183,0.7300021843104189
1616,66.24,66.61,0.87,0.015,3863.38,393.07,9.828732795685248,1,58.90821564869877,0.12847626206919027
1617,163.37,150.45,0.78,0.0164,7155.548780487804,350.63,20.407691242870843,1,167.62259914932963,0.12766070992732292
1618,82.22,70.95,0.77,0.051,1071.2058823529412,410.39,2.6102143871754704,0,50.84337692045497,0.7558390680395871
1619,174.05,155.54,0.88,0.0991,1381.1826437941475,337.7,4.089969333118589,0,178.07316482409843,0.7318243858553344
1620,90.5,83.84,0.86,0.0771,935.1802853437096,173.17,5.400359677448228,0,82.41175937094185,0.7640286575496398
1621,134.87,108.14,0.82,0.0645,1374.8031007751936,388.74,3.5365619714338465,0,102.3107953480779,0.7619404433930316
1622,157.62,124.06,0.78,0.0916,1056.406113537118,346.14,3.0519619620301555,0,143.76473140969745,0.7333639993572179
1623,153.29,121.03,0.77,0.0192,4853.807291666667,316.57,15.332492945214856,1,117.16219200193092,0.11145588021957208
1624,184.31,176.35,0.81,0.0542,2635.488929889299,57.27,46.01866474400732,0,164.76130333904834,0.7257990941554762
1625,84.74,86.92,0.78,0.0149,4550.174496644296,372.84,12.204094240543654,1,75.61275880547494,0.11277990773579286
1626,322.8,323.69,0.75,0.061,3979.7950819672124,404.0,9.850977925661416,2,307.48734715174567,0.7341654798195685
1627,60.95,47.31,0.78,0.0173,2133.0520231213877,44.05,48.4234284477046,1,53.395175689777545,0.1061532752196017
1628,498.39,437.64,0.77,0.0895,3765.1709497206703,206.98,18.190989224662626,2,432.8613995923267,0.6628615933329045
1629,188.9,183.77,0.87,0.0974,1641.4774127310066,388.78,4.222124113202857,0,172.74735536193,0.7147178251468944
1630,225.23,197.78,0.87,0.0903,1905.5215946843853,221.01,8.621879528909938,0,182.18645878129394,0.7337917199098617
1631,369.23,336.05,0.84,0.0103,27406.019417475723,455.24,60.20125520050023,3,330.61878317371907,0.12807217016506328
1632,169.14,152.86,0.85,0.0103,12614.660194174758,50.63,249.15386518219944,3,132.4842400878843,0.10128329533806513
1633,111.56,120.43,0.82,0.0824,1198.4538834951456,360.69,3.3226701142120536,0,118.81120134146924,0.7364006278930003
1634,53.19,42.79,0.76,0.0151,2153.6688741721855,436.44,4.9346276101461495,1,27.90414007729987,0.12551080341589566
1635,71.75,71.67,0.83,0.0263,2261.828897338403,46.41,48.73580903551827,1,62.77921598934219,0.11461314215432346
1636,53.96,45.11,0.88,0.086,461.59069767441866,352.14,1.3108158620844512,0,48.89131735217862,0.7846193788810004
1637,269.11,200.7,0.8,0.026,6175.384615384615,386.21,15.989706676120804,1,220.82196462354352,0.13270370004531257
1638,327.26,312.24,0.86,0.0753,3566.0876494023905,218.88,16.292432608746303,2,296.2005989211579,0.7300751511893324
1639,66.94,64.82,0.88,0.0736,775.0217391304348,398.84,1.943189597659299,0,79.04564029104267,0.7703421016286343
1640,157.79,168.49,0.89,0.0221,6785.343891402716,352.92,19.226294603317225,1,161.74169861663313,0.14520291382083605
1641,54.31,44.05,0.82,0.0845,427.4674556213017,445.28,0.9599969808239799,0,48.919270886467686,0.7945927135379861
1642,82.62,63.66,0.79,0.0729,689.8683127572017,215.57,3.2002055608721145,0,55.97988842183621,0.768427672112583
1643,60.88,51.28,0.86,0.0283,1558.3321554770318,358.76,4.343661934098093,1,54.88889563332879,0.13774599324660516
1644,186.44,183.95,0.81,0.0641,2324.485179407176,372.1,6.24693678959198,0,168.14945766278072,0.7352791617213977
1645,78.16,60.21,0.89,0.0635,843.8881889763779,371.25,2.2730994989262707,0,51.728606618857214,0.7688246072098707
1646,166.21,121.08,0.77,0.0919,1014.4896626768227,221.92,4.571420614080853,0,129.07347203254176,0.7510354136845315
1647,284.4,258.86,0.88,0.0657,3467.2267884322687,51.81,66.92196078811558,2,276.0766647263627,0.7473236858607553
1648,453.84,359.41,0.8,0.0938,3065.330490405118,216.99,14.126597955689745,2,391.5061500664557,0.757048976014818
1649,139.36,158.01,0.84,0.0525,2528.16,43.44,58.19889502762431,0,144.5961201623635,0.7210174565296521
1650,86.28,61.49,0.88,0.0651,831.2012288786482,184.94,4.4944372708913605,0,58.144844690403005,0.7602250243392166
1651,144.01,165.03,0.76,0.0526,2384.4638783269966,415.1,5.744311920807026,0,146.90636533678622,0.7098010181599248
1652,187.56,171.92,0.78,0.0659,2034.864946889226,205.61,9.896721691013209,0,168.43342897399347,0.73607455926019
1653,101.2,86.5,0.8,0.0628,1101.9108280254777,351.1,3.13845294225428,0,108.74759848292038,0.7422261966313627
1654,199.66,161.14,0.79,0.0142,8964.830985915492,174.35,51.41858896424143,1,179.128951714184,0.13486267752995362
1655,151.17,119.34,0.89,0.0669,1587.6322869955159,194.14,8.177770098874605,0,136.24411346749645,0.7442933110360829
1656,69.05,62.39,0.77,0.076,632.1092105263159,203.94,3.099486174984387,0,43.06546778150735,0.7727151210813697
1657,411.17,315.78,0.77,0.0124,19608.91935483871,401.02,48.89760948291534,3,351.5999927107959,0.1112239115457818
1658,76.7,59.22,0.9,0.0677,787.2673559822748,341.55,2.3049842072383977,0,51.237712606355615,0.7613466759408173
1659,227.45,218.78,0.83,0.0585,3104.0581196581197,45.31,68.50713131004457,2,201.379606115331,0.6770110307739833
1660,466.56,355.05,0.75,0.0775,3435.9677419354844,414.35,8.292428483010701,2,403.3839300524795,0.7167135272282263
1661,93.14,82.37,0.77,0.0269,2357.8029739776953,400.11,5.8928868910492,1,63.77709623910101,0.12635650226787237
1662,96.04,97.54,0.76,0.0795,932.4578616352202,366.04,2.5474206688755876,0,87.46926377851695,0.7590784069061585
1663,453.84,398.67,0.83,0.0243,13617.123456790125,364.9,37.31741150120615,3,393.03605235871004,0.12852499175411058
1664,53.26,47.55,0.81,0.0164,2348.5060975609754,222.09,10.574569307762507,1,66.36587594537166,0.1322795481063852
1665,409.65,347.84,0.87,0.0743,4072.958277254373,433.35,9.398772994702602,2,370.0467325110252,0.7395017578272755
1666,151.59,116.24,0.83,0.0154,6264.883116883116,326.64,19.17977931938255,1,118.83536941294902,0.1076618212624699
1667,64.73,55.59,0.84,0.0773,604.0827943078914,191.57,3.1533266915899745,0,77.16838355378776,0.7687958441747668
1668,69.43,54.1,0.76,0.0208,1976.7307692307693,350.91,5.633155992222419,1,61.70914067542941,0.12621604393624478
1669,58.5,54.75,0.79,0.023,1880.5434782608697,384.07,4.896356076394589,1,72.0115124017351,0.1193468510092874
1670,408.36,390.65,0.75,0.0519,5645.231213872831,204.15,27.652369404226455,2,367.66079550005816,0.7308093860464634
1671,71.91,67.84,0.78,0.0281,1883.1032028469754,354.37,5.31394644819532,1,83.32535817891022,0.1269916613729778
1672,388.64,269.88,0.89,0.0139,17280.086330935253,51.6,334.88539401037315,3,331.87764429872834,0.11655943348644998
1673,421.39,382.4,0.76,0.0587,4951.005110732538,369.97,13.382179935488114,2,361.11852016238146,0.7351855218500317
1674,387.55,355.79,0.79,0.0185,15193.194594594597,52.23,290.8901894427455,3,330.0272855878846,0.12013212720219509
1675,98.53,88.63,0.8,0.0928,764.051724137931,211.05,3.6202403418049327,0,90.45979140852151,0.7881273813272691
1676,82.02,71.91,0.79,0.0142,4000.6267605633802,45.58,87.77153928397061,1,74.00745693575671,0.12207056828755311
1677,326.44,349.48,0.87,0.0944,3220.8432203389834,44.56,72.28104174907952,2,314.61539883611675,0.7258055633306992
1678,56.85,49.43,0.87,0.059,728.8830508474576,374.65,1.9455039392698723,0,52.35913074468958,0.7886013310752048
1679,155.21,149.56,0.89,0.0242,5500.347107438018,372.43,14.76880784963085,1,159.98398222408673,0.1319908278546321
1680,158.53,164.06,0.84,0.0644,2139.9130434782605,206.24,10.375839039363171,0,140.71857897608385,0.767990768492483
1681,131.03,121.49,0.76,0.0146,6324.13698630137,369.45,17.117707365817754,1,117.03069739640657,0.11640597503176199
1682,147.68,146.95,0.8,0.0973,1208.2219938335047,427.16,2.828499845101378,0,132.3728464786066,0.7353250495326445
1683,195.89,184.23,0.86,0.0208,7617.201923076923,214.98,35.432142167071,1,178.3761167432758,0.12906723653312077
1684,80.13,73.15,0.77,0.0746,755.0335120643432,220.2,3.4288533699561454,0,53.36567155726182,0.7818161073263598
1685,63.95,53.03,0.81,0.0946,454.06236786469344,194.68,2.332352413523184,0,58.20689403251272,0.7628303155944923
1686,59.06,67.62,0.88,0.0829,717.7997587454765,46.8,15.337601682595654,0,72.45705501397512,0.7490212248255896
1687,403.95,294.72,0.88,0.0545,4758.781651376147,221.28,21.505701606002113,2,345.26585208471374,0.7295238886044563
1688,493.23,422.66,0.84,0.098,3622.8,368.5,9.831207598371778,2,428.56874054998934,0.7599534477835682
1689,223.01,246.99,0.78,0.0663,2905.764705882353,366.45,7.929498446943248,2,218.1666715190888,0.7272754777206518
1690,465.48,396.35,0.84,0.0212,15704.433962264153,380.37,41.28725704515117,3,401.6098285049959,0.1155880913540055
1691,76.96,56.78,0.86,0.0163,2995.7546012269945,348.29,8.601322464690329,1,48.227788231674865,0.10450007810765731
1692,127.52,110.42,0.86,0.0148,6416.2972972972975,378.82,16.937588557355202,1,132.86184316194073,0.14690110992845373
1693,58.5,55.76,0.83,0.071,651.8422535211267,407.45,1.5998091876822353,0,53.70981281664908,0.7870303313682263
1694,52.89,53.6,0.79,0.0784,540.1020408163266,222.9,2.4230688237609987,0,47.00552151680736,0.7749691176285236
1695,165.92,142.15,0.86,0.0625,1955.9840000000002,382.75,5.110343566296539,0,149.46731516640142,0.7343458540345176
1696,343.86,256.3,0.77,0.096,2055.7395833333335,358.57,5.733161121491852,2,292.18378133135485,0.735031558962172
1697,355.04,282.8,0.77,0.0968,2249.5454545454545,377.0,5.966964070412346,2,322.38702537032356,0.7319350308037004
1698,51.85,45.66,0.86,0.0686,572.4139941690962,50.03,11.441415034361308,0,64.40869539054869,0.767096457296853
1699,176.95,193.85,0.78,0.0239,6326.485355648535,50.84,124.43912973344875,1,179.8597726228103,0.13308833529775008
1700,398.73,407.07,0.76,0.0805,3843.145341614907,46.34,82.93365001326946,2,360.3344949194774,0.7559409375396229
1701,379.59,382.09,0.79,0.0949,3180.7281348788197,391.61,8.122183128313424,2,344.2690603627109,0.7391852035081412
1702,258.4,220.05,0.78,0.0709,2420.8603667136813,46.27,52.320301852467715,2,231.3900768741276,0.7468632742420854
1703,366.92,400.86,0.81,0.0161,20167.49068322982,305.15,66.09041678921783,3,352.0103080099732,0.12508362065916556
1704,55.52,57.96,0.88,0.0915,557.4295081967214,204.28,2.7287522429837545,0,71.04031130142816,0.7459762856097547
1705,103.34,97.34,0.78,0.0162,4686.740740740741,211.65,22.143825848054526,1,92.05080191964299,0.12205385875207159
1706,76.17,74.52,0.78,0.0261,2227.0344827586205,356.5,6.246941045606229,1,69.9514250339754,0.13035878083260338
1707,89.44,75.78,0.75,0.0614,925.6514657980456,194.38,4.762071539242955,0,79.0953149482964,0.7901067635041867
1708,61.23,53.86,0.78,0.0265,1585.3132075471701,387.49,4.091236438481432,1,73.71684659571595,0.11667576295138364
1709,123.36,126.74,0.88,0.0249,4479.164658634539,344.22,13.012505544810116,1,131.4073291667327,0.13152945294422827
1710,76.48,75.18,0.82,0.0967,637.513960703206,190.68,3.343370886842909,0,70.38399659899484,0.7772933499722215
1711,57.89,53.34,0.89,0.0557,852.2908438061042,204.21,4.1735999402874695,0,71.57007739219233,0.7430313131290579
1712,93.11,81.21,0.9,0.0644,1134.9223602484471,406.95,2.7888496381581205,0,102.54352927197998,0.7156120119939812
1713,487.87,429.74,0.84,0.0157,22992.458598726116,373.65,61.53474802281846,3,422.1899336561429,0.10756086158393476
1714,178.28,181.48,0.83,0.0153,9844.993464052288,46.81,210.3181684266671,3,180.5917138457572,0.12838825201228302
1715,285.18,219.32,0.8,0.0569,3083.585237258348,391.13,7.8837860487775115,2,256.38037259948095,0.7275006877216212
1716,69.0,62.47,0.87,0.021,2588.042857142857,439.11,5.89383720968062,1,43.38479055250846,0.12078385016795293
1717,72.37,67.04,0.9,0.0574,1051.1498257839723,307.86,3.414376098824051,0,84.31391085732241,0.7113873785901306
1718,359.62,315.15,0.89,0.0213,13168.239436619717,316.36,41.62422378499088,3,307.487810377002,0.11530295743231202
1719,437.66,438.8,0.76,0.0968,3445.123966942149,360.25,9.563147722254403,2,417.08247475406756,0.729948278413141
1720,196.52,190.01,0.79,0.0759,1977.7061923583665,310.57,6.367988512600594,0,177.4492213166735,0.7377984152662779
1721,107.9,102.18,0.89,0.0695,1308.4920863309353,352.73,3.709613830212727,0,115.86009089732804,0.7231790456913261
1722,78.57,62.68,0.76,0.0139,3427.107913669065,48.74,70.31407291073174,1,69.79939306924736,0.11259858858348853
1723,184.51,166.72,0.89,0.0104,14267.384615384615,189.62,75.24198193958767,1,148.63161278096368,0.1049985512490272
1724,389.17,321.48,0.88,0.0147,19245.061224489797,45.51,422.8754389033135,3,350.78360143114685,0.11603063605872527
1725,156.81,156.95,0.76,0.0168,7100.119047619048,55.34,128.29994665014542,1,160.12198561146926,0.12892921148255582
1726,175.88,189.98,0.78,0.0733,2021.6152796725785,453.18,4.4609543220631505,0,177.62050216655294,0.7278202798939037
1727,91.1,73.1,0.82,0.0286,2095.8741258741256,48.25,43.43780571759846,1,63.87487260020704,0.10166893599926953
1728,110.54,94.12,0.81,0.06,1270.6200000000003,301.47,4.214747736093145,0,98.61177186121101,0.7504308900129327
1729,305.88,333.52,0.81,0.0114,23697.473684210527,43.37,546.4024368044853,3,294.0154763158812,0.1268687482967003
1730,116.28,93.89,0.76,0.0273,2613.7875457875457,180.33,14.494468728373235,1,86.29586966377343,0.10223534071121748
1731,68.11,72.16,0.85,0.0547,1121.3162705667276,195.63,5.731821656017623,0,79.25860492594612,0.7583740771183287
1732,64.86,62.58,0.86,0.0796,676.1155778894471,50.57,13.369894757552839,0,77.47540845816344,0.7699669094907332
1733,93.11,76.98,0.88,0.0876,773.3150684931508,198.43,3.8971681121461006,0,85.74709321158396,0.7849393937825232
1734,153.08,143.57,0.81,0.066,1761.9954545454545,228.14,7.723307857216861,0,156.4928272451578,0.7392741964504991
1735,168.13,145.06,0.85,0.0599,2058.4474123539235,206.1,9.987614810062706,0,150.44698022653148,0.7470154862354825
1736,128.25,137.82,0.87,0.0108,11102.166666666664,317.88,34.925653286355434,1,135.99262957892188,0.1232395930344711
1737,131.57,123.8,0.81,0.0579,1731.917098445596,171.86,10.07748806264166,0,135.1740214631308,0.7286930069097194
1738,168.39,171.03,0.84,0.0282,5094.510638297872,190.74,26.709188624818452,1,152.4972132185286,0.12456540855643826
1739,316.6,341.94,0.8,0.0767,3566.5189048239895,42.5,83.91809187821151,2,304.4932887360252,0.7263889875469239
1740,203.65,190.19,0.78,0.0933,1590.0128617363343,184.48,8.618890187209098,0,203.27062687232944,0.7264075759388939
1741,76.53,72.16,0.88,0.018,3527.822222222222,174.58,20.207482083985692,1,88.51193687437521,0.12340978315027815
1742,399.01,333.19,0.85,0.0932,3038.75,225.02,13.504355168429472,2,363.6956851115716,0.766452592899012
1743,88.2,88.35,0.75,0.0116,5712.28448275862,369.76,15.44862744147182,1,97.67498933044013,0.12408490964244039
1744,73.35,73.95,0.89,0.0745,883.4295302013423,177.18,4.986056723114022,0,85.27015695762528,0.7627834137372369
1745,69.2,78.4,0.83,0.0256,2541.875,355.72,7.145718542674013,1,82.42323225718542,0.12701777869138034
1746,123.23,100.36,0.8,0.0812,988.7684729064042,43.62,22.667777920825408,0,110.2996509769112,0.747235954574229
1747,390.22,398.54,0.75,0.0703,4251.849217638692,345.81,12.295333326504993,2,371.7122629688806,0.7159058296372514
1748,384.58,265.02,0.9,0.0878,2716.605922551253,344.99,7.874448310244508,2,329.3720693536099,0.7598220459573808
1749,182.84,134.72,0.88,0.0601,1972.6056572379368,56.89,34.674031591456085,0,147.1728254422007,0.7433463298929331
1750,344.81,318.41,0.88,0.086,3258.1488372093027,393.92,8.271092702095102,2,332.01788346371984,0.7329390113145753
1751,94.4,65.68,0.85,0.0954,585.1991614255766,310.36,1.8855495599483714,0,67.25308719244842,0.7808491361694627
1752,107.24,93.42,0.79,0.0973,758.4974306269271,186.96,4.057003800957034,0,116.8293898491175,0.7476825772751403
1753,344.93,349.34,0.78,0.0247,11031.78947368421,378.8,29.12299227477352,2,312.6696978235184,0.13141995914740087
1754,278.44,296.81,0.86,0.0722,3535.4099722991687,51.77,68.29070836969612,2,269.9679252317205,0.741657247450506
1755,283.16,237.29,0.87,0.0731,2824.1080711354307,188.87,14.952655642163554,2,254.97024354058294,0.7335234320029346
1756,161.92,127.15,0.84,0.0126,8476.666666666666,430.75,19.678854710775777,1,126.6796585714533,0.1284199868136862
1757,312.5,239.23,0.77,0.0231,7974.333333333334,345.39,23.087910284991846,1,263.1261589995664,0.11822946966790943
1758,88.0,87.62,0.82,0.0588,1221.9115646258504,178.7,6.837781559182151,0,99.13022961361733,0.7641494837570264
1759,344.92,334.41,0.87,0.0153,19015.470588235297,321.08,59.223466389171854,3,311.0836278782016,0.13291399347570748
1760,239.66,188.69,0.89,0.0745,2254.1489932885906,49.08,45.92805609797455,0,214.40986772800875,0.7525460386246567
1761,335.9,373.4,0.76,0.0256,11085.3125,44.05,251.6529511918275,3,322.21322867702474,0.11012095558205459
1762,472.68,539.81,0.82,0.0984,4498.416666666666,370.62,12.137544295145071,2,448.2157337516509,0.7399196489945925
1763,96.37,88.34,0.76,0.0157,4276.331210191083,446.51,9.577235023159803,1,85.91448809223239,0.13435287153967965
1764,248.37,243.46,0.87,0.0124,17081.467741935485,201.92,84.59522455395943,3,243.54884043071996,0.13742945245047947
1765,343.03,246.67,0.87,0.0283,7583.141342756184,46.48,163.14847983554614,3,290.8378181129184,0.11060702544421439
1766,124.4,113.94,0.89,0.0165,6145.854545454545,383.29,16.03447662463029,1,92.67572019436516,0.11562627334900473
1767,222.77,154.08,0.82,0.0948,1332.759493670886,310.75,4.2888479281444445,0,182.43956646549847,0.7538574907469163
1768,142.02,133.95,0.81,0.0299,3628.7458193979937,209.54,17.31767595398489,1,129.05875973249954,0.11709735257853877
1769,75.37,75.46,0.83,0.0974,643.0369609856263,441.1,1.457803130776754,0,88.0593044418302,0.7685951481731661
1770,81.14,83.5,0.77,0.0682,942.7419354838711,416.73,2.2622367851699448,0,72.68668212146359,0.7540387957426531
1771,93.39,92.45,0.79,0.0106,6890.141509433963,228.01,30.2185935241172,1,83.74181779758702,0.13995343047948075
1772,200.62,229.07,0.84,0.066,2915.4363636363632,55.51,52.52092170124956,0,198.46334876795436,0.734354994042987
1773,59.39,43.15,0.78,0.0138,2438.913043478261,204.41,11.931476167889345,1,34.64423528603416,0.11992296010710152
1774,354.55,366.27,0.87,0.0139,22924.81294964029,227.63,100.71085950727185,3,319.9589341673606,0.135656310038142
1775,326.45,242.97,0.82,0.0853,2335.702227432591,56.61,41.25953413588749,2,274.860226887675,0.7173679891636323
1776,57.42,52.62,0.89,0.0938,499.2729211087421,424.54,1.1760326968218355,0,33.485929221763115,0.7605326187689699
1777,85.58,85.41,0.84,0.095,755.2042105263158,420.9,1.7942604194020335,0,96.02148080370726,0.7837349952550012
1778,55.05,39.6,0.8,0.0842,376.2470308788599,211.03,1.7829077897875178,0,30.256603388542914,0.780027790636927
1779,372.93,318.06,0.76,0.0157,15396.535031847136,342.0,45.019108280254784,3,335.9962418076593,0.15380865637204574
1780,157.93,132.68,0.76,0.0948,1063.6793248945148,211.16,5.037314476674156,0,142.62327577511118,0.72620315267031
1781,244.16,213.45,0.8,0.0835,2045.02994011976,456.48,4.479998992551174,0,218.70053523007303,0.6967893345303235
1782,142.38,131.88,0.87,0.0772,1486.2124352331605,47.07,31.574515301320595,0,148.60692589749866,0.7239456571247156
1783,160.63,135.83,0.81,0.0735,1496.902040816327,384.13,3.896863147414487,0,125.13839504990688,0.732645625524478
1784,165.58,136.33,0.78,0.0909,1169.8283828382841,441.15,2.6517701073065494,0,148.77191475679305,0.7173598050871441
1785,62.98,70.76,0.87,0.0877,701.9521094640822,56.83,12.351787954673275,0,75.73152185907556,0.7692095895845706
1786,61.8,67.98,0.78,0.0192,2761.6875000000005,210.62,13.11218070458646,1,73.65913702950559,0.13293692551772124
1787,381.33,434.04,0.8,0.0269,12908.25278810409,51.66,249.86939194936295,3,363.8212820534111,0.13058793037621808
1788,68.18,75.02,0.87,0.0158,4130.848101265822,47.54,86.89205093112794,1,79.29392498653749,0.10665799228356862
1789,168.88,135.58,0.83,0.0548,2053.492700729927,43.31,47.41382361417518,0,151.25749428913997,0.7228149936684306
1790,82.93,90.72,0.89,0.0287,2813.268292682927,443.05,6.349776080990694,1,93.81606594590147,0.13205637571369108
1791,120.27,104.85,0.88,0.0834,1106.3309352517986,405.15,2.7306699623640593,0,127.30221569217099,0.7275471610288542
1792,88.62,90.44,0.81,0.0803,912.2839352428393,395.2,2.308410767314877,0,79.82768328724259,0.7663637924934572
1793,429.89,424.11,0.79,0.0893,3751.9249720044795,173.38,21.639894866792478,2,390.1569457734819,0.7512654525053477
1794,486.73,418.98,0.84,0.0774,4547.069767441861,52.11,87.25906289468165,2,442.05032633282997,0.739820753790788
1795,60.23,47.55,0.82,0.0598,652.0234113712373,54.9,11.876564870150043,0,33.666039019384755,0.7806211407021394
1796,52.06,45.7,0.86,0.0192,2046.9791666666667,368.61,5.553238291599975,1,46.40080622382389,0.12638125663611172
1797,482.7,434.51,0.88,0.0628,6088.6751592356695,210.54,28.919327250098174,2,438.9930371289337,0.7509134573463878
1798,181.15,171.05,0.77,0.02,6585.425000000001,55.91,117.78617420854948,1,162.98387930256106,0.12212566832521085
1799,108.41,103.62,0.79,0.0612,1337.5784313725494,225.95,5.919798324286566,0,95.77685108937418,0.7429717958424731
1800,317.3,334.05,0.86,0.0691,4157.496382054993,45.83,90.71560947097956,2,304.4252071882032,0.7223914704916319
1801,193.4,206.45,0.88,0.0995,1825.8894472361806,365.13,5.000655786257444,0,196.14985896277025,0.7116861510995928
1802,64.23,46.4,0.84,0.0164,2376.5853658536585,52.55,45.225221043837465,1,37.099370738402996,0.11171967979740577
1803,179.57,152.56,0.78,0.0179,6647.865921787709,184.72,35.98888004432497,1,162.94223007899953,0.12720287973659528
1804,95.31,74.83,0.88,0.0579,1137.312607944732,211.44,5.378890502954654,0,66.44879785863414,0.7537116077500435
1805,71.02,56.49,0.84,0.0764,621.0942408376964,446.36,1.3914648284740934,0,62.44264974400548,0.7860988448743546
1806,296.99,263.91,0.83,0.0295,7425.264406779661,345.55,21.488248898219247,2,287.9238694953467,0.13302249108389128
1807,74.73,70.69,0.84,0.0574,1034.4878048780488,43.6,23.72678451555158,0,85.35131833768268,0.7606442755025496
1808,82.47,73.97,0.88,0.0268,2428.865671641791,375.88,6.461811406943149,1,93.17909938119371,0.13606404203248357
1809,391.84,388.18,0.81,0.0135,23290.800000000003,331.34,70.29275064888031,3,352.88575032580997,0.13363162545828294
1810,192.43,219.26,0.76,0.0969,1719.686274509804,201.79,8.522158057930541,0,191.8213733330594,0.7460964016689615
1811,73.96,71.5,0.8,0.0919,622.4156692056584,43.59,14.278863711990327,0,66.93107675797162,0.7624896433536996
1812,479.8,474.32,0.88,0.0153,27281.15032679739,425.35,64.13812231526364,3,452.96077890671023,0.11968163442075694
1813,305.59,210.08,0.83,0.0207,8423.497584541063,440.89,19.105667138154786,1,255.54754294101377,0.12030011649179582
1814,143.73,130.65,0.78,0.0185,5508.486486486488,458.26,12.0204392407945,1,109.29116513829395,0.10727537214639529
1815,155.7,124.98,0.76,0.0967,982.2626680455018,354.45,2.7712305488658537,0,140.93124442106338,0.7302410833314005
1816,89.51,74.48,0.89,0.0833,795.764705882353,174.72,4.554514113337643,0,63.234344750772266,0.7592599716018021
1817,289.37,268.2,0.78,0.0161,12993.540372670808,209.74,61.95070264456378,3,260.25980180945635,0.13694642443112612
1818,326.61,332.98,0.85,0.0221,12806.923076923076,407.14,31.455821282416554,3,313.31122047101746,0.14198704826851188
1819,68.58,71.86,0.84,0.0689,876.087082728592,176.18,4.972681818189306,0,80.47635343943467,0.7628997777373979
1820,91.9,87.06,0.8,0.0671,1037.973174366617,54.55,19.027922536509937,0,101.27969757614565,0.7681264473996327
1821,162.25,168.99,0.79,0.07,1907.172857142857,55.29,34.49399271374312,0,165.11262047789987,0.7358386950695686
1822,363.68,355.92,0.85,0.01,30253.199999999997,452.42,66.86972282392466,3,345.0897206969537,0.14870834984916392
1823,125.94,89.36,0.9,0.0558,1441.2903225806451,44.1,32.682320239923925,0,93.10801221797365,0.7568596489090832
1824,205.27,200.05,0.84,0.073,2301.9452054794524,191.75,12.004929363647731,0,204.36393271084367,0.7298810788041372
1825,52.52,40.18,0.81,0.0864,376.68749999999994,49.27,7.645372437588795,0,26.95894613379943,0.7975792624327833
1826,68.62,67.57,0.76,0.0831,617.9687123947052,319.28,1.9355071172472602,0,61.84835536633052,0.7520525689497033
1827,185.91,154.1,0.86,0.084,1577.6904761904757,385.96,4.087704622734158,0,168.94836696102027,0.7364054879651905
1828,110.85,104.31,0.85,0.0159,5576.32075471698,199.74,27.91789703973656,1,117.94086566469184,0.14030585164166615
1829,82.07,59.68,0.76,0.0505,898.1544554455445,363.36,2.471803323000728,0,54.508477604219095,0.7552890115043682
1830,288.33,285.9,0.75,0.0278,7713.1294964028775,353.73,21.805132435481518,2,261.1915721460751,0.1306859645165259
1831,163.72,127.63,0.82,0.0944,1108.6504237288134,308.49,3.5937969585037224,0,147.66283118020596,0.7635870803336668
1832,482.49,468.04,0.77,0.0901,3999.897891231965,343.86,11.6323442425172,2,456.7604043590746,0.7335568899303658
1833,98.13,76.51,0.81,0.0891,695.5454545454547,377.19,1.8440188089436484,0,69.26829783512437,0.7946282441295726
1834,89.55,78.21,0.85,0.0186,3574.1129032258063,52.7,67.81997918834547,1,59.50153040493217,0.10606373407505533
1835,340.85,331.75,0.85,0.0136,20734.375,349.55,59.317336575597196,3,325.3076572457632,0.1593395932818187
1836,54.29,58.73,0.78,0.0254,1803.51968503937,51.45,35.0538325566447,1,67.44116374121523,0.1318369042648425
1837,232.94,238.9,0.8,0.0682,2802.3460410557186,208.46,13.443087599806766,2,227.58387908086152,0.7305447155008631
1838,94.22,97.75,0.86,0.0156,5388.782051282051,454.03,11.86877970901053,1,103.21015825310961,0.11855469067694266
1839,188.38,169.41,0.88,0.0149,10005.422818791947,53.95,185.45732750309446,3,152.75160914017894,0.10810642864018055
1840,339.54,301.7,0.75,0.0221,10238.687782805428,226.15,45.27387920762957,2,325.30325254390493,0.13289206052511685
1841,57.08,39.31,0.89,0.0705,496.2539007092199,342.2,1.4501867349772646,0,31.65887303572285,0.767582811918067
1842,59.55,46.89,0.8,0.0662,566.6465256797584,440.68,1.2858457966773131,0,32.10648963954327,0.7783064831632514
1843,395.43,400.01,0.84,0.0981,3425.162079510703,415.29,8.247639190711798,2,357.546799034204,0.7407124236355037
1844,85.01,72.96,0.9,0.0702,935.3846153846154,43.44,21.532795013457996,0,74.41340229558637,0.7691271378808712
1845,210.91,221.85,0.88,0.0761,2565.413929040736,194.09,13.217651239325756,0,208.60178677160408,0.7304890391136041
1846,144.63,131.88,0.79,0.0795,1310.5056603773583,197.27,6.643208092347332,0,150.06299709306174,0.7590859381306747
1847,87.83,76.72,0.8,0.0149,4119.194630872484,44.14,93.32112892778622,1,60.19103126039715,0.10841347371839935
1848,125.91,108.1,0.9,0.0154,6317.532467532466,43.11,146.54447848602334,1,113.02130432180755,0.08912537046419049
1849,179.58,123.46,0.88,0.0564,1926.3262411347516,45.14,42.67448473936091,0,142.1066569426365,0.7299763782992008
1850,87.69,66.71,0.79,0.0776,679.1353092783505,207.91,3.266486986091821,0,57.9521559584263,0.767878456436275
1851,97.28,82.98,0.79,0.0142,4616.492957746479,184.45,25.028424818359877,1,107.93818547707791,0.13205768417412642
1852,167.59,125.32,0.83,0.0207,5024.908212560386,56.47,88.9836765107205,1,132.23791301089207,0.1116980605804432
1853,85.94,90.66,0.85,0.0246,3132.5609756097556,346.25,9.047107510786297,1,97.04061726293102,0.11119614159685297
1854,155.1,140.94,0.89,0.0596,2104.6409395973155,196.45,10.713366961554165,0,139.95221527044012,0.756448444937547
1855,137.62,120.04,0.84,0.0747,1349.8473895582329,429.08,3.1459107615321917,0,103.31709187130625,0.7706193460296916
1856,196.37,195.35,0.8,0.0163,9587.730061349695,439.22,21.828992444218603,1,196.84257317446702,0.14959767965839865
1857,387.67,355.26,0.75,0.0554,4809.476534296029,325.04,14.796568220206833,2,330.1135492394428,0.7098330872033185
1858,176.84,162.08,0.82,0.0127,10465.007874015748,377.27,27.73877560902205,1,159.03174111045792,0.13454060240940177
1859,285.36,250.31,0.81,0.0776,2612.771907216495,425.04,6.14712005273973,2,254.93839855004722,0.732258843165406
1860,295.28,272.39,0.85,0.0948,2442.315400843882,308.59,7.914434689535896,2,286.9908690366427,0.7205055997988358
1861,139.23,126.85,0.77,0.074,1319.9256756756756,48.14,27.418481006972904,0,104.86052191254994,0.737589857880485
1862,231.45,210.26,0.87,0.0197,9285.593908629442,46.98,197.64993419815758,3,227.80905038564134,0.12388828082559279
1863,85.53,74.15,0.88,0.0501,1302.4351297405192,183.43,7.100447744319463,0,95.47969230642067,0.7572111091689373
1864,95.81,81.84,0.75,0.0848,723.8207547169811,310.13,2.3339269168315906,0,87.42491139571229,0.7617815309964088
1865,63.48,53.58,0.75,0.0122,3293.8524590163934,340.16,9.683244529093347,1,37.62296576043798,0.11257641555829506
1866,51.93,51.99,0.87,0.0285,1587.0631578947368,391.8,4.0506971870718145,1,48.02629920527971,0.13068156754018256
1867,155.28,159.82,0.86,0.0261,5266.099616858237,179.79,29.290280977018952,1,140.96008988050644,0.12718215522689616
1868,154.13,158.5,0.86,0.0502,2715.338645418327,377.59,7.1912355873257425,0,137.6881869773222,0.7258359616945004
1869,143.28,151.99,0.87,0.0131,10093.992366412213,53.15,189.91519033701246,3,148.1179792314388,0.11372746652526133
1870,167.43,122.54,0.84,0.026,3958.984615384615,394.25,10.041812594507585,1,133.2521288492232,0.11726696320510362
1871,98.8,113.06,0.84,0.0117,8117.128205128204,181.01,44.843534639678495,1,109.1235581152413,0.12482003498472444
1872,378.0,390.64,0.85,0.0554,5993.574007220216,304.81,19.663311594830276,2,360.07579584389504,0.7138862147662401
1873,149.97,107.06,0.84,0.0613,1467.05383360522,300.14,4.887898426085227,0,116.29989979724209,0.7685918010264708
1874,453.19,387.65,0.76,0.0985,2991.0050761421317,52.9,56.540738679435385,2,429.41059746225613,0.7329800716979196
1875,160.77,124.22,0.87,0.0152,7109.960526315788,212.52,33.45548901899016,1,145.22422137029224,0.12642256417747214
1876,116.86,100.73,0.87,0.0297,2950.6767676767677,52.1,56.6348707807441,1,85.98864764943198,0.0887306056296012
1877,313.42,336.62,0.88,0.0565,5242.930973451327,370.6,14.147142400030564,2,300.45528313487705,0.7303738552726301
1878,120.09,106.61,0.89,0.0193,4916.212435233161,214.66,22.902321975371105,1,127.5436438891339,0.12447598934765783
1879,77.31,76.44,0.89,0.0731,930.6648426812585,379.93,2.4495692434955347,0,88.55536348177833,0.7559613815544229
1880,202.73,218.12,0.87,0.0734,2585.3460490463212,208.8,12.381925522252496,0,200.8273652538774,0.7349603716898696
1881,153.84,132.14,0.88,0.0764,1522.0314136125653,402.47,3.781726373673976,0,138.0921783124608,0.7493682220118855
1882,161.62,152.04,0.9,0.019,7201.894736842105,173.77,41.444983235553345,1,146.6581641912804,0.08603870801971043
1883,360.44,313.51,0.78,0.0788,3103.2715736040614,390.81,7.940614553373919,2,325.2607193066736,0.7202744928670373
1884,219.0,203.1,0.82,0.0167,9972.5748502994,359.98,27.703135869491078,1,215.60017214512533,0.12609563603193308
1885,195.96,166.91,0.87,0.0218,6661.087155963303,49.25,135.2505006286965,1,159.99349651849352,0.11103304394423766
1886,192.15,212.11,0.8,0.027,6284.740740740742,195.44,32.156880580949355,1,193.2068597038972,0.13450096897228372
1887,333.55,306.64,0.87,0.0291,9167.587628865978,390.71,23.463918581213633,2,282.0756718830761,0.1209215104274445
1888,312.48,292.23,0.89,0.0892,2915.7477578475336,186.1,15.667639752001794,2,282.2991854654463,0.7484971767055423
1889,50.52,46.66,0.76,0.0292,1214.4383561643835,46.2,26.286544505722585,1,44.91277300278804,0.10695476068596875
1890,220.54,160.92,0.85,0.059,2318.338983050847,52.84,43.87469687832792,0,178.5619742804517,0.7588600138109967
1891,123.2,116.65,0.77,0.0188,4777.686170212766,396.72,12.042967761173538,1,110.70817342236091,0.12305395609141198
1892,452.01,514.68,0.89,0.0902,5078.328159645232,229.74,22.104675544725477,2,430.1786877370708,0.762675495555229
1893,382.41,261.44,0.78,0.0722,2824.4210526315787,315.47,8.953057509847461,2,326.9893644739508,0.7360829150937945
1894,151.26,142.41,0.89,0.0624,2031.1682692307693,225.67,9.000612705413964,0,135.16594738011747,0.7649438112338585
1895,53.57,45.82,0.89,0.09,453.1088888888889,55.98,8.09412091620023,0,67.66748987005583,0.7637950188094991
1896,97.9,87.31,0.75,0.0211,3103.4360189573463,413.05,7.513463307002412,1,106.35553928920409,0.11632873962696015
1897,419.0,370.78,0.8,0.0285,10407.859649122804,223.04,46.663646203025486,2,397.8784519439695,0.13201956006972676
1898,56.43,64.15,0.89,0.0923,618.564463705309,49.28,12.552038630383704,0,68.72415755270359,0.7248500859887339
1899,109.78,84.65,0.82,0.0236,2941.228813559322,364.19,8.076083400311163,1,98.36333485924963,0.11310816028238711
1900,69.33,70.19,0.8,0.0944,594.8305084745764,49.56,12.002229791658118,0,81.63327825391505,0.7758892315794913
1901,55.38,45.56,0.8,0.0261,1396.4750957854405,220.74,6.326334582701098,1,31.504782595764908,0.12638185561562496
1902,393.46,354.16,0.9,0.0678,4701.2389380530985,374.58,12.5506939453604,2,372.7625809719111,0.7678614322017503
1903,488.62,544.59,0.82,0.096,4651.70625,56.0,83.06618303571429,2,461.064982585932,0.7085295536079868
1904,68.39,50.91,0.88,0.0839,533.9785458879618,45.09,11.842504898823725,0,42.26250466642645,0.748368549542981
1905,114.86,102.5,0.78,0.0735,1087.7551020408164,444.83,2.445327657848653,0,82.65404181379616,0.7457904724403206
1906,291.9,250.11,0.84,0.0102,20597.294117647056,451.3,45.639916059488264,3,242.85379564205158,0.11944233512744251
1907,81.77,73.53,0.86,0.0276,2291.1521739130435,398.53,5.749008039327136,1,74.01860824186784,0.12481918953640328
1908,56.74,55.35,0.89,0.0121,4071.1983471074386,321.97,12.64465120075609,1,70.07625912055065,0.12077705205433277
1909,352.44,284.95,0.9,0.0751,3414.8468708388814,220.91,15.458090945809975,2,317.6466327887374,0.7560021907868543
1910,92.12,72.16,0.82,0.0947,624.8278775079197,202.55,3.084808084462699,0,65.25777620444047,0.7846215852474142
1911,483.11,398.84,0.84,0.0185,18109.49189189189,373.05,48.54440930677359,3,418.80537372718186,0.11937102845197903
1912,129.6,106.44,0.81,0.0254,3394.3464566929138,455.29,7.4553503408660715,1,96.87077732584031,0.1116466510655063
1913,71.45,55.36,0.89,0.0987,499.19351570415404,170.49,2.92799293626696,0,47.49322892358023,0.7461658779855885
1914,100.31,90.6,0.79,0.0289,2476.6089965397923,356.31,6.950714255956308,1,110.07717858772979,0.1392042102072194
1915,250.11,178.7,0.86,0.0572,2686.7482517482517,170.55,15.753434486943721,0,204.93501090247747,0.7047893623184851
1916,317.4,292.99,0.8,0.0611,3836.2029459901805,362.57,10.580585668947185,2,285.10907895658704,0.7255733239977576
1917,100.21,76.82,0.81,0.0957,650.2006269592476,194.94,3.335388462907806,0,90.0179921426459,0.764828524977154
1918,122.73,118.68,0.89,0.0235,4494.689361702128,365.76,12.288630144636176,1,110.20735537311603,0.1427065486090536
1919,165.41,177.45,0.88,0.0516,3026.2790697674413,371.02,8.156646730007658,0,168.57617073847672,0.7211119179344309
1920,84.04,95.2,0.87,0.0233,3554.6781115879826,182.82,19.44359540306303,1,95.10501837554934,0.14283313352059243
1921,124.21,142.17,0.81,0.0545,2112.985321100917,359.53,5.877076519625392,0,129.59526185276593,0.742132614905022
1922,122.33,122.94,0.83,0.0552,1848.554347826087,177.41,10.419673906916673,0,128.43670011036204,0.7335860562152703
1923,58.85,53.09,0.89,0.0146,3236.3082191780823,47.41,68.26214341231982,1,72.58523360451028,0.09488766824603634
1924,233.07,211.22,0.88,0.0902,2060.682926829268,435.04,4.736766565900304,0,210.66579177266678,0.7418794524030787
1925,94.38,70.14,0.83,0.0974,597.7022587268995,355.16,1.6829098398662559,0,67.22252695697422,0.7791940383938356
1926,132.9,130.8,0.8,0.0718,1457.381615598886,344.99,4.22441698483691,0,119.48454732725904,0.7581918293352369
1927,225.33,226.88,0.76,0.0858,2009.6596736596737,49.06,40.963303580507,0,202.08394244770798,0.745875662928542
1928,111.65,120.5,0.82,0.0573,1724.4328097731238,203.13,8.48930640364852,0,119.65807157096995,0.7239853431629767
1929,51.03,52.64,0.76,0.081,493.90617283950616,187.66,2.631920349778888,0,65.69034174496659,0.7416630702175893
1930,372.12,274.19,0.84,0.0984,2340.6463414634145,212.18,11.031418330961516,2,317.81062212563506,0.7515603099078814
1931,75.71,77.6,0.76,0.0102,5781.960784313725,379.4,15.239749036145822,1,87.70969179036868,0.13324330594652203
1932,78.21,76.37,0.8,0.078,783.2820512820514,341.0,2.2970148131438455,0,70.46933992980952,0.7631766923721771
1933,164.72,172.26,0.76,0.0748,1750.2352941176468,312.64,5.598244927448973,0,168.88332545827194,0.715875523091472
1934,325.02,265.81,0.84,0.0909,2456.3300330033003,221.66,11.081521397650908,2,275.5506431747865,0.7287058328760095
1935,69.9,55.12,0.85,0.0243,1928.0658436213992,321.05,6.005500213740536,1,44.88741611034001,0.11645245898859997
1936,110.25,95.96,0.89,0.0909,939.5423542354235,395.49,2.3756412405760536,0,78.72877869022268,0.7329721188253048
1937,442.13,339.1,0.76,0.07,3681.657142857143,362.17,10.165549722111557,2,397.8475772667214,0.7241003886277406
1938,378.57,286.69,0.84,0.0972,2477.5679012345677,335.83,7.377446628456564,2,325.27601405236373,0.7461360227817739
1939,159.67,141.99,0.85,0.0574,2102.6393728222997,391.37,5.372510342699491,0,124.18179030959263,0.7547358313600325
1940,147.29,168.26,0.84,0.0122,11585.114754098357,55.43,209.00441555292002,3,151.78313630887772,0.13687026426049687
1941,56.88,48.45,0.84,0.0171,2380.0,44.12,53.943789664551225,1,68.31567918266084,0.1128522010963674
1942,260.81,244.84,0.76,0.0178,10453.842696629215,377.6,27.684964768615504,1,233.67694190451516,0.14148649761782026
1943,180.01,199.66,0.87,0.0149,11658.0,51.15,227.91788856304987,3,181.10023157044495,0.14123334781416974
1944,155.48,172.98,0.75,0.0607,2137.314662273476,190.45,11.222445063131932,0,158.97081067056462,0.7488761853590508
1945,81.73,83.12,0.85,0.0868,813.963133640553,357.49,2.276883643292268,0,93.6417226366635,0.7643113409565633
1946,79.39,62.44,0.81,0.0664,761.6927710843373,53.31,14.287990453654798,0,70.3124382712727,0.7632833972631075
1947,87.68,80.18,0.75,0.0175,3436.285714285714,56.64,60.66888619854721,1,77.84936067308317,0.12533516085777135
1948,81.12,82.55,0.84,0.0976,710.4713114754097,380.53,1.8670572923958946,0,94.48304495192181,0.7804258229197986
1949,51.06,53.97,0.88,0.0766,620.0208877284596,194.14,3.1936792403855963,0,66.34976706760494,0.7707019265026274
1950,63.33,56.28,0.85,0.0118,4054.06779661017,432.46,9.374434159483352,1,55.46570735996379,0.12669403356718642
1951,396.68,345.41,0.77,0.0551,4826.963702359347,389.12,12.404820369961314,2,339.3981892709319,0.7274255651057594
1952,51.07,42.44,0.83,0.076,463.48947368421045,338.64,1.3686790505675952,0,47.13859207466082,0.7598005302940736
1953,197.46,167.92,0.9,0.0728,2075.9340659340655,300.65,6.9048197769302035,0,179.03618610828258,0.7339943780953891
1954,150.67,127.78,0.77,0.0299,3290.6555183946493,328.22,10.02576174027984,1,137.58715044673255,0.11122971666463859
1955,265.03,217.18,0.89,0.0248,7793.959677419354,428.44,18.191484635933513,1,218.23612317294854,0.13079768054638224
1956,149.5,114.74,0.88,0.0757,1333.8335535006604,176.41,7.560986075056179,0,115.3511955434273,0.7672249456525507
1957,212.53,193.69,0.8,0.0665,2330.1052631578946,53.82,43.2944121731307,0,208.24714009324538,0.733433661571125
1958,91.7,75.83,0.81,0.0744,825.5685483870968,371.23,2.223873470320547,0,63.36088178589307,0.7833320601723915
1959,53.31,42.9,0.87,0.0579,644.6113989637305,44.37,14.528091029157777,0,27.18373173673342,0.723802078543425
1960,88.98,73.42,0.86,0.0206,3065.1067961165045,50.6,60.5752331248321,1,81.29271528276081,0.11298065195245789
1961,139.21,125.99,0.88,0.0194,5715.010309278351,52.36,109.14840162869272,1,107.18291601833823,0.10060061261203175
1962,323.74,273.7,0.89,0.0768,3171.7838541666665,422.75,7.5027412280701755,2,272.25799022564604,0.7307240080695354
1963,88.8,67.27,0.82,0.0181,3047.5911602209935,318.33,9.573685044516676,1,61.74802133024588,0.11472031449666507
1964,140.1,112.35,0.76,0.0257,3322.412451361867,362.24,9.171854161224235,1,107.93952585056235,0.12011434183536389
1965,64.52,72.89,0.84,0.018,3401.5333333333333,392.94,8.656622724419334,1,77.43069381289371,0.13297981590522523
1966,97.0,90.51,0.83,0.0566,1327.2667844522969,325.42,4.078626957323756,0,106.848777950494,0.7641824304475178
1967,106.61,109.85,0.83,0.0967,942.8697001034126,298.4,3.1597510057084874,0,116.39644262481949,0.7399078590570511
1968,54.7,57.52,0.82,0.0145,3252.855172413793,47.16,68.97487642946975,1,67.52932822842878,0.1221129345535637
1969,479.16,527.63,0.76,0.0292,13732.835616438357,421.43,32.58627913636513,3,452.45637466048646,0.14266220645593625
1970,236.82,240.81,0.76,0.0843,2171.0035587188613,435.03,4.990468608415193,2,211.19778191793628,0.7403293613002928
1971,88.81,73.85,0.84,0.0726,854.4628099173552,184.82,4.623216155812981,0,60.06028120391636,0.784508575620995
1972,157.93,148.05,0.87,0.0751,1715.0932090545941,352.19,4.869795306665703,0,163.19496202026977,0.7391557016777109
1973,108.85,85.88,0.86,0.0509,1451.0176817288798,176.03,8.24301358705266,0,76.96883640187941,0.7532777974885003
1974,168.55,135.39,0.77,0.0724,1439.9212707182319,181.33,7.940888273965873,0,130.9251872481721,0.7521087846713744
1975,211.7,156.58,0.8,0.0165,7591.757575757576,369.06,20.570523968345462,1,170.42309688253815,0.12389258234316872
1976,124.48,124.74,0.85,0.0262,4046.908396946564,43.17,93.7435347914423,1,130.60225607705974,0.1083237067789595
1977,127.92,121.26,0.86,0.0538,1938.3568773234201,54.66,35.4620723988917,0,112.04658079864043,0.7439582644825491
1978,188.33,186.04,0.87,0.0268,6039.358208955224,208.62,28.9490854613902,1,170.62878087036415,0.13011286203877065
1979,150.2,133.85,0.84,0.0834,1348.1294964028777,207.8,6.487629915317024,0,137.79592948985186,0.7615774500632801
1980,62.26,46.2,0.8,0.059,626.4406779661017,377.89,1.6577328798489024,0,36.86645517601673,0.7889301182584056
1981,279.61,267.02,0.86,0.0778,2951.634961439589,307.99,9.58354154823075,2,272.7373253397357,0.7239515258234056
1982,305.75,284.77,0.82,0.0192,12162.052083333332,174.46,69.71255349841414,3,275.93533720456475,0.13057935848579916
1983,132.77,112.45,0.86,0.0858,1127.1212121212122,193.19,5.834262705736386,0,101.45202848316411,0.7692584533687911
1984,78.51,69.83,0.85,0.0922,643.7689804772234,431.41,1.492243991741553,0,71.98592624521844,0.787848378215192
1985,65.23,64.98,0.77,0.0938,533.4179104477613,318.67,1.6738880674295078,0,60.517880621675005,0.776363420013672
1986,247.8,235.52,0.83,0.0184,10624.0,181.64,58.489319533142485,1,222.54696940675993,0.1410481459179878
1987,179.56,165.55,0.87,0.0525,2743.4,222.42,12.334322453016815,0,160.49161398005322,0.7496738120612925
1988,395.18,351.83,0.79,0.065,4276.087692307692,204.68,20.891575592669984,2,337.197876751684,0.7408659007060198
1989,472.75,396.9,0.8,0.079,4019.2405063291135,426.36,9.426870499880648,2,408.430547185717,0.7378797041294356
1990,201.43,163.06,0.77,0.0698,1798.7994269340975,361.64,4.9740057154465696,0,161.44419511045572,0.7441774214972748
1991,100.26,82.99,0.83,0.0754,913.5503978779841,44.86,20.364476100712977,0,89.52147284932289,0.7447025391550901
1992,339.34,353.73,0.87,0.0917,3355.9989094874595,340.98,9.842216286842218,2,326.5876124113671,0.7213600379031989
1993,98.21,106.38,0.79,0.0186,4518.290322580645,219.72,20.56385546413911,1,108.39736925519023,0.13475431815385439
1994,63.53,59.01,0.84,0.0133,3726.947368421053,313.11,11.902996928942073,1,76.52962706636066,0.12658786726164503
1995,270.25,246.82,0.75,0.0213,8690.845070422536,178.08,48.80303835592169,1,225.1843831647425,0.10773921436589477
1996,113.64,86.96,0.76,0.0265,2493.9471698113207,329.51,7.568653970475314,1,83.46126137704132,0.10623134948638588
1997,100.97,99.35,0.82,0.0858,949.4988344988344,426.59,2.225787839609073,0,109.04069168574969,0.7382996186440828
1998,171.51,139.02,0.8,0.0823,1351.34872417983,387.56,3.486811652853313,0,154.30321220087478,0.727840616282904
1999,110.22,84.55,0.86,0.0541,1344.0480591497226,340.32,3.9493654770501956,0,98.3625926594083,0.7091894203444934
2000,287.82,219.79,0.78,0.0193,8882.704663212437,199.72,44.47578942125194,1,240.21410957527274,0.12772393307987556
2001,79.78,68.34,0.83,0.0176,3222.8522727272725,346.19,9.309489796722241,1,50.744181834409034,0.10468788598943071
2002,157.75,143.56,0.77,0.0911,1213.4050493962677,45.78,26.50513432495124,0,125.28985559255192,0.744361568615654
2003,151.94,126.66,0.82,0.0266,3904.5563909774437,187.08,20.871051908153962,1,139.4251252234659,0.11874632036476025
2004,197.89,211.51,0.89,0.0614,3065.8615635179153,321.2,9.545023547689649,0,197.88475093192886,0.7258116449129747
2005,176.45,123.01,0.76,0.0645,1449.4201550387595,434.39,3.336679378067542,0,139.4339603962436,0.7316540960063361
2006,56.28,49.91,0.87,0.0852,509.64436619718305,332.98,1.5305554874082017,0,52.214784874186066,0.7797014474447057
2007,90.34,75.82,0.83,0.0276,2280.0942028985505,385.56,5.913720829179765,1,80.8794837614485,0.11669446363865164
2008,136.92,127.69,0.88,0.0912,1232.0964912280701,388.26,3.173379928985912,0,123.53321807559381,0.7380811192684295
2009,405.21,346.88,0.86,0.011,27119.709090909095,45.82,591.8749255981907,3,365.73008154343586,0.12824234017835762
2010,239.18,210.17,0.76,0.0728,2194.0824175824173,432.06,5.078189181091555,0,214.90472328428186,0.7445418238626716
2011,172.9,183.68,0.77,0.0113,12516.24778761062,346.6,36.111505446077956,1,175.84486324811346,0.13850061816932532
2012,435.38,338.23,0.85,0.0263,10931.38783269962,49.9,219.0658884308541,3,392.485696025278,0.13572593613985331
2013,72.38,81.14,0.77,0.0272,2296.9779411764707,369.73,6.212581995446598,1,83.7687128373976,0.12001508588095987
2014,325.92,255.62,0.81,0.0177,11697.864406779661,332.18,35.215438638026555,3,294.8532278337021,0.13638771330869828
2015,96.83,102.3,0.79,0.0155,5214.0,381.58,13.664238167618848,1,107.0222812682672,0.11470910708216805
2016,178.17,187.15,0.76,0.0581,2448.0895008605853,341.22,7.174519374188456,0,180.47708939763518,0.7067648490652815
2017,59.03,47.38,0.89,0.085,496.0964705882353,56.33,8.806967345787951,0,32.27313174358673,0.7743100230661553
2018,391.5,328.09,0.81,0.0172,15450.75,51.5,300.0145631067961,3,352.65202879723796,0.13466570611558704
2019,372.67,363.84,0.82,0.0178,16761.16853932584,359.19,46.6637950369605,3,337.4541119940209,0.13873118127408543
2020,157.72,134.53,0.86,0.0957,1208.9425287356323,342.48,3.5299653373500126,0,142.49265745640483,0.7302482694644341
2021,124.64,137.19,0.9,0.0697,1771.4634146341464,55.2,32.09172852598091,0,132.1274099430976,0.7499811084615421
2022,358.6,311.04,0.78,0.026,9331.2,381.53,24.457316593714783,2,306.6014363968653,0.12340340736003927
2023,134.24,119.78,0.78,0.0184,5077.630434782609,312.91,16.227127400155343,1,139.3843153076856,0.12606652515944183
2024,280.56,298.95,0.87,0.0857,3034.848308051342,374.77,8.097895530729092,2,272.5573553985459,0.7295556092058113
2025,77.76,66.84,0.82,0.0249,2201.156626506024,360.98,6.0977246011026205,1,49.340014296459586,0.10865418143099285
2026,317.61,216.69,0.75,0.0237,6857.278481012658,46.48,147.53180897187303,3,266.569286688889,0.09876979224882182
2027,209.81,185.04,0.85,0.089,1767.2359550561798,357.9,4.937792553942945,0,169.13509137701604,0.7438366204725766
2028,52.49,53.68,0.89,0.0985,485.0274111675127,396.99,1.2217622891445947,0,66.96698129429033,0.7512863327593899
2029,212.41,243.38,0.78,0.0168,11299.785714285714,315.94,35.76560648947811,1,209.5106408417424,0.12047558657634794
2030,152.75,105.15,0.81,0.0953,893.7198321091292,43.12,20.726341189914873,0,119.10861088002484,0.7538501119404677
2031,175.84,160.6,0.83,0.0626,2129.361022364217,201.04,10.591728125568132,0,177.38476968808314,0.7262236407056186
2032,185.9,176.28,0.77,0.0888,1528.554054054054,399.51,3.8260720734250806,0,187.64009826105575,0.7105460281761651
2033,88.48,65.61,0.84,0.063,874.8000000000001,366.95,2.3839760185311354,0,61.28709927509327,0.7835430388916065
2034,83.84,82.84,0.8,0.0818,810.1711491442543,376.38,2.152535068665323,0,94.58966061907766,0.7642462088406972
2035,493.0,391.53,0.83,0.0232,14007.323275862067,340.48,41.13992973408737,3,428.86793107189027,0.10009974298110043
2036,110.89,89.48,0.87,0.0559,1392.6225402504474,57.45,24.240601222810223,0,99.53820861501795,0.6912466493708845
2037,170.02,186.1,0.76,0.0101,14003.564356435645,43.15,324.5321982951482,3,172.8593126561328,0.10873991464991226
2038,450.55,358.43,0.76,0.0666,4090.192192192192,358.59,11.40631973058979,2,389.13436430942124,0.7198037644135615
2039,82.28,78.34,0.75,0.0599,980.8848080133557,449.3,2.183140013383832,0,72.43347616783237,0.7742319760629338
2040,170.22,139.86,0.84,0.0529,2220.8393194706996,192.33,11.547025006346901,0,152.4284653963227,0.7225351800675539
2041,155.27,158.03,0.76,0.0278,4320.244604316547,436.47,9.898147878013487,1,141.3245497177694,0.1353585948260937
2042,198.05,168.85,0.86,0.0859,1690.4656577415597,52.7,32.07714720572219,0,159.85043472198427,0.7330068740702554
2043,67.65,52.68,0.89,0.0982,477.44602851323833,224.62,2.1255722042259744,0,42.64654678140769,0.7564240393865462
2044,471.46,456.68,0.82,0.0632,5925.278481012658,226.87,26.117505536265956,2,427.10770609036564,0.7479715465687802
2045,92.5,95.67,0.83,0.0723,1098.2863070539418,229.97,4.775780784684706,0,100.25261830656135,0.7689922041281047
2046,54.15,41.47,0.8,0.0736,450.76086956521743,421.26,1.0700300754052543,0,47.578493011919846,0.7892741596985047
2047,52.99,49.64,0.79,0.0635,617.5685039370079,50.17,12.309517718497267,0,64.04134763586306,0.7550633717457864
2048,152.03,126.62,0.77,0.0871,1119.3731343283582,376.95,2.9695533474687843,0,137.60297750320547,0.7198500015857421
2049,88.33,70.33,0.83,0.0783,745.5159642401021,425.86,1.750612793500451,0,59.83301232497547,0.7772895473539186
2050,65.84,67.72,0.89,0.0722,834.775623268698,45.29,18.431786780055155,0,59.47408882328742,0.7272650367635447
2051,383.81,293.59,0.84,0.0955,2582.362303664921,55.56,46.47880316171564,2,328.959103243197,0.7554451734222883
2052,166.54,130.98,0.84,0.0197,5584.934010152284,224.37,24.891625485369183,1,150.18582890785626,0.13042883845044953
2053,96.34,89.12,0.85,0.0136,5570.0,449.73,12.385208903119649,1,105.04486232765315,0.125725357187719
2054,102.21,98.18,0.76,0.0241,3096.132780082988,51.47,60.15412434589058,1,108.28078294742761,0.12238069178301514
2055,203.22,186.2,0.81,0.0221,6824.524886877827,376.17,18.142129587361637,1,181.75652973711985,0.12063805140558208
2056,409.7,457.98,0.85,0.0101,38542.87128712871,57.27,673.0028162585771,3,388.5337202572465,0.15568803404009435
2057,96.97,86.74,0.79,0.055,1245.901818181818,225.32,5.529477268692607,0,67.49381908843907,0.7722903019271508
2058,161.32,133.68,0.78,0.0879,1186.2389078498293,229.11,5.177595512416871,0,126.39314067281344,0.7279157656603834
2059,72.29,61.96,0.78,0.0283,1707.7314487632511,202.22,8.444918646836372,1,65.47450452055513,0.14188856968623778
2060,243.44,224.69,0.88,0.028,7061.685714285715,383.43,18.417144496481015,1,239.46412705121972,0.1347350716250704
2061,129.37,103.47,0.83,0.0216,3975.930555555555,371.11,10.713617406040136,1,116.1838507998813,0.12970194337328708
2062,414.7,285.19,0.84,0.0183,13090.688524590163,377.02,34.721469748528364,3,356.8359498443136,0.11094588354865335
2063,97.93,95.47,0.79,0.0634,1189.6104100946372,403.87,2.945528041435703,0,106.0694484354466,0.7697309646794875
2064,300.33,268.88,0.8,0.0838,2566.873508353222,52.0,49.362952083715804,2,271.8869327833071,0.753033756461388
2065,169.44,140.64,0.79,0.0249,4462.0722891566265,393.67,11.334549976265976,1,134.80120491969552,0.10500344395123255
2066,392.06,273.47,0.87,0.0923,2577.669555796317,412.09,6.255113096159376,2,333.72837378941153,0.7401776235323159
2067,71.01,61.2,0.75,0.0825,556.3636363636364,204.03,2.72687171672615,0,82.66987796849489,0.7580659545271534
2068,190.5,184.65,0.84,0.0257,6035.252918287937,201.16,30.00225153255089,1,191.42557621962567,0.13671548512911588
2069,342.25,317.37,0.8,0.0566,4485.795053003534,394.64,11.366802789893407,2,326.4848570506897,0.7273853706866411
2070,316.5,217.78,0.85,0.0723,2560.3457814661133,444.84,5.755655474926071,2,264.77785335375006,0.7342481611109318
2071,74.66,65.67,0.88,0.0845,683.9005917159764,396.32,1.7256272499898475,0,68.21784206897905,0.7696215714427127
2072,360.58,347.16,0.85,0.0925,3190.118918918919,389.34,8.19365829074567,2,345.18307824244175,0.7229287368341999
2073,101.16,86.55,0.88,0.0965,789.2642487046631,53.26,14.819080899449178,0,110.63117320777889,0.752762113774407
2074,413.97,298.6,0.8,0.058,4118.620689655172,364.62,11.295652157465778,2,353.94819377887694,0.7397876423852574
2075,80.47,71.16,0.85,0.0278,2175.7553956834536,57.15,38.07096055439114,1,52.71085253203789,0.10709496450322517
2076,84.27,71.04,0.86,0.0152,4019.3684210526317,342.21,11.745327199826516,1,57.878565695822914,0.1068253058937758
2077,381.17,353.93,0.83,0.093,3158.730107526881,396.85,7.959506381572083,2,364.7348280816698,0.7369302083191365
2078,65.63,56.12,0.8,0.0753,596.2284196547145,332.82,1.791444082851735,0,78.31061137445178,0.7647977553507941
2079,57.0,50.15,0.88,0.0164,2690.975609756097,56.39,47.720794640115216,1,71.13969310746752,0.13350904064474606
2080,49.59,44.65,0.88,0.0841,467.20570749108214,210.81,2.21624072620408,0,43.94200249845652,0.7327977333073776
2081,107.84,97.18,0.76,0.0907,814.297684674752,413.39,1.9698049896580758,0,75.51480999916771,0.7424258208064249
2082,95.11,87.76,0.76,0.026,2565.292307692308,51.27,50.03495821518057,1,85.12750597635461,0.11723523486079143
2083,181.89,208.71,0.86,0.0978,1835.282208588957,367.62,4.992335043221144,0,184.81845044018152,0.7226556651807
2084,293.98,263.32,0.9,0.0172,13778.372093023256,43.18,319.0915260079494,3,263.172635630203,0.10613783969761176
2085,237.38,186.57,0.86,0.0523,3067.8814531548755,42.57,72.06674778376498,1,210.0558633065252,0.7445408209641134
2086,127.13,115.41,0.81,0.0185,5053.086486486487,406.56,12.428882542518908,1,134.02765199828679,0.14085575839849307
2087,76.64,70.98,0.81,0.0295,1948.9423728813563,347.16,5.613960055540258,1,87.90804032068151,0.12937976019267092
2088,63.5,54.64,0.8,0.0573,762.8621291448517,450.05,1.695060835784583,0,55.38121800656039,0.7469753746822402
2089,456.64,440.51,0.9,0.0915,4332.885245901639,399.88,10.835463753880262,2,414.93274030687536,0.7752352612268963
2090,148.21,156.62,0.77,0.0187,6449.058823529412,174.34,36.9912746560136,1,151.81591627550105,0.13086250400115265
2091,114.67,102.2,0.88,0.0274,3282.335766423358,297.72,11.024908526210393,1,86.15537155562204,0.10972505213284331
2092,132.83,127.45,0.89,0.0732,1549.5969945355193,402.24,3.852418940273268,0,139.1658813034259,0.7445931200709215
2093,61.15,52.98,0.87,0.0151,3052.4900662251653,55.43,55.069277759790104,1,34.90063796654994,0.10348712853931522
2094,113.27,125.79,0.88,0.0208,5321.884615384616,417.57,12.744892150740274,1,120.20089511304744,0.14734539938471522
2095,69.0,78.71,0.84,0.0823,803.3584447144593,193.72,4.147008283679844,0,82.15950630657268,0.769954216294516
2096,382.05,339.11,0.83,0.0114,24689.587719298244,328.5,75.15856231141018,3,327.1305211655495,0.11587218108771088
2097,114.73,92.78,0.79,0.0873,839.589919816724,182.32,4.605034663321216,0,82.81672627631106,0.759859653465206
2098,450.6,390.5,0.79,0.03,10283.166666666668,367.89,27.951742821676774,2,409.5902372694323,0.12932040543162357
2099,349.22,249.55,0.87,0.0225,9649.266666666666,381.24,25.310215787080754,2,295.6279055359952,0.1364241496865279
2100,383.06,342.27,0.9,0.029,10622.172413793103,220.1,48.26066521487098,3,347.46509695253,0.10969216240567463
2101,125.95,108.95,0.75,0.0753,1085.1593625498008,403.03,2.6925026984338656,0,112.86463331510876,0.7590375800601962
2102,309.66,223.88,0.77,0.0718,2400.9415041782727,414.78,5.7884698012880875,2,259.0727611372721,0.7343982843713571
2103,337.53,285.06,0.76,0.0678,3195.3628318584074,323.91,9.864971232312701,2,304.4860095522531,0.7310031341670515
2104,223.7,247.1,0.75,0.0226,8200.221238938053,47.33,173.25631183051033,3,218.82941728592027,0.11586322882858069
2105,84.55,60.87,0.83,0.0649,778.4607087827426,301.18,2.5847025326473956,0,56.81789043428597,0.7844358878733101
2106,64.9,63.57,0.82,0.0857,608.2543757292882,372.82,1.6314960992685161,0,77.35044790271832,0.771225090138389
2107,408.54,341.24,0.82,0.0209,13388.363636363638,53.6,249.7829036635007,3,351.25645961245687,0.12692895065632978
2108,107.96,105.13,0.86,0.0536,1686.7873134328358,391.17,4.312159197875184,0,113.21586214197796,0.725726272638114
2109,184.35,143.72,0.84,0.0665,1815.4105263157892,350.84,5.174468493660328,0,166.67836862471938,0.7431452696267726
2110,181.53,196.09,0.89,0.0977,1786.2855680655068,443.85,4.024525330777305,0,183.7095793878953,0.7152595340510262
2111,362.08,296.24,0.84,0.0202,12318.89108910891,308.51,39.930281317004024,3,308.3065306161677,0.11741511710991138
2112,110.79,80.4,0.89,0.0999,716.2762762762763,352.61,2.031355538062665,0,82.08226698243246,0.7361762147881677
2113,158.03,135.55,0.82,0.0612,1816.1928104575165,46.57,38.99920142704566,0,141.56999550953998,0.7369648652094689
2114,181.37,174.78,0.88,0.0839,1833.2109654350415,49.66,36.915242960834505,0,183.8978400794629,0.7289087273439688
2115,439.8,349.93,0.83,0.082,3541.9743902439022,199.73,17.733812598227118,2,379.60647802371005,0.7398783998208855
2116,159.96,124.82,0.83,0.0974,1063.6611909650924,380.26,2.7971945273368024,0,145.05720294964306,0.7266027963296957
2117,393.62,303.69,0.8,0.0278,8739.28057553957,324.42,26.938168348250937,2,354.6499829277335,0.13143751722842756
2118,95.45,77.47,0.8,0.0807,767.9801734820323,448.33,1.712979665607995,0,86.54295238064991,0.7934948111409245
2119,151.52,139.6,0.84,0.0652,1798.5276073619634,52.74,34.101774883617054,0,134.0541787984805,0.7502577245504921
2120,414.18,298.33,0.81,0.0628,3847.8869426751594,201.71,19.076332074141884,2,355.19509415216714,0.7474599472826062
2121,336.64,283.81,0.89,0.0269,9389.99628252788,357.26,26.283368646162124,2,284.8887171242823,0.14247109664634008
2122,360.65,347.04,0.87,0.0246,12273.365853658535,401.5,30.568781702760983,3,323.7844601632004,0.14239709303489856
2123,200.02,191.07,0.76,0.0143,10154.76923076923,182.28,55.70972805995847,1,179.05075040894545,0.1314047863132166
2124,330.14,273.16,0.78,0.0738,2887.056910569106,227.26,12.703761817165828,2,277.949451424382,0.7146553628411687
2125,137.77,152.1,0.8,0.0108,11266.666666666666,44.42,253.63950172594926,3,141.54307807382443,0.12051661298006319
2126,89.47,76.46,0.81,0.0722,857.7922437673129,44.99,19.066286814121202,0,61.47687093888038,0.7759175672048241
2127,90.64,82.51,0.85,0.0778,901.4588688946017,46.81,19.257826722807128,0,82.51671751632618,0.7634389205536675
2128,123.26,103.78,0.78,0.0621,1303.5169082125606,368.77,3.5347693907111766,0,110.47436068393449,0.7390960692280671
2129,125.78,101.84,0.86,0.099,884.6707070707071,406.34,2.177168644658924,0,114.9698060866576,0.7302584174949389
2130,382.15,423.03,0.82,0.0129,26890.27906976744,199.52,134.7748550008392,3,365.57109039822126,0.13851245046705973
2131,60.45,63.29,0.75,0.0135,3516.1111111111113,401.86,8.749592174167898,1,74.30275568413545,0.12969389718068497
2132,154.78,144.79,0.86,0.0642,1939.5545171339563,199.92,9.70165324696857,0,158.92099835225534,0.7561045013303338
2133,69.39,64.23,0.79,0.0124,4092.072580645162,453.8,9.01734812834985,1,80.05602879322865,0.12995709632799335
2134,176.14,128.33,0.78,0.065,1539.96,376.14,4.094113893762961,0,137.09401966508779,0.7444672999318143
2135,149.24,112.86,0.8,0.0227,3977.444933920705,367.87,10.812093766604248,1,116.28451613285105,0.11408784150222515
2136,88.33,85.07,0.86,0.0139,5263.323741007194,52.57,100.12029182056675,1,98.03574411105008,0.13247204067109797
2137,53.85,47.17,0.83,0.0219,1787.7214611872146,366.58,4.8767566729969305,1,48.00819104463339,0.11400899961308422
2138,152.94,144.74,0.8,0.0627,1846.7623604465712,56.73,32.553540638931274,0,156.0239194741364,0.7460171556697045
2139,59.08,53.08,0.76,0.0126,3201.6507936507937,211.85,15.112819417752155,1,51.87143250837862,0.1289656586853767
2140,254.27,230.51,0.78,0.0682,2636.3313782991204,324.32,8.128796800379627,2,228.53490262302088,0.7330526184611729
2141,465.98,504.0,0.76,0.09,4256.0,352.38,12.077870480731029,2,442.70454685285875,0.7421220191448596
2142,402.1,409.42,0.76,0.0687,4529.245997088792,415.1,10.911216567306171,2,363.3431905341764,0.7387844093101265
2143,230.39,184.61,0.87,0.029,5538.299999999999,190.37,29.092293953879285,1,207.57105125712388,0.13262424324476493
2144,489.86,357.21,0.85,0.0194,15650.953608247422,427.23,36.6335547790357,3,424.38018005604346,0.11489903778375218
2145,190.02,175.63,0.88,0.0981,1575.478083588175,43.72,36.03563777649074,0,190.25017652522502,0.7375059887767228
2146,159.02,134.64,0.76,0.091,1124.4659340659339,305.89,3.676046729431933,0,126.40045686232865,0.7503057513335143
2147,183.28,172.43,0.82,0.0978,1445.7321063394681,436.04,3.3155951434259885,0,184.98572047068598,0.7188923881250362
2148,129.0,127.99,0.81,0.0146,7100.815068493152,42.59,166.72493703905027,1,134.9582113504537,0.10889989763682838
2149,161.0,125.78,0.76,0.0193,4952.994818652849,399.45,12.399536409194766,1,144.3161701974754,0.12355579575824877
2150,69.72,69.04,0.81,0.0936,597.4615384615386,388.18,1.539135294094334,0,64.12133567958745,0.7637170369448151
2151,325.25,295.2,0.89,0.0513,5121.40350877193,42.8,119.65896048532548,2,311.3459115421264,0.6892977482293595
2152,488.8,372.21,0.85,0.0965,3278.533678756476,320.86,10.217956986712199,2,423.7958280025587,0.7460753966915386
2153,58.36,64.92,0.88,0.0851,671.3231492361928,50.86,13.19943274156887,0,71.53652747338762,0.7739840470868735
2154,422.25,363.37,0.88,0.0575,5561.140869565217,204.61,27.179223251870468,2,382.7094105012052,0.7446879536127575
2155,96.33,69.17,0.89,0.0947,650.0665258711721,55.76,11.658294940300792,0,69.39521549891342,0.7689407403988266
2156,174.88,194.75,0.8,0.0607,2566.7215815486,172.27,14.89941128199106,0,178.6235542301534,0.7327495738944555
2157,89.07,73.71,0.88,0.0935,693.7411764705881,47.89,14.486138577377075,0,62.405481107323396,0.7524742930980187
2158,466.22,376.67,0.77,0.0657,4414.549467275496,43.29,101.97619467025862,2,400.35906439975184,0.7570099392396864
2159,401.77,346.08,0.83,0.0292,9837.205479452055,46.31,212.42076181066844,3,365.66162583073185,0.11764878681280592
2160,95.56,73.9,0.88,0.0833,780.6962785114048,305.03,2.559408184478264,0,85.71101825394999,0.7734498096344545
2161,72.3,79.48,0.75,0.0501,1189.8203592814373,48.74,24.411578975819392,0,82.32833978418402,0.7324342219903116
2162,159.85,145.85,0.88,0.0561,2287.843137254902,226.54,10.099069203032146,0,124.92566923143119,0.7280609267387038
2163,68.32,49.22,0.87,0.0208,2058.721153846154,55.49,37.10075966563622,1,42.34092636297194,0.11379885544056552
2164,158.94,117.71,0.81,0.0626,1523.0846645367412,186.32,8.174563463593502,0,124.49033335853821,0.7626216261654587
2165,226.33,197.94,0.8,0.0776,2040.6185567010311,382.89,5.32951645825441,0,222.87576194424486,0.725256767750487
2166,129.02,112.92,0.79,0.091,980.2945054945055,229.77,4.2664164403294835,0,114.29714971127991,0.7557026173936205
2167,68.04,59.25,0.89,0.0725,727.344827586207,417.6,1.7417261196987714,0,60.66473379059154,0.7474219758761654
2168,72.53,57.51,0.8,0.0265,1736.1509433962267,427.76,4.058703346260115,1,44.82661454458628,0.12105393906603011
2169,134.3,114.99,0.77,0.0206,4298.169902912621,46.88,91.68451158090062,1,101.95353760048718,0.10669181863160838
2170,329.09,296.75,0.87,0.0968,2667.071280991736,453.99,5.874735745262529,2,316.1916787116477,0.7136873042921081
2171,392.88,268.87,0.86,0.018,12846.011111111111,196.88,65.24792315680166,3,336.17399753562904,0.11286458635554297
2172,296.19,301.77,0.81,0.0628,3892.2563694267515,366.87,10.609361270822776,2,266.01690974010626,0.7404707320011558
2173,193.2,176.07,0.76,0.0129,10373.116279069767,179.6,57.75677215517688,1,193.94074379270972,0.13631913808558108
2174,50.12,38.51,0.81,0.0162,1925.5000000000002,56.65,33.98940864960283,1,25.41505575972201,0.10124668408243219
2175,52.59,39.86,0.88,0.0166,2113.060240963855,404.07,5.229441039829374,1,26.758207551036037,0.13331054041000265
2176,224.79,186.44,0.78,0.0781,1862.0128040973111,51.4,36.22593004080372,0,182.08724542520207,0.7458318056121864
2177,57.73,55.45,0.89,0.0217,2274.2165898617513,420.56,5.407591282722445,1,51.1026315579994,0.1324445108696615
2178,190.89,159.13,0.84,0.0603,2216.73631840796,207.3,10.693373460723395,0,152.30918862544812,0.7367000648834877
2179,65.35,55.32,0.83,0.0264,1739.2272727272727,431.37,4.031868866001977,1,60.27699685262377,0.13234793011728485
2180,176.66,156.52,0.89,0.0136,10242.852941176472,301.54,33.96847164945437,1,180.23471418475467,0.12491500941138117
2181,61.44,53.19,0.81,0.0157,2744.1974522292994,48.91,56.10708346410345,1,73.35623744527305,0.12395805138925993
2182,326.08,359.53,0.75,0.0179,15064.106145251395,328.83,45.81122812776023,3,314.64862750430757,0.1270852382290163
2183,58.34,46.13,0.82,0.0835,453.01317365269455,342.32,1.3233616898010474,0,32.76764977558469,0.7921546646113289
2184,399.51,432.27,0.82,0.0681,5205.013215859031,386.98,13.450341660703476,2,381.2725150257645,0.7221238024510446
2185,77.98,59.17,0.89,0.0688,765.4258720930233,447.5,1.7104488761855268,0,49.42075554978034,0.7659360737948592
2186,382.69,283.27,0.84,0.0662,3594.3625377643502,364.34,9.865407415502965,2,325.863525891745,0.7612763857224789
2187,53.5,37.84,0.77,0.0641,454.5522620904836,206.25,2.2038897555902235,0,28.956644086389844,0.7641312495618381
2188,113.74,116.67,0.75,0.014,6250.178571428572,56.71,110.21298838703177,1,100.42320465140965,0.12001967018319762
2189,121.56,114.92,0.83,0.0108,8831.814814814814,298.68,29.569488465296683,1,129.8649460974155,0.1265301113798956
2190,69.51,61.3,0.78,0.0558,856.8817204301075,342.77,2.4998737358290035,0,61.30447448018465,0.7572875171677387
2191,341.03,240.75,0.83,0.0976,2047.3616803278685,226.69,9.03154828324085,2,287.8085848471431,0.7489771879004988
2192,238.19,216.11,0.84,0.0616,2946.954545454545,302.4,9.745220057720058,0,195.73056453820487,0.7712621283062694
2193,243.5,268.11,0.75,0.0128,15709.5703125,446.39,35.192478130110445,3,237.6947573495629,0.13676123064142326
2194,145.31,118.15,0.88,0.0699,1487.4391988555078,360.39,4.127304306044862,0,130.72386104514433,0.738340124617928
2195,54.77,54.36,0.84,0.0137,3333.021897810219,398.76,8.358465989091732,1,48.57674985552643,0.1363266738993742
2196,232.16,211.8,0.8,0.068,2491.764705882353,42.76,58.27326253232819,0,186.79407379607318,0.7475327757930382
2197,417.7,424.96,0.79,0.0609,5512.617405582922,51.17,107.7314325890741,2,396.5393629374296,0.7510905582411627
2198,58.54,46.37,0.78,0.0713,507.27349228611496,376.83,1.3461600517106254,0,33.95969042790364,0.7794278347878825
2199,66.49,57.4,0.87,0.0181,2759.005524861878,298.65,9.238257240454974,1,79.08209576040298,0.1282845556555511
2200,71.26,52.8,0.86,0.0165,2751.9999999999995,202.73,13.57470527302323,1,44.2141348225753,0.11776893951317462
2201,182.48,160.86,0.84,0.0791,1708.2477876106195,400.72,4.262946165927878,0,145.4249507401907,0.7401761062534591
2202,106.28,111.87,0.76,0.0216,3936.1666666666665,205.67,19.138263561368536,1,115.04017125175417,0.12491735341264387
2203,62.01,54.91,0.85,0.0797,585.6148055207026,205.36,2.8516498126251584,0,55.829671076608776,0.7636165088773919
2204,97.97,100.42,0.85,0.0185,4613.891891891892,47.48,97.17548213757144,1,88.51247324415313,0.09559421757460639
2205,153.5,157.21,0.84,0.0853,1548.1406799531067,341.33,4.5356126913928065,0,139.15115155412985,0.7438506667124919
2206,116.43,79.87,0.81,0.012,5391.225,195.42,27.587887626650296,1,84.95022253079698,0.1113414282960896
2207,60.88,58.92,0.79,0.0237,1964.0000000000002,325.06,6.041961484033718,1,76.27673696790525,0.126738095831781
2208,182.0,199.62,0.83,0.0704,2353.4744318181815,401.24,5.865503020182887,0,183.68324215210512,0.733902216893851
2209,79.17,64.43,0.84,0.0701,772.0570613409416,190.61,4.050454128015012,0,54.01507845160721,0.7933223050825046
2210,85.15,79.88,0.81,0.0209,3095.8277511961724,354.94,8.722115713067483,1,96.60733937858157,0.13647591259277925
2211,144.86,136.53,0.88,0.0168,7151.571428571428,405.22,17.648614156683845,1,149.32856235636172,0.14363750335403203
2212,73.42,55.83,0.76,0.0927,457.72168284789643,192.89,2.3729674055051917,0,47.88882018458429,0.7677886390242611
2213,440.18,467.82,0.88,0.0104,39584.769230769234,182.97,216.3456808808506,3,419.76441118036394,0.12433762375326377
2214,132.67,116.91,0.83,0.0294,3300.5204081632655,306.29,10.775802044347728,1,103.25152383543339,0.11860526784899214
2215,454.43,414.73,0.86,0.0726,4912.779614325069,176.12,27.89450155760316,2,411.74598136366865,0.7517134677505966
2216,160.28,181.68,0.83,0.0136,11087.823529411764,373.53,29.68389026159014,1,163.55615928794447,0.13299114633507433
2217,77.24,66.13,0.82,0.0668,811.7754491017963,380.49,2.133500089625999,0,69.28447701923828,0.7788455057240165
2218,179.84,171.41,0.84,0.0944,1525.2584745762713,437.01,3.4902141245652762,0,182.6441509985822,0.7235153952005479
2219,285.0,255.66,0.77,0.0214,9198.981308411216,47.08,195.39042711153814,3,236.4350844511452,0.09357361420200296
2220,305.64,318.44,0.85,0.0522,5185.325670498083,54.27,95.54681537678428,2,294.3400175688064,0.7192650542672674
2221,132.62,145.02,0.86,0.0576,2165.2291666666665,212.04,10.211418443061058,0,135.99720302197272,0.745587010666829
2222,449.94,311.88,0.86,0.0227,11815.718061674008,395.96,29.84068608362968,3,386.29330727580265,0.11558834348569891
2223,470.07,385.81,0.9,0.0893,3888.3426651735717,47.32,82.17123130121665,2,426.20706570301627,0.7764121480244325
2224,287.01,267.56,0.76,0.0558,3644.186379928315,304.99,11.948543820873848,2,275.16621311036386,0.7094871966524677
2225,127.16,90.9,0.85,0.0928,832.5969827586207,52.92,15.733125146610368,0,96.86622138622904,0.7574238365775419
2226,98.31,88.6,0.88,0.0105,7425.523809523807,192.97,38.48019800758567,1,88.28404483388246,0.13300479880105912
2227,274.64,225.01,0.76,0.0945,1809.6042328042329,361.41,5.00706741043201,2,228.73752914891404,0.7355809802213976
2228,89.69,82.48,0.84,0.0256,2706.3749999999995,47.83,56.58321137361488,1,59.95307495599792,0.09481295807260653
2229,50.42,45.04,0.78,0.0107,3283.2897196261683,45.8,71.68754846345347,1,61.822688692255895,0.11285881742381086
2230,135.43,121.79,0.79,0.0636,1512.800314465409,56.71,26.676076784789437,0,140.89076364817385,0.7495149818698563
2231,53.91,50.75,0.79,0.0886,452.5112866817156,451.36,1.002550706047757,0,48.55303466788001,0.8025971143638756
2232,234.24,209.96,0.76,0.0748,2133.283422459893,352.79,6.046893116187796,0,190.81518296160482,0.7432868184010059
2233,137.21,107.55,0.79,0.0508,1672.5295275590552,50.55,33.08663753826024,0,121.54262348602907,0.7530925756520398
2234,81.6,77.75,0.79,0.0561,1094.8752228163994,388.29,2.819735823267144,0,71.97571366289345,0.7635027236085555
2235,69.52,76.24,0.83,0.0565,1119.9858407079644,49.95,22.4221389531124,0,81.32339485110907,0.7616052818318044
2236,143.94,149.27,0.85,0.0159,7979.842767295598,47.33,168.6001007246059,1,147.0162066931357,0.11956408487149883
2237,497.33,446.94,0.88,0.0943,4170.808059384942,53.23,78.35446288530795,2,471.03856638061114,0.7594529289414237
2238,59.78,54.08,0.88,0.0542,878.0516605166051,226.66,3.8738712631986463,0,33.684980237864096,0.758404619771921
2239,368.59,307.21,0.82,0.0241,10452.788381742737,223.58,46.751893647655145,3,313.84973581605675,0.11797811367813452
2240,488.35,402.76,0.9,0.0564,6427.021276595744,202.73,31.702369045507545,2,442.2744542062512,0.7113620741551007
2241,129.53,137.88,0.86,0.0274,4327.620437956204,388.86,11.128993565695119,1,135.47267646837807,0.1462290023951028
2242,91.31,87.92,0.84,0.088,839.2363636363638,174.08,4.820980949197861,0,85.30261330894278,0.7856256400350481
2243,57.86,48.6,0.85,0.0216,1912.4999999999998,352.88,5.4196894128315565,1,51.30847301927618,0.133377986565889
2244,230.6,173.42,0.86,0.0779,1914.5211810012836,54.75,34.96842339728372,0,187.4018818713449,0.7425355221767824
2245,95.11,87.82,0.89,0.0903,865.5570321151715,355.67,2.433595839163189,0,86.69843024799039,0.7678010467769069
2246,103.22,100.9,0.82,0.0268,3087.2388059701493,214.38,14.400778085503076,1,92.32131006776743,0.11677410208384834
2247,108.33,95.26,0.84,0.0713,1122.2776998597476,50.4,22.267414679756897,0,116.78154866540795,0.7362350835442223
2248,489.97,559.57,0.79,0.0276,16016.677536231886,53.86,297.3761146719622,3,461.0414066157365,0.12915311472859659
2249,134.68,112.96,0.84,0.0241,3937.195020746888,49.69,79.23515839699915,1,121.97928323814455,0.10146450791912594
2250,416.98,433.2,0.9,0.0666,5854.054054054053,414.93,14.108534099857936,2,395.5513915985522,0.7541995236020413
2251,93.32,83.2,0.77,0.0101,6342.970297029704,396.56,15.994982592872967,1,100.22925094392498,0.13872404215388015
2252,61.19,62.3,0.81,0.0111,4546.216216216216,310.51,14.641126585991485,1,73.50048480005985,0.12963542335922754
2253,52.35,44.29,0.77,0.0987,345.5248226950355,52.72,6.55396097676471,0,28.349462568569066,0.7543733156251587
2254,497.66,411.28,0.77,0.0928,3412.560344827586,213.31,15.998126411455562,2,451.9881267980453,0.7113936161944808
2255,461.22,340.71,0.88,0.0146,20535.94520547945,351.81,58.372261179271334,3,397.60886850388556,0.11863428906243502
2256,144.04,111.01,0.82,0.0845,1077.256804733728,203.93,5.282483228233844,0,130.94691517369276,0.7499940568867578
2257,254.68,223.44,0.76,0.0545,3115.860550458716,177.74,17.530440815003463,2,228.0209753910323,0.7333673842932936
2258,251.02,187.11,0.83,0.0299,5194.023411371238,355.79,14.598564915740289,1,206.5515056618649,0.12793191795392814
2259,183.49,173.98,0.89,0.0957,1617.9958202716823,228.07,7.094294822956471,0,166.17405208381294,0.7554408558996965
2260,363.44,283.96,0.84,0.0623,3828.67415730337,421.5,9.083449958015112,2,308.02241332763265,0.7285814720344451
2261,246.44,218.31,0.89,0.0638,3045.390282131662,44.63,68.23639440133681,2,221.05279275676995,0.7486166006273232
2262,138.17,103.1,0.78,0.0289,2782.629757785467,176.03,15.807701856419174,1,105.63134485515776,0.11869172561647907
2263,69.29,47.19,0.88,0.0969,428.5572755417957,378.03,1.133659433224336,0,41.97076724318049,0.7784665494552075
2264,87.68,61.86,0.77,0.0205,2323.521951219512,380.62,6.104571360463224,1,57.78382647522122,0.11100209662605065
2265,187.59,187.78,0.79,0.0632,2347.25,449.19,5.225517041786326,0,165.8452237576786,0.7385502475682741
2266,372.08,325.04,0.79,0.0834,3078.9160671462832,300.26,10.254166612756556,2,319.13203275415725,0.750254225715788
2267,149.24,115.38,0.89,0.0524,1959.6984732824424,46.89,41.79352683477164,0,131.65625080730481,0.6666323160978616
2268,261.05,244.99,0.82,0.0105,19132.552380952377,206.62,92.59777553456769,3,233.7392634409985,0.13810257623129027
2269,60.59,45.24,0.8,0.0251,1441.9123505976095,53.74,26.831268154030692,1,33.10933768794317,0.10773860459827025
2270,60.32,49.19,0.89,0.0216,2026.810185185185,52.2,38.82778132538668,1,35.3948348869001,0.1089806139852863
2271,492.17,461.15,0.9,0.0709,5853.808180535965,46.19,126.73323620991482,2,446.17031913350996,0.7499369141483032
2272,153.79,161.68,0.75,0.0777,1560.6177606177607,381.6,4.089669184008807,0,155.27126796536783,0.7531219357616488
2273,219.9,227.3,0.83,0.0622,3033.102893890675,178.22,17.01886934065018,0,216.6239580921765,0.7373291063000208
2274,302.58,269.15,0.86,0.0181,12788.342541436461,46.43,275.43274911558177,3,254.30202794529072,0.10514265039155692
2275,405.09,392.9,0.79,0.0593,5234.24957841484,353.33,14.814053656397249,2,365.9932357799528,0.7500472404413133
2276,198.56,189.35,0.86,0.0919,1771.9368879216538,55.66,31.835014155976534,0,198.67736575226945,0.6988226960651801
2277,97.7,99.09,0.79,0.0234,3345.346153846154,49.45,67.65108501205569,1,88.40264281113075,0.11783468666207271
2278,122.22,108.07,0.8,0.0222,3894.4144144144143,308.27,12.633128148747574,1,130.42912402959837,0.11816822929663985
2279,144.22,117.15,0.82,0.0106,9062.547169811322,42.72,212.13827644689422,1,130.37093866362562,0.10642506996130624
2280,70.17,50.04,0.85,0.0647,657.403400309119,341.64,1.924257699066617,0,43.44179770759206,0.762918127280844
2281,157.37,147.08,0.83,0.0672,1816.6130952380954,51.71,35.13078892357562,0,141.2485463970602,0.7451747094975093
2282,62.84,54.27,0.88,0.0994,480.45875251509057,209.86,2.2894251049037004,0,58.158997915736336,0.7767877919114798
2283,344.43,257.19,0.88,0.0707,3201.2333804809055,348.72,9.17995348841737,2,291.8747481225619,0.7481262978406353
2284,90.04,88.25,0.84,0.0971,763.4397528321317,51.33,14.873168767429023,0,100.79982167258554,0.7691097976913409
2285,57.08,60.15,0.8,0.0126,3819.0476190476197,215.76,17.700443173190674,1,68.84882286802656,0.1586071162868484
2286,95.69,73.15,0.78,0.0202,2824.6039603960403,229.5,12.307642528958782,1,66.66831887794397,0.12153032423666144
2287,148.11,124.81,0.83,0.0584,1773.8407534246574,49.5,35.835166735851665,0,113.45848977250876,0.7607474325476578
2288,73.27,67.93,0.88,0.0615,972.0065040650408,361.1,2.6917931433537543,0,85.746919499228,0.7762992034948583
2289,489.58,456.37,0.83,0.0108,35072.87962962963,452.32,77.53997088262652,3,443.15228856149173,0.10911654935516985
2290,53.53,42.96,0.76,0.0102,3200.941176470588,216.56,14.78085138747039,1,27.138417637371106,0.1188224933452172
2291,75.75,77.93,0.8,0.0767,812.8292046936115,54.85,14.819128617932751,0,86.90076898604303,0.7653908060833792
2292,142.68,137.18,0.76,0.0805,1295.1155279503107,177.16,7.310428584050072,0,148.16336409826013,0.7290977014582147
2293,97.04,73.67,0.81,0.022,2712.3954545454553,368.02,7.370239265652561,1,69.29858151008199,0.10673514869834541
2294,263.18,271.38,0.78,0.089,2378.386516853933,47.58,49.98710628108308,2,236.6390283642011,0.739068232700823
2295,140.03,156.38,0.78,0.024,5082.349999999999,349.59,14.53803026402357,1,144.85000923317412,0.13506348697537252
2296,96.21,82.55,0.84,0.0155,4473.677419354839,50.08,89.33061939606308,1,84.35655733465796,0.11152755388359871
2297,166.97,166.38,0.81,0.0506,2663.395256916996,387.93,6.865659415144474,0,148.717577199508,0.733028889050602
2298,142.17,126.88,0.75,0.0114,8347.36842105263,326.12,25.596002762948086,1,106.73925215308186,0.10756757415040503
2299,51.45,58.95,0.88,0.0169,3069.5857988165685,44.08,69.63670142505828,1,62.986930875339866,0.09745267865074685
2300,244.05,233.07,0.88,0.0273,7512.87912087912,43.51,172.6701705557141,3,237.15316183288058,0.12036310756948701
2301,51.59,48.61,0.88,0.0664,644.2289156626506,404.45,1.5928518127398952,0,44.74916945237284,0.7690407030950617
2302,113.53,110.6,0.8,0.011,8043.636363636365,206.52,38.94846195833994,1,101.80541235569137,0.12286950154922299
2303,70.03,61.75,0.76,0.0685,685.1094890510948,46.77,14.648481698761914,0,43.29812801792502,0.7439753307997482
2304,185.44,168.26,0.89,0.0787,1902.813214739517,200.05,9.51168815165967,0,167.65327220592903,0.7496256603411012
2305,49.79,49.06,0.89,0.0841,519.1843043995245,396.28,1.31014511052671,0,65.33412388805728,0.7370547451216367
2306,313.55,268.68,0.75,0.0769,2620.416124837451,403.94,6.487141963750684,2,263.3468640884345,0.7271262388206678
2307,198.87,137.31,0.78,0.0296,3618.304054054054,52.32,69.15718757748574,1,160.8303266864874,0.10633136145755753
2308,116.86,103.39,0.86,0.0209,4254.325358851675,53.01,80.25514730902991,1,84.68463216285772,0.0910267793697589
2309,370.17,329.03,0.84,0.0823,3358.264884568651,458.32,7.327336543394683,2,332.478890560066,0.6616987267477158
2310,100.56,80.05,0.8,0.0622,1029.581993569132,384.95,2.6745862932046554,0,69.60131091252336,0.7644570999526232
2311,235.34,216.68,0.87,0.071,2655.0929577464794,345.91,7.675675631657018,0,211.32340274197622,0.74723233441018
2312,88.56,63.4,0.78,0.0712,694.5505617977528,187.33,3.7076312485867335,0,60.37672602074214,0.756563351354138
2313,432.34,381.18,0.84,0.0663,4829.429864253393,53.85,89.68300583571761,2,390.00571485594617,0.7552604597369128
2314,63.62,60.31,0.83,0.0715,700.1020979020979,43.36,16.146266095528087,0,56.60131900662947,0.7615568286429344
2315,454.93,355.98,0.86,0.0697,4392.29268292683,173.85,25.264841431848318,2,411.4862430632018,0.7558523112379113
2316,353.87,302.81,0.77,0.0996,2341.0010040160646,418.67,5.59151838922317,2,319.54327516824765,0.7307272256902394
2317,441.01,332.28,0.85,0.0287,9841.045296167247,366.98,26.81629869793244,2,380.9229878663231,0.11925982128731744
2318,185.4,170.1,0.77,0.0896,1461.7968750000002,48.99,29.838678812002453,0,148.3597260477382,0.734999958182957
2319,380.22,325.95,0.82,0.0155,17243.8064516129,449.86,38.33149524654982,3,343.12132895855814,0.14795167906808457
2320,79.8,60.6,0.89,0.0783,688.8122605363985,194.22,3.5465567940294433,0,51.09263000604945,0.7690922882880006
2321,453.82,396.46,0.81,0.0144,22300.875,185.4,120.28519417475728,3,429.975720836658,0.13868428387893406
2322,72.5,64.28,0.82,0.0645,817.2031007751937,419.49,1.9480872029731189,0,45.95164182824824,0.7891090800710221
2323,373.37,416.08,0.84,0.015,23300.48,52.67,442.3861780899943,3,357.3938632480633,0.14009312329672205
2324,171.48,192.09,0.77,0.021,7043.299999999999,49.92,141.09174679487177,1,173.53700573664887,0.13068881379794883
2325,66.24,58.26,0.84,0.058,843.7655172413791,175.13,4.817938201572427,0,78.18677223398922,0.7605369516948347
2326,59.43,53.93,0.86,0.0228,2034.2017543859645,48.31,42.10726049236109,1,34.8576987174896,0.10696436851164012
2327,62.76,55.44,0.83,0.0639,720.1126760563379,347.47,2.0724456098550603,0,56.82623291261115,0.7722916987326264
2328,380.09,429.78,0.87,0.0587,6369.822827938671,308.05,20.67788614815345,2,364.0281582846593,0.7229901361395337
2329,81.46,80.49,0.84,0.0244,2770.9672131147536,365.0,7.591690994834941,1,73.35915015256428,0.13224582600035112
2330,103.0,104.23,0.84,0.0198,4421.878787878787,343.46,12.874508786696522,1,92.37180465527217,0.1244043497410453
2331,116.39,127.24,0.81,0.0181,5694.165745856353,421.4,13.512495837343032,1,122.24248785731037,0.1576397116685943
2332,69.55,57.04,0.85,0.0179,2708.603351955307,180.79,14.982041882600294,1,62.65006610304209,0.12852800190736802
2333,453.96,409.39,0.83,0.0701,4847.271041369471,213.13,22.74326017627491,2,391.86777800434186,0.7530820699272863
2334,95.59,94.7,0.86,0.0552,1475.3985507246377,43.58,33.8549460928095,0,83.7355421756573,0.6706847086292391
2335,92.17,89.25,0.79,0.0249,2831.6265060240967,184.75,15.326801115150726,1,84.26625836273209,0.1247632541876187
2336,465.31,421.45,0.89,0.0135,27784.481481481485,421.93,65.85092665011136,3,420.1761889396886,0.12543038038369259
2337,150.49,159.32,0.77,0.057,2152.2175438596487,193.41,11.127746982367244,0,153.47844953010062,0.7291261102263564
2338,424.62,452.85,0.77,0.0136,25639.301470588238,217.84,117.69785838499925,3,402.192233491775,0.13735238629230903
2339,249.28,220.09,0.76,0.0256,6533.921875000001,43.35,150.7248414071511,1,225.02771048521566,0.11127695891197162
2340,79.65,89.3,0.89,0.0285,2788.6666666666665,218.69,12.751688082064414,1,91.16279761746951,0.12816796434096417
2341,120.81,98.38,0.85,0.0286,2923.8811188811187,357.36,8.181892542201474,1,91.14747964080871,0.12349559332418714
2342,200.69,164.54,0.82,0.0947,1424.7391763463568,46.23,30.81849829864497,0,159.36394779798536,0.7576299413127685
2343,54.54,48.6,0.78,0.0828,457.82608695652175,220.22,2.078948719264925,0,69.13516188580273,0.7699813803514656
2344,131.54,140.62,0.79,0.0717,1549.3695955369597,186.6,8.303159675975133,0,137.8345414397695,0.7586305484016838
2345,306.75,251.77,0.84,0.0169,12514.011834319528,45.4,275.6390271876548,3,257.3816880556035,0.10704458257694764
2346,175.23,156.57,0.77,0.01,12055.89,299.42,40.26414401175606,1,177.89858242619488,0.14090190794371935
2347,494.21,418.03,0.83,0.0132,26285.219696969696,412.08,63.786691169116914,3,426.03434272292105,0.11183316200067434
2348,181.38,139.95,0.81,0.0715,1585.4475524475524,49.6,31.964668396120008,0,144.0214693878591,0.7492031699420437
2349,181.49,171.89,0.82,0.0644,2188.6614906832297,359.71,6.084516668102721,0,182.38037137993825,0.7323869187028937
2350,229.35,262.54,0.81,0.0707,3007.884016973126,51.71,58.168323669950226,2,224.82261850818372,0.7351315821728462
2351,98.95,96.12,0.75,0.0555,1298.918918918919,191.15,6.795286000098974,0,88.10576823368565,0.762791281397239
2352,326.18,238.49,0.85,0.0192,10558.151041666666,402.75,26.215148458514378,1,274.7865378453446,0.12137605435338322
2353,434.89,494.49,0.77,0.0769,4951.330299089728,399.03,12.408416156904815,2,411.6070268328473,0.7381599798875316
2354,75.38,57.39,0.83,0.0559,852.1234347048301,52.31,16.289876404221562,0,45.59843744622562,0.6910972760032333
2355,75.0,53.51,0.88,0.0865,544.3791907514451,353.28,1.5409284158498786,0,48.314349197803864,0.7757645355986645
2356,463.6,417.88,0.89,0.0777,4786.527670527671,56.11,85.30614276470631,2,439.1946965001582,0.7573187097665115
2357,185.66,148.02,0.77,0.067,1701.1253731343284,377.3,4.508681084374048,0,147.64636890347498,0.7170425714222105
2358,367.5,297.74,0.9,0.0553,4845.678119349005,199.63,24.27329619470523,2,332.05572056251117,0.7144800525347459
2359,132.85,98.99,0.76,0.0273,2755.7655677655675,205.77,13.392455497718654,1,99.66973943202034,0.11381638941272082
2360,131.58,151.16,0.77,0.02,5819.66,193.25,30.114670116429494,1,137.9082732511572,0.13692070805572543
2361,403.38,368.7,0.81,0.0186,16056.290322580646,47.88,335.3444094106233,3,383.379442363924,0.1311220674019854
2362,71.61,57.87,0.8,0.0244,1897.3770491803275,50.87,37.298546278363034,1,45.821122506524446,0.10542252632294201
2363,127.26,110.88,0.85,0.0555,1698.162162162162,384.6,4.415398237551123,0,95.46192517859654,0.7537379476800089
2364,380.0,377.85,0.84,0.071,4470.338028169014,371.7,12.026736691334449,2,343.0577744089215,0.746256455442258
2365,198.82,170.65,0.87,0.053,2801.235849056604,184.23,15.205101498434587,0,197.9372429088447,0.7097299580478261
2366,93.17,93.26,0.89,0.0165,5030.387878787878,400.64,12.555880288508083,1,102.54431394801581,0.12955862594391065
2367,51.62,55.15,0.78,0.0547,786.4168190127972,394.19,1.9950197088023471,0,64.79279307110453,0.7337478074272502
2368,99.61,75.16,0.87,0.0916,713.8558951965066,353.39,2.0200229072597033,0,68.79958919277688,0.7573225981667726
2369,185.76,184.77,0.84,0.0258,6015.767441860466,437.44,13.752211598986069,1,184.85704984028146,0.15638005632424162
2370,197.05,163.2,0.9,0.0143,10271.32867132867,220.8,46.51869869261173,1,159.7023085534794,0.08671823312521772
2371,80.94,73.69,0.79,0.0782,744.4386189258312,382.73,1.945075167679124,0,53.5152873868241,0.7772294427057007
2372,123.21,84.97,0.78,0.0627,1057.043062200957,329.52,3.207826724329197,0,91.97347570649053,0.7488976531374625
2373,51.12,55.0,0.8,0.0191,2303.6649214659687,405.67,5.678667196159362,1,65.02479971447826,0.11669309295097818
2374,94.59,85.43,0.83,0.0204,3475.828431372549,56.41,61.61723863450717,1,102.49568674955182,0.13785198496388587
2375,103.23,79.73,0.79,0.0709,888.3878702397744,44.99,19.7463407477167,0,72.6223161998063,0.7484333796372127
2376,176.31,161.56,0.89,0.0181,7944.110497237568,443.49,17.91271617677415,1,158.88959574139375,0.15292657531969142
2377,80.27,67.27,0.85,0.0678,843.3554572271387,181.48,4.6470986181790765,0,73.3882359384038,0.7666103894900439
2378,49.21,34.63,0.86,0.0637,467.53218210361064,324.06,1.4427333891983294,0,25.243619039488323,0.7538899571709337
2379,471.02,381.2,0.76,0.0731,3963.2284541723666,182.29,21.741337726547627,2,426.0825665579133,0.7555220870424648
2380,84.63,83.84,0.75,0.0289,2175.778546712803,300.87,7.231623447710981,1,77.48843911849463,0.11633740411451778
2381,142.64,129.23,0.8,0.0979,1056.0163432073543,319.13,3.309047545537412,0,130.17748795014796,0.7534867909658566
2382,190.14,134.08,0.75,0.0782,1285.933503836317,53.05,24.240028347527183,0,151.75225698164235,0.7305359235817306
2383,156.39,137.03,0.85,0.0288,4044.2881944444443,42.56,95.02556847848788,1,139.81858649130493,0.11189456759767676
2384,340.76,295.83,0.76,0.0863,2605.223638470452,226.66,11.493971757127204,2,307.3633219084252,0.7224904552186809
2385,443.94,435.14,0.76,0.0735,4499.406802721089,403.63,11.147354762334537,2,418.5071669024999,0.7485534491573688
2386,158.31,115.46,0.83,0.0207,4629.555555555555,392.84,11.784837479776893,1,123.13905534457712,0.10307843315609917
2387,165.04,159.46,0.88,0.0867,1618.5098039215686,377.04,4.292673997245832,0,168.27485344336267,0.7593672156677483
2388,108.32,99.62,0.88,0.0167,5249.437125748503,43.51,120.64898013671576,1,96.64084571279632,0.10789095419576093
2389,194.89,146.82,0.8,0.0911,1289.3084522502743,349.72,3.6866877852289663,0,157.58586849663976,0.7305652894357739
2390,421.78,359.12,0.83,0.0912,3268.3070175438593,200.27,16.319503757646473,2,401.72498647959026,0.7410148772898408
2391,164.01,163.34,0.85,0.0595,2333.4285714285716,56.4,41.372847011144884,0,147.87225448295902,0.7404790913285598
2392,82.25,79.83,0.85,0.0559,1213.8729874776386,388.94,3.1209774964715344,0,74.33258113275308,0.7613548878824707
2393,274.15,229.75,0.76,0.0914,1910.3938730853392,342.96,5.570311036521283,2,247.00302406798892,0.7315936355404385
2394,62.6,60.3,0.89,0.0505,1062.7128712871288,333.04,3.1909466469106675,0,54.74453901410371,0.7506419666978971
2395,162.27,151.2,0.83,0.0996,1259.9999999999998,342.8,3.6756126021003492,0,165.54127275304478,0.7633961505154846
2396,227.45,232.2,0.77,0.0707,2528.9108910891086,317.94,7.954050736268191,0,204.71241402215978,0.7397101181372422
2397,194.87,141.25,0.83,0.0186,6303.091397849463,364.9,17.27347601493413,1,156.96110563062763,0.11311263301472853
2398,412.66,372.94,0.84,0.0951,3294.1072555205046,180.47,18.252935421513296,2,355.29361597245963,0.7435149518585311
2399,88.51,100.64,0.88,0.0646,1370.9473684210525,368.13,3.724084884201376,0,98.87611358512105,0.7733772895155223
2400,199.4,187.66,0.89,0.0919,1817.381936887922,330.38,5.500883639711611,0,179.69779904742225,0.7475832197932434
2401,152.64,140.49,0.79,0.0135,8221.266666666668,346.25,23.743730445246694,1,157.76997134578596,0.11718325540532488
2402,58.33,58.33,0.77,0.074,606.9472972972973,390.7,1.5534868116132514,0,71.28119143616831,0.7656472808210434
2403,370.42,353.48,0.8,0.0623,4539.069020866775,209.09,21.708685354951335,2,353.16836423474484,0.7336310100574831
2404,64.56,64.43,0.81,0.0271,1925.7675276752773,188.6,10.210856456390655,1,59.49147035292795,0.13520428077677524
2405,314.29,343.51,0.9,0.0211,14652.085308056872,328.5,44.60299941569824,3,304.72544323204005,0.11555287008401643
2406,125.08,110.7,0.77,0.0838,1017.1718377088306,367.69,2.7663842848835447,0,92.53359639006673,0.7497543836278158
2407,342.61,327.83,0.81,0.0811,3274.2577065351416,314.75,10.40272504061999,2,328.9994763635775,0.7253848503875376
2408,78.42,65.22,0.75,0.0192,2547.65625,357.05,7.135292676095784,1,70.8679425735972,0.11443905641336835
2409,96.02,84.03,0.77,0.0186,3478.661290322581,393.52,8.8398589406449,1,103.11968428435208,0.13409546025873198
2410,161.69,173.03,0.8,0.0777,1781.5186615186615,56.57,31.492286751257936,0,165.86240212775184,0.741207402087045
2411,73.05,62.48,0.81,0.0805,628.680745341615,211.21,2.9765671385900996,0,47.43807512909953,0.7930332950052787
2412,163.9,146.68,0.8,0.0227,5169.339207048458,434.52,11.896665762331901,1,129.95660249854694,0.11831147294656538
2413,71.97,72.21,0.86,0.0656,946.6554878048778,374.2,2.5298115654860442,0,83.31921089547826,0.7668023189770146
2414,459.93,497.31,0.77,0.0843,4542.451957295374,407.23,11.154512087261189,2,436.23161310795643,0.7448086840275829
2415,70.05,71.74,0.8,0.0271,2117.7859778597785,196.14,10.797318129192305,1,61.45595682649136,0.13825326785217806
2416,312.11,257.9,0.88,0.0788,2880.1015228426395,54.97,52.394060812127336,2,282.0861042824959,0.7401425334395177
2417,347.17,338.91,0.87,0.0556,5303.088129496403,458.87,11.556842089254914,2,331.95432876356654,0.5647215858053858
2418,135.11,115.1,0.8,0.0723,1273.582295988935,173.12,7.356644500860298,0,121.24549727009223,0.7470917573668049
2419,274.16,211.89,0.83,0.0938,1874.9328358208957,357.59,5.243247394560519,2,229.84797247757226,0.7467020001177002
2420,201.43,201.15,0.84,0.0608,2779.0460526315787,326.84,8.502772159563024,0,179.5739884438126,0.7464217535201162
2421,91.8,96.25,0.85,0.0107,7646.028037383178,48.56,157.45527259850036,1,102.593428555638,0.09696691531449193
2422,411.69,342.19,0.83,0.0823,3451.004860267315,355.7,9.702009728049804,2,373.50512113262903,0.7491768402626804
2423,131.04,117.76,0.89,0.0246,4260.422764227643,302.37,14.090097444282312,1,118.13735656807759,0.12262506199280132
2424,488.88,443.46,0.9,0.0234,17056.153846153844,53.02,321.69282999158514,3,423.99732620642885,0.11381133964937265
2425,223.97,218.75,0.77,0.0297,5671.296296296296,45.31,125.16654814160881,1,220.67038072099638,0.11136641276044186
2426,90.71,70.49,0.79,0.0962,578.8679833679834,419.41,1.3801959499486978,0,83.15461689210701,0.7679715315147699
2427,481.17,381.29,0.8,0.0906,3366.7991169977927,320.23,10.51369052555286,2,436.38466036071594,0.760836696550033
2428,79.96,62.55,0.8,0.0211,2371.563981042654,388.56,6.1034691708942095,1,71.59483659359708,0.12639573328337267
2429,184.05,176.5,0.84,0.0827,1792.744860943168,52.33,34.258453295302274,0,166.31443976312016,0.7317737073505115
2430,195.87,174.32,0.78,0.0159,8551.54716981132,171.28,49.927295479982014,1,195.8582109737441,0.12804015611529845
2431,207.58,171.97,0.81,0.0276,5046.945652173914,345.47,14.608925962236702,1,186.54300608844653,0.11940139438952892
2432,51.61,43.02,0.84,0.0954,378.7924528301887,318.39,1.189712154371019,0,30.413810384294095,0.7871617062738463
2433,83.19,70.59,0.88,0.0873,711.5601374570448,458.82,1.5508481266227383,0,74.1143503524691,0.6889749817082965
2434,67.73,53.9,0.77,0.0218,1903.8073394495414,222.42,8.55951505912032,1,60.108437803267535,0.13151339122599576
2435,324.35,287.41,0.77,0.0232,9539.03879310345,55.22,172.74608462700922,3,312.6502024928258,0.13985488150114192
2436,83.41,73.51,0.82,0.0691,872.3328509406657,45.28,19.26530147837159,0,94.59562773359134,0.7628042834966918
2437,354.92,364.3,0.77,0.0157,17866.94267515924,359.59,49.68698427419906,3,321.4977994075782,0.13374051268594755
2438,119.18,105.44,0.78,0.0508,1618.9606299212599,182.63,8.864702567602583,0,86.24859796630219,0.7448655855394796
2439,127.49,136.85,0.86,0.028,4203.25,394.74,10.648148148148147,1,134.22740545655398,0.1358987481740078
2440,161.23,143.07,0.8,0.027,4239.111111111111,386.09,10.979593128832944,1,147.60373999677603,0.10881777603080818
2441,315.9,312.74,0.82,0.019,13497.2,335.67,40.20972979414306,3,304.1161201280371,0.13894043638160147
2442,107.57,105.79,0.8,0.0878,963.9179954441914,43.59,22.113282758526985,0,98.66954009770595,0.7349116265871299
2443,146.47,108.95,0.88,0.0199,4817.889447236181,226.22,21.297362953037666,1,113.09082514333613,0.1092807522121174
2444,111.21,102.14,0.8,0.0953,857.4186778593916,55.99,15.313782422921799,0,119.91255354279737,0.7391195147048417
2445,60.08,48.71,0.83,0.061,662.7754098360655,213.25,3.107973785866661,0,53.90639645103673,0.7682281891026114
2446,64.91,48.04,0.78,0.0712,526.2808988764045,311.73,1.6882587459545264,0,39.99872039104346,0.7721193465311217
2447,280.67,284.84,0.85,0.0228,10619.035087719296,47.96,221.41440966887606,3,272.8156157364373,0.12828681284548746
2448,222.63,185.27,0.79,0.0787,1859.7623888182973,189.69,9.804219457105262,0,199.5114190445384,0.7452755414773891
2449,444.78,442.34,0.76,0.0258,13030.170542635658,398.81,32.67262742317308,3,421.13813890247104,0.12718972930739658
2450,315.61,345.36,0.87,0.0276,10886.347826086958,452.52,24.057163939907536,2,304.0886649947047,0.14743336198129148
2451,497.66,415.06,0.79,0.0186,17628.89247311828,438.32,40.21922904069694,3,449.68375080638043,0.1163722777191441
2452,83.67,82.92,0.89,0.0125,5903.904,413.59,14.27477453516768,1,72.99274062427554,0.13299051038539272
2453,189.87,175.75,0.88,0.0518,2985.7142857142853,411.61,7.253745744064248,0,171.009056288465,0.708229385273944
2454,70.6,56.36,0.87,0.0656,747.4573170731707,315.81,2.3667943291003155,0,63.727420085415446,0.7725442841740938
2455,117.28,93.56,0.78,0.0987,739.3799392097264,193.83,3.8145794727840188,0,105.91646153048943,0.728115497638916
2456,221.24,222.5,0.75,0.0203,8220.443349753696,203.56,40.38339236467722,1,197.8576705586198,0.12648979092004317
2457,487.89,525.12,0.78,0.099,4137.309090909091,400.44,10.331907628880957,2,462.28232067877093,0.7172022821902762
2458,83.95,74.77,0.87,0.0258,2521.3139534883717,318.58,7.914225480219637,1,95.85842590107451,0.11890988592495716
2459,92.47,86.45,0.83,0.0907,791.1080485115766,430.36,1.8382471617054945,0,103.8006517672896,0.787672689642156
2460,298.39,325.13,0.79,0.0192,13377.744791666668,433.89,30.832111345425496,3,287.7589329600648,0.14113063947220778
2461,151.75,132.02,0.83,0.0836,1310.7248803827752,56.77,23.088336804346927,0,157.1949970345168,0.7451698562171998
2462,230.05,244.64,0.77,0.0519,3629.5337186897873,171.07,21.216658202430512,2,224.72034051169808,0.7037848429958258
2463,128.22,124.42,0.76,0.0637,1484.4458398744111,338.04,4.391331913011511,0,115.5824178561791,0.7349759373955742
2464,85.02,85.42,0.81,0.0107,6466.373831775702,442.74,14.605352648903875,1,94.12016345017315,0.14305677472424866
2465,118.81,117.87,0.86,0.0247,4103.975708502025,56.38,72.79133927814871,1,125.55907275254123,0.14157219902335744
2466,302.02,215.75,0.83,0.0519,3450.3371868978797,172.16,20.041456708282293,2,251.95452775835093,0.7111708422278936
2467,164.03,142.88,0.9,0.0137,9386.277372262775,210.74,44.53960981428668,1,168.0924088268516,0.11066889272200386
2468,271.99,214.94,0.78,0.0959,1748.208550573514,349.37,5.0038885724976785,2,245.2282702067584,0.7462037441286026
2469,91.54,78.8,0.9,0.0293,2420.4778156996585,212.44,11.393700883541982,1,65.2321875437016,0.09026673006187061
2470,67.15,51.48,0.87,0.0217,2063.944700460829,393.52,5.2448279641716535,1,40.98573751123385,0.12361501918200686
2471,404.56,331.8,0.83,0.0279,9870.752688172042,380.42,25.946986720393358,2,364.29464962345,0.13707659257398042
2472,51.01,41.78,0.77,0.0152,2116.486842105263,327.39,6.464726601622722,1,47.53445783019352,0.12344241843777233
2473,451.48,425.8,0.84,0.0601,5951.281198003327,325.6,18.27789065725837,2,408.64794024359253,0.7469047169081773
2474,76.66,74.33,0.86,0.0545,1172.91376146789,418.24,2.8044035995311067,0,86.76908493106103,0.765337613786874
2475,315.51,269.42,0.87,0.0286,8195.643356643357,53.55,153.04656128185542,3,266.5255463628704,0.11642439920529218
2476,261.62,240.84,0.89,0.0845,2536.6579881656803,409.0,6.202097770576236,2,236.75555887558824,0.7438650521484849
2477,157.55,158.18,0.77,0.0803,1516.7945205479452,398.73,3.804064205221441,0,161.97469565110794,0.7074684418171765
2478,123.48,133.42,0.79,0.0762,1383.2257217847766,356.18,3.8835019422336363,0,129.91220717193193,0.7307355428822746
2479,90.66,82.22,0.8,0.0596,1103.6241610738255,449.35,2.456045757369145,0,100.04893425393968,0.7787835449483521
2480,65.52,67.26,0.78,0.0198,2649.6363636363635,383.87,6.902431457619412,1,75.95667270957304,0.12116316025884348
2481,195.6,192.64,0.83,0.016,9993.199999999999,361.82,27.619258194682438,1,196.2724398742865,0.1552164715050457
2482,57.99,53.87,0.75,0.0166,2433.8855421686744,47.3,51.45635395705443,1,51.091897143108966,0.11444128701302356
2483,117.72,107.46,0.86,0.0862,1072.106728538283,204.5,5.242575689673756,0,88.00989442025742,0.7594790455016829
2484,96.83,94.51,0.9,0.0244,3486.0245901639346,407.52,8.55424173086949,1,106.60011922430232,0.12984337307359903
2485,168.94,142.49,0.8,0.0159,7169.30817610063,203.77,35.183335015461694,1,152.47312434499594,0.12539714148593778
2486,129.27,106.6,0.78,0.0641,1297.160686427457,47.35,27.395157052322215,0,96.50473107001889,0.7420910631967489
2487,57.77,60.59,0.81,0.0171,2870.0526315789475,368.24,7.793973038178763,1,71.6253600753014,0.12087003699651526
2488,59.81,55.86,0.75,0.0717,584.3096234309622,198.03,2.9506116418268054,0,70.54070572394863,0.7925816713110971
2489,105.06,84.7,0.88,0.0212,3515.8490566037735,321.06,10.950753929495338,1,95.22135802594511,0.1178190417241451
2490,217.03,154.91,0.77,0.0275,4337.4800000000005,389.14,11.146322660225113,1,175.21409418104167,0.12695893644887904
2491,451.15,372.49,0.88,0.0554,5916.808664259928,351.11,16.85172357454908,2,387.9558219198296,0.7295324500639935
2492,65.63,61.9,0.88,0.0676,805.7988165680474,378.79,2.127296962876653,0,77.64035412914082,0.7644541947572476
2493,491.98,492.77,0.8,0.0539,7313.8404452690165,185.47,39.434088775915335,2,443.0918764294483,0.6914853689746507
2494,66.36,64.25,0.87,0.0965,579.2487046632124,222.05,2.6086408676568897,0,58.5436727380137,0.7742312591036952
2495,147.93,125.74,0.76,0.0223,4285.309417040358,184.02,23.287193875885002,1,113.72770025152568,0.10943616411423679
2496,465.5,478.96,0.79,0.0628,6025.133757961784,371.98,16.19746695510991,2,420.6266243810751,0.74440000221353
2497,104.16,71.99,0.88,0.0205,3090.3024390243904,44.55,69.3670581150256,1,73.74538189948703,0.09322171040999797
2498,345.56,336.3,0.88,0.0229,12923.318777292578,55.62,232.35021174564147,3,332.2319546450019,0.1440291031503766
2499,49.09,41.81,0.84,0.0658,533.7446808510639,47.75,11.17789907541495,0,41.34694201047782,0.7227720381921895
2500,182.76,148.47,0.87,0.027,4784.033333333334,392.0,12.204166666666667,1,166.14810428415586,0.1378728169461726
2501,86.66,69.6,0.81,0.0186,3030.967741935484,50.51,60.007280576826055,1,58.48140886917889,0.10522976706891121
2502,193.98,191.96,0.76,0.0951,1534.0651945320715,202.45,7.577501578325866,0,175.64595466547738,0.7101781524202905
2503,449.49,503.2,0.8,0.0711,5661.884669479607,360.62,15.700417806776127,2,425.47463717143876,0.7328918030922676
2504,350.87,279.77,0.87,0.0947,2570.2206969376975,52.05,49.37984047911043,2,298.4493384626451,0.748280565375044
2505,172.78,120.38,0.88,0.0149,7109.6912751677855,432.16,16.4515255349125,1,134.55901812840148,0.13984893684479366
2506,117.26,86.07,0.83,0.0255,2801.494117647059,302.01,9.276163430505807,1,86.66298548594804,0.11031596269666888
2507,117.13,93.65,0.88,0.0227,3630.4845814977975,55.78,65.0857759321943,1,86.79781428012726,0.09892313952212588
2508,142.8,121.75,0.77,0.0939,998.3759318423856,43.7,22.846131163441317,0,110.03985705766154,0.741973930557592
2509,78.12,69.32,0.77,0.0165,3234.933333333333,411.19,7.867247095827556,1,49.2351718165952,0.1337823829575814
2510,331.26,312.05,0.89,0.0994,2794.0090543259557,336.61,8.300433897762858,2,318.2184817233425,0.738865647216883
2511,241.95,205.74,0.85,0.086,2033.4767441860465,341.8,5.949317566372283,0,199.13874738053082,0.7493918793166964
2512,280.51,194.49,0.87,0.0791,2139.14412136536,393.25,5.4396544726391864,0,232.7649589916116,0.7476113996032416
2513,88.51,69.52,0.82,0.0254,2244.3464566929133,56.93,39.42291334433362,1,80.49858007222986,0.11381458206704005
2514,427.15,374.55,0.8,0.0892,3359.192825112108,49.32,68.11015460486837,2,366.73621465804007,0.7625632778921119
2515,374.84,273.48,0.8,0.0962,2274.2619542619545,450.45,5.048866587328127,2,319.50889931452616,0.7526473440102752
2516,441.65,301.44,0.86,0.0558,4645.8494623655915,361.09,12.866181457159135,2,379.63570728848697,0.7343604233000436
2517,70.49,72.47,0.78,0.0716,789.477653631285,177.32,4.452276413440588,0,82.05943720975958,0.7583232512591753
2518,438.95,402.71,0.84,0.0247,13695.400809716597,51.81,264.3389463369349,3,417.7626775051774,0.13739255980122503
2519,55.67,46.83,0.76,0.0885,402.15593220338985,371.73,1.081849547261157,0,30.593645055440447,0.7674560454064755
2520,73.61,74.15,0.75,0.0284,1958.1866197183099,47.8,40.966247274441635,1,67.13179417565541,0.10611352948687774
2521,138.16,138.76,0.79,0.0192,5709.395833333334,186.43,30.62487707629316,1,124.33933540918906,0.1273699059283778
2522,249.46,222.72,0.78,0.0986,1761.8823529411766,48.09,36.63718762614216,2,206.83448313164286,0.7542722825384282
2523,103.28,94.25,0.87,0.052,1576.875,458.25,3.441080196399345,0,73.4599383267783,0.5018994821035069
2524,475.7,391.51,0.88,0.0117,29446.90598290598,443.47,66.40112292354833,3,430.2967057238022,0.14792067837109174
2525,179.53,166.72,0.78,0.0781,1665.065300896287,298.93,5.570084303670716,0,181.97588477705537,0.7146078315831919
2526,472.54,520.06,0.78,0.0935,4338.4684491978605,214.78,20.19959236985688,2,447.49483925258124,0.7469734741999696
2527,64.94,70.12,0.82,0.0726,791.9889807162534,214.91,3.685212324769687,0,78.04281896753027,0.7602377502349327
2528,283.62,280.93,0.88,0.0966,2559.1966873706006,207.84,12.313301998511358,2,275.860063440371,0.7348910697536652
2529,52.14,51.98,0.78,0.0955,424.5486910994764,452.6,0.9380218539537701,0,46.001126307360934,0.7875321846592126
2530,311.41,311.04,0.8,0.068,3659.294117647059,439.16,8.332485011492528,2,299.32892677111374,0.7292615005225517
2531,241.74,216.78,0.87,0.0806,2339.9330024813894,46.09,50.76877853073094,0,217.7153365658969,0.7517402783271869
2532,81.69,59.15,0.79,0.0677,690.2289512555393,402.99,1.7127694266744566,0,54.511809307389996,0.7724999072318817
2533,291.32,332.25,0.85,0.0214,13196.845794392522,343.97,38.366269716523306,3,283.1028168777935,0.1324554195747155
2534,71.92,69.75,0.84,0.0594,986.3636363636363,334.02,2.9530077132017136,0,62.550244472784584,0.7865838994472264
2535,69.58,67.61,0.88,0.0168,3541.476190476191,49.0,72.27502429543246,1,61.9994608667687,0.12372499996655147
2536,55.53,49.71,0.76,0.0709,532.8575458392102,54.19,9.833134265348038,0,48.83524628363543,0.7637445820150797
2537,184.93,145.95,0.86,0.0264,4754.431818181818,406.68,11.690842476103615,1,164.998104125578,0.14244183311824077
2538,110.68,107.24,0.9,0.0627,1539.3301435406695,43.84,35.112457653756145,0,117.3228520368558,0.7290743995588903
2539,388.32,318.01,0.83,0.0743,3552.4670255720043,55.07,64.50820819996376,2,331.1706452309104,0.7515251968058412
2540,137.11,116.48,0.84,0.0128,7644.0,196.63,38.875044499822,1,123.15115776127521,0.11871135811862782
2541,62.83,55.66,0.88,0.0138,3549.333333333333,370.37,9.583209583209582,1,75.52323665634752,0.12200842422152185
2542,130.38,126.21,0.75,0.0688,1375.8357558139535,390.13,3.526608453115509,0,116.413583087032,0.752942489679378
2543,163.06,148.79,0.78,0.0686,1691.7813411078719,370.74,4.563255492010228,0,146.2427568453009,0.7321911828685451
2544,404.36,370.48,0.88,0.0166,19639.90361445783,202.14,97.15990706667573,3,346.3174900652962,0.10972681197819935
2545,259.79,258.94,0.78,0.0142,14223.464788732394,363.29,39.15182027782871,3,234.53928700093536,0.13375879355971018
2546,58.28,56.85,0.77,0.0521,840.2015355086373,52.74,15.931011291403816,0,51.007399976579336,0.7576206371310802
2547,290.76,282.2,0.89,0.0915,2744.896174863388,45.36,60.51358410192654,2,263.30701720737835,0.7325114274212866
2548,64.13,59.98,0.77,0.0135,3421.081481481481,51.09,66.96186105855315,1,75.22991526804998,0.12370909433275855
2549,190.42,184.04,0.79,0.0904,1608.3141592920356,57.0,28.216037882316414,0,192.66014417832469,0.724800531084301
2550,80.24,70.88,0.76,0.0259,2079.876447876448,48.47,42.91059310659063,1,71.56358130620522,0.10424390196697716
2551,94.78,100.43,0.77,0.0767,1008.2281616688396,406.66,2.479290221976195,0,105.19652953929918,0.7492856483969972
2552,114.1,78.09,0.76,0.0274,2166.0000000000005,335.01,6.465478642428586,1,83.52698513744733,0.10749030388100515
2553,95.26,74.69,0.82,0.0553,1107.518987341772,458.97,2.4130531131485102,0,65.96582441793177,0.5323057718902405
2554,92.63,72.77,0.87,0.0805,786.4583850931677,53.36,14.738725357817987,0,64.40445217719072,0.7674752792351015
2555,50.92,39.58,0.89,0.0729,483.2126200274348,57.22,8.444820343017037,0,27.22010029178813,0.773399394522937
2556,360.18,357.16,0.83,0.0248,11953.33870967742,371.82,32.1481865141128,3,345.52227988594836,0.13196296440479002
2557,93.79,77.86,0.81,0.0693,910.051948051948,56.64,16.06730134272507,0,64.98217549801309,0.7726493317384037
2558,476.82,376.25,0.86,0.0594,5447.390572390572,404.9,13.453668985899165,2,412.85143302825094,0.7178802961316386
2559,471.9,430.24,0.87,0.0128,29242.875,348.54,83.90105870201411,3,406.1113628697549,0.10684914744269858
2560,55.55,57.06,0.79,0.0751,600.231691078562,368.7,1.6279677002402007,0,49.27193561872163,0.7872262721985068
2561,100.69,85.63,0.8,0.0697,982.8407460545195,177.91,5.524370446037432,0,109.47904728240525,0.7448028439508854
2562,89.19,87.87,0.85,0.0705,1059.4255319148936,212.59,4.983421289406339,0,99.93212323928672,0.7744130222393102
2563,251.45,184.51,0.8,0.079,1868.4556962025317,381.31,4.9000962371889845,0,204.8484576112633,0.7458421082616481
2564,59.77,46.37,0.88,0.025,1632.224,318.09,5.131327611682228,1,35.628217163979656,0.11262777236068942
2565,59.48,48.84,0.88,0.0788,545.4213197969544,310.44,1.7569299052858989,0,34.39131755362098,0.7891833705222873
2566,173.11,138.23,0.81,0.0708,1581.4449152542372,386.12,4.095734267207701,0,156.16210934139383,0.7326863370068593
2567,445.72,304.62,0.86,0.0672,3898.4107142857147,46.72,83.44201015166341,2,383.2102785375912,0.7316693759536217
2568,187.97,131.22,0.89,0.0237,4927.670886075949,198.07,24.878431292350932,1,149.41072028373034,0.10523137122195406
2569,105.86,92.3,0.84,0.0179,4331.3966480446925,174.15,24.87164311251618,1,94.71558981184349,0.12400310267347424
2570,128.19,128.44,0.75,0.0629,1531.4785373608902,354.61,4.318768611603987,0,133.66542876459835,0.7434810512863573
2571,177.18,192.1,0.8,0.0203,7570.443349753696,53.58,141.29233575501485,1,180.83663653743238,0.13332351009663856
2572,352.45,301.52,0.79,0.0625,3811.2128,50.53,75.4247536117158,2,336.462071874354,0.7367094625377996
2573,132.78,138.83,0.89,0.0238,5191.542016806723,382.73,13.564502434632045,1,137.07878154127025,0.15875300121966254
2574,96.93,97.28,0.89,0.0815,1062.321472392638,195.13,5.444172973877098,0,87.81236096834469,0.7588382611042859
2575,401.05,445.86,0.8,0.0906,3936.9536423841064,210.44,18.708200163391496,2,383.3354599175395,0.7415263054582597
2576,56.92,50.18,0.8,0.0801,501.17353308364545,402.48,1.2452135089536012,0,48.759110674135115,0.7874122155839465
2577,103.23,96.75,0.88,0.0573,1485.8638743455497,47.49,31.28793165604442,0,91.52546427473783,0.7167043436404176
2578,136.43,150.42,0.78,0.0944,1242.8771186440679,356.35,3.4877988456407123,0,143.13653344920482,0.7304395605929599
2579,258.42,278.45,0.85,0.0526,4499.667300380228,421.96,10.663729501327682,2,250.3822596049099,0.7237969228725938
2580,58.9,48.01,0.78,0.0783,478.2605363984674,200.24,2.38843655812259,0,52.71583268759515,0.7593316296897764
2581,496.19,442.36,0.88,0.0202,19271.12871287129,424.8,45.3651805858552,3,449.22784582288614,0.1145901142304331
2582,310.29,217.23,0.87,0.0941,2008.396386822529,47.06,42.677356286071586,2,259.94901722526356,0.70868443804755
2583,69.3,47.81,0.89,0.0261,1630.3026819923373,337.81,4.826093608810685,1,45.133867179937695,0.10878546479816227
2584,490.99,336.25,0.77,0.0243,10654.835390946504,204.96,51.98495019002002,3,425.00399542202956,0.11792025623937803
2585,347.7,289.03,0.83,0.0871,2754.246842709529,45.09,61.08331875603302,2,296.29821649705895,0.763099906936932
2586,269.9,230.46,0.77,0.079,2246.255696202532,181.58,12.370611830612026,2,262.2976198374553,0.7229629429963279
2587,79.89,76.66,0.81,0.0539,1152.0333951762523,210.94,5.461426923183144,0,90.49003499242403,0.7687825042058956
2588,211.97,166.56,0.81,0.0194,6954.309278350516,337.79,20.587670678085544,1,189.9612644059508,0.11785806430189505
2589,154.47,136.82,0.84,0.0173,6643.28323699422,174.58,38.052945566469354,1,140.28968714966814,0.12069595112125775
2590,479.76,504.16,0.75,0.0529,7147.826086956522,317.07,22.543369246401497,2,454.1715390074677,0.6929650254699724
2591,356.85,292.59,0.77,0.0249,9047.963855421687,392.35,23.060950313296004,2,302.36213203064995,0.11833197005302047
2592,166.06,131.95,0.8,0.0704,1499.431818181818,309.22,4.849077738121137,0,150.90153856939077,0.7434874848456756
2593,281.0,287.11,0.78,0.0248,9030.072580645161,349.8,25.81495877828805,2,254.52886501640654,0.13452684297810158
2594,430.22,451.16,0.81,0.0967,3779.1065149948304,380.45,9.933254080680328,2,408.62093359734814,0.7247787713098461
2595,53.07,56.42,0.86,0.0123,3944.813008130081,424.57,9.291313583461104,1,65.12329071766902,0.14498073586100874
2596,173.29,182.68,0.79,0.0152,9494.552631578947,47.5,199.88531855955677,3,174.12314381431335,0.12934806455632583
2597,65.51,61.55,0.77,0.0598,792.5334448160535,51.23,15.470104329807798,0,77.87346278244252,0.7698440489116958
2598,290.55,262.17,0.76,0.0884,2253.950226244344,356.57,6.321199838024354,2,242.7525638563294,0.7328344470033553
2599,355.4,272.89,0.85,0.0755,3072.2715231788075,182.85,16.802141226025746,2,321.3111146940098,0.7258959133104085
2600,155.05,114.48,0.79,0.0909,994.9306930693072,56.19,17.706543745671954,0,118.73412168716948,0.7831222327455489
2601,151.18,117.59,0.78,0.0808,1135.15099009901,229.71,4.941669888550825,0,116.86480827711128,0.7364306589579306
2602,95.71,85.26,0.79,0.0142,4743.338028169014,46.89,101.15884043866527,1,66.48228817821092,0.09155984691120406
2603,80.95,92.92,0.89,0.0524,1578.2213740458014,44.71,35.299068978881714,0,92.24533671009854,0.7183056329972244
2604,255.05,229.59,0.82,0.0729,2582.4938271604938,336.96,7.664096115742207,2,210.67364375540575,0.7477803756508189
2605,93.62,75.87,0.82,0.0131,4749.114503816793,362.71,13.09342037389869,1,65.95613067970983,0.11990487288211517
2606,67.12,53.97,0.78,0.0228,1846.342105263158,225.42,8.19067565106538,1,40.72674696225371,0.1263620370179309
2607,77.28,61.81,0.85,0.0287,1830.609756097561,47.26,38.73486576592385,1,50.25034845830385,0.09958949385482212
2608,269.15,209.47,0.81,0.0283,5995.431095406361,367.99,16.292375052056745,1,224.03891670486746,0.12741750561719414
2609,164.06,118.55,0.79,0.0175,5351.685714285713,193.64,27.63729453772833,1,130.65935552687955,0.10954754337934715
2610,168.61,150.86,0.9,0.0824,1647.742718446602,387.1,4.25663321737691,0,153.32607272880716,0.7325037202337223
2611,434.68,377.98,0.89,0.0916,3672.5131004366813,378.21,9.71024854032596,2,412.84104114309844,0.7424668845583194
2612,81.69,82.85,0.8,0.0668,992.2155688622755,190.16,5.2177932733607255,0,90.60834470674665,0.7681362068655896
2613,282.69,302.94,0.75,0.0704,3227.3437499999995,398.21,8.104627583435875,2,272.5062213980853,0.7284835582718859
2614,464.46,471.9,0.85,0.0988,4059.868421052631,398.58,10.18583075180047,2,441.4939948296001,0.7423682944623091
2615,94.64,85.82,0.88,0.0634,1191.1924290220818,346.81,3.4347118855341017,0,83.57303947460292,0.7708869047760267
2616,102.13,72.93,0.9,0.0584,1123.9212328767126,228.45,4.919769021128092,0,70.90453835412725,0.7451188817526393
2617,147.86,131.79,0.85,0.0206,5437.936893203882,45.71,118.966022603454,1,153.50087614117052,0.11087663164360524
2618,465.14,475.18,0.9,0.0153,27951.76470588236,53.39,523.5393276996134,3,441.5121875500407,0.12903149618002488
2619,72.68,65.17,0.76,0.0268,1848.1044776119404,426.44,4.3337971991650415,1,65.17177763643244,0.13659165313173546
2620,84.66,95.88,0.85,0.0626,1301.8849840255589,49.5,26.30070674799109,0,94.05891676899358,0.7714194692370577
2621,63.57,58.12,0.79,0.0699,656.8640915593704,434.26,1.5126055624726442,0,55.77843559689167,0.7720443167996612
2622,244.87,213.2,0.85,0.0718,2523.9554317548746,55.33,45.616400357037314,0,201.3014107925692,0.7455856386676519
2623,236.25,237.05,0.8,0.0251,7555.378486055777,44.77,168.75985003475043,3,213.27406129852724,0.12352714953169747
2624,133.99,127.34,0.78,0.0287,3460.8083623693383,203.91,16.972234624929325,1,121.92596211417043,0.13400536711529445
2625,51.05,47.26,0.86,0.053,766.8603773584906,217.86,3.5199686833677157,0,45.38192890385227,0.7581762923141113
2626,72.52,58.56,0.83,0.0729,666.7325102880658,190.45,3.500827042730721,0,64.55051167563012,0.7766679309207367
2627,100.12,81.69,0.79,0.02,3226.755,317.89,10.150539494793797,1,70.77160184955115,0.11302472931918066
2628,60.41,61.28,0.78,0.0174,2747.034482758621,46.91,58.55967773947178,1,73.2491329396312,0.10305540180394901
2629,308.86,331.17,0.88,0.0888,3281.8648648648646,51.71,63.46673496161022,2,299.4922370955046,0.7489161746607322
2630,187.23,170.86,0.89,0.0803,1893.716064757161,45.67,41.465208337139494,0,170.62125469263884,0.7199761941589564
2631,99.72,88.24,0.76,0.0844,794.5781990521327,399.83,1.9872900959210984,0,69.03524532599707,0.7491189587331377
2632,138.0,107.34,0.75,0.0928,867.510775862069,455.27,1.9054863616361037,0,105.40195833827278,0.7496201978143556
2633,187.61,206.99,0.86,0.0739,2408.814614343708,362.34,6.6479400958870345,0,189.8819271830767,0.7211101060209757
2634,416.34,352.12,0.83,0.0907,3222.2668136714437,187.4,17.19459345609095,2,358.69058624204047,0.7509192827913657
2635,217.4,197.71,0.77,0.0242,6290.772727272728,50.41,124.79215884294244,1,194.2754208859846,0.1318242937167414
2636,71.82,53.38,0.89,0.0827,574.4643288996374,353.66,1.6243406913409415,0,46.988951345462056,0.7663469947567053
2637,78.85,67.74,0.85,0.0149,3864.362416107382,299.85,12.887651879631088,1,53.48326420857167,0.11480634499774459
2638,87.33,60.7,0.8,0.0284,1709.8591549295775,223.81,7.639779969302433,1,60.781110167925775,0.1175236797977428
2639,64.26,63.01,0.78,0.0617,796.5607779578605,50.22,15.861425287890492,0,54.44549004375686,0.7859447034927325
2640,85.72,70.03,0.88,0.0583,1057.056603773585,409.07,2.5840482161331435,0,56.61699171794464,0.770584546881312
2641,148.95,151.84,0.81,0.0775,1586.9729032258067,176.64,8.984221598877982,0,132.70083947781183,0.7724793682292231
2642,49.64,34.54,0.81,0.0808,346.2549504950495,195.52,1.7709438957398194,0,25.266691255035937,0.7599389836286126
2643,259.46,254.81,0.77,0.0522,3758.6915708812257,50.54,74.37062862843739,2,231.40065622296945,0.7427990039929853
2644,72.85,77.6,0.85,0.0999,660.2602602602602,228.83,2.885374558669144,0,85.11490544342546,0.7809913866460755
2645,498.98,402.94,0.79,0.0198,16076.89898989899,220.52,72.90449387764824,3,432.7210303972126,0.11296344033985559
2646,80.24,63.73,0.81,0.0989,521.9544994944388,210.68,2.477475315618183,0,74.36275569586725,0.7893095349218926
2647,115.56,124.31,0.82,0.0949,1074.1222339304531,327.79,3.2768608985339793,0,123.90689843544808,0.7483872190974421
2648,379.75,310.52,0.77,0.0619,3862.6882067851375,432.9,8.922818680492348,2,339.908301176687,0.7264582091839622
2649,211.61,193.83,0.79,0.0651,2352.1612903225805,44.14,53.28865632810558,0,168.94893377693245,0.7567854884499533
2650,362.27,338.0,0.82,0.0178,15570.786516853932,194.17,80.19151525392148,3,328.4801903054107,0.1288185168894564
2651,89.65,67.46,0.79,0.0101,5276.574257425743,318.63,16.560192880223905,1,61.80605771684358,0.11094215625880487
2652,175.14,197.73,0.77,0.0952,1599.2867647058822,45.16,35.41379018392122,0,177.43729028273412,0.7249029965598726
2653,128.1,105.71,0.77,0.0506,1608.6304347826085,50.02,32.159744797733076,0,95.407929365048,0.7398665175690629
2654,101.85,103.72,0.77,0.0122,6546.262295081967,49.42,132.46180281428505,1,91.11087356966705,0.11423418772484836
2655,228.81,211.85,0.83,0.0827,2126.1850060459496,180.3,11.792484781175538,0,205.93620614611757,0.7345340939961333
2656,106.09,118.21,0.83,0.0154,6371.05844155844,376.82,16.90743177527318,1,113.46625184367026,0.13428945995912556
2657,117.39,119.05,0.81,0.0682,1413.9369501466279,46.36,30.499071400919497,0,104.379460120526,0.7360994556121669
2658,320.1,291.55,0.86,0.0222,11294.279279279279,312.85,36.10126028217765,3,287.6067273819098,0.13244038259208027
2659,71.84,54.25,0.81,0.0267,1645.7865168539324,419.81,3.9203128006810997,1,44.64641377910101,0.12136392750311843
2660,231.1,231.96,0.85,0.0279,7066.881720430108,196.9,35.890714679685665,1,207.74172920332092,0.13191456902421084
2661,136.11,94.12,0.86,0.0169,4789.538461538463,176.12,27.194744841803672,1,104.03790576494683,0.11198824174014317
2662,53.95,44.95,0.81,0.0187,1947.032085561497,185.03,10.522791361192764,1,47.93771863977591,0.13223528223958939
2663,438.58,328.25,0.89,0.0144,20287.67361111111,206.88,98.06493431511558,3,378.6798024492974,0.10659181315558303
2664,55.11,57.08,0.87,0.085,584.230588235294,300.37,1.9450364158714053,0,68.04106604663677,0.78275063018024
2665,122.47,106.06,0.84,0.0175,5090.88,52.7,96.60113851992409,1,128.55389808852044,0.11312290494991428
2666,282.2,243.63,0.85,0.0126,16435.35714285714,382.95,42.917762482979875,3,253.0251297180797,0.14200114602061228
2667,61.9,55.76,0.88,0.0623,787.621187800963,211.32,3.7271492892341613,0,76.3085041707979,0.7811004027408066
2668,73.77,79.35,0.76,0.0731,824.9794801641586,51.56,16.0003778154414,0,85.70569295440703,0.7719293258727876
2669,415.58,349.19,0.83,0.0747,3879.8888888888887,389.19,9.969138181579405,2,375.33769590728525,0.7439416252479336
2670,233.58,230.67,0.75,0.0542,3191.928044280443,458.24,6.965625096631553,2,226.3585381886804,0.5913175932086931
2671,196.38,199.29,0.88,0.0663,2645.176470588235,301.18,8.782709577622137,0,179.18770742937124,0.740989319705458
2672,131.46,106.53,0.75,0.0612,1305.5147058823532,172.0,7.590201778385774,0,118.67107270751384,0.7378292050106297
2673,284.65,233.47,0.85,0.0756,2624.9933862433863,452.06,5.806736685934138,2,255.66153217492536,0.7443438228514829
2674,147.62,137.74,0.81,0.0278,4013.2877697841736,43.12,93.07253640501331,1,152.30350573628255,0.11129860104039402
2675,135.98,122.02,0.77,0.0813,1155.6629766297663,369.64,3.1264554069629,0,122.2144632689358,0.717591436691159
2676,425.71,436.5,0.8,0.0722,4836.565096952909,176.35,27.425943277305976,2,402.7128440664944,0.7487133955806837
2677,95.41,87.16,0.79,0.0992,694.1169354838709,172.51,4.023633038570929,0,88.47794544887785,0.7860907005267392
2678,297.06,238.74,0.77,0.0987,1862.5106382978724,385.61,4.830037183418149,2,267.943703913303,0.7248673777690828
2679,281.14,248.39,0.79,0.0568,3454.720070422535,342.94,10.073832362578104,2,271.0782168300997,0.7304368921999081
2680,250.93,234.46,0.78,0.0117,15630.666666666666,319.73,48.887081808609345,3,244.37927873825902,0.12933298060149295
2681,76.78,60.06,0.78,0.0722,648.8476454293628,216.09,3.0026731705741256,0,48.49906861651564,0.7676627759325482
2682,270.32,274.94,0.83,0.0271,8420.671586715867,396.05,21.261637638469555,2,244.46113590388555,0.13955990588605913
2683,81.87,75.49,0.89,0.0213,3154.2769953051643,188.33,16.748669863033847,1,94.27359645381792,0.12684311100700152
2684,75.6,52.75,0.83,0.0289,1514.9653979238753,44.1,34.352956869022115,1,49.487803457423084,0.09015952379179501
2685,86.25,78.63,0.89,0.0863,810.9003476245655,50.46,16.070161466994957,0,59.90362993470859,0.7649834340946136
2686,217.34,185.31,0.88,0.0235,6939.268085106383,46.88,148.02193014305425,1,195.05288523085662,0.12405277294948648
2687,98.37,101.97,0.76,0.0121,6404.727272727274,339.89,18.843529591124405,1,108.84624825487238,0.12730148260170182
2688,164.97,141.71,0.79,0.0192,5830.776041666667,182.61,31.930212155230638,1,130.12799820245934,0.11472551565311978
2689,315.18,274.35,0.77,0.0107,19742.94392523365,55.45,356.0494846750883,3,282.9231855237162,0.13438535930492937
2690,407.64,332.66,0.86,0.0205,13955.49268292683,414.97,33.630124305195146,3,350.06704578609987,0.11586598062781141
2691,66.7,76.46,0.8,0.0175,3495.3142857142852,440.8,7.929478869587761,1,77.67319362134438,0.1344815682004057
2692,83.43,75.45,0.79,0.0165,3612.4545454545455,320.28,11.279051284671368,1,57.284286475580046,0.11094215625880487
2693,461.78,375.26,0.85,0.0952,3350.535714285714,191.77,17.4716364096872,2,402.2070971136805,0.7646121709380661
2694,98.54,86.8,0.84,0.0229,3183.9301310043666,226.77,14.040349830243711,1,70.57557725245299,0.11145081692863924
2695,138.29,126.56,0.82,0.0736,1410.0434782608695,387.04,3.6431466470154747,0,105.93769741659031,0.7666533025148149
2696,204.19,214.22,0.81,0.0256,6778.0546875,213.46,31.75327783893938,1,202.21279832627766,0.14101488072753035
2697,72.48,73.78,0.8,0.0617,956.6288492706644,54.95,17.40907823968452,0,64.87184876678586,0.769588764910809
2698,357.44,344.63,0.89,0.0873,3513.4100801832765,451.63,7.779399243148765,2,341.75912290747635,0.7239879882787779
2699,110.16,86.32,0.85,0.0122,6014.098360655736,197.11,30.51138126252212,1,79.33051321736423,0.10684357144402512
2700,100.21,99.65,0.9,0.0768,1167.7734375,455.96,2.561131321826476,0,88.77422251067226,0.6819883538304273
2701,63.88,50.18,0.8,0.0626,641.2779552715656,318.27,2.014886590855455,0,37.53886423808967,0.7797156699539708
2702,202.94,178.63,0.82,0.0188,7791.308510638297,365.71,21.304608872161815,1,163.48390301724285,0.11816918871134514
2703,59.88,68.81,0.79,0.0725,749.7917241379312,407.66,1.8392575286707824,0,70.53277257519184,0.7931278986681872
2704,143.97,144.49,0.85,0.0562,2185.346975088968,385.86,5.663574807155362,0,129.72037121082045,0.7362416525257777
2705,62.71,52.09,0.9,0.0855,548.3157894736843,346.75,1.5813000417409784,0,39.875929940880326,0.7772209645437833
2706,92.53,76.44,0.9,0.0115,5982.260869565218,452.37,13.224265246513292,1,83.01015793764323,0.12642461961588197
2707,78.66,72.64,0.88,0.052,1229.2923076923078,51.54,23.851228321542642,0,87.08204323214375,0.725392436589231
2708,408.57,375.97,0.78,0.0671,4370.441132637854,227.18,19.237790001927344,2,367.9371937366124,0.7368493739902137
2709,445.79,457.12,0.84,0.0913,4205.704271631982,328.1,12.818361083913386,2,404.8860641431837,0.7428371732641318
2710,186.89,149.56,0.84,0.06,2093.84,202.55,10.337398173290545,0,148.35841104154912,0.7625297678863306
2711,91.65,79.17,0.8,0.0548,1155.7664233576643,322.27,3.5863295477632553,0,102.4388410355141,0.7611823082564386
2712,53.37,45.88,0.8,0.0238,1542.18487394958,419.01,3.680544316244433,1,28.751236818926003,0.11426615917098147
2713,485.74,422.16,0.88,0.0169,21982.29585798817,204.01,107.75107032982781,3,459.4839213613118,0.13118729988891287
2714,116.16,117.28,0.78,0.0158,5789.772151898735,54.37,106.4883603439164,1,122.69408907950825,0.11801391332626558
2715,162.3,167.66,0.84,0.0509,2766.884086444007,378.44,7.311288675731971,0,145.08417260894564,0.7241492460603892
2716,94.17,78.49,0.85,0.0163,4093.036809815951,371.16,11.027688354930355,1,84.30701658924148,0.13208607956917942
2717,78.55,62.49,0.85,0.0898,591.4977728285078,443.37,1.3340951639229262,0,70.66217144816986,0.7668047269272261
2718,164.01,141.43,0.82,0.0975,1189.462564102564,217.8,5.461260624896989,0,169.23892259715112,0.7278682792486653
2719,60.73,47.81,0.88,0.0105,4006.933333333333,46.92,85.39926115373684,1,32.98545362781846,0.09864459731949843
2720,81.34,68.86,0.88,0.0174,3482.5747126436786,315.05,11.054038129324484,1,72.15749850812489,0.11767122112696901
2721,302.51,299.44,0.86,0.0507,5079.258382642997,48.76,104.1685476341878,2,291.84435599719166,0.738895004288969
2722,486.7,501.5,0.76,0.0675,5646.518518518517,441.22,12.79751262073006,2,440.6883591945739,0.7227765686506342
2723,67.73,69.12,0.81,0.0179,3127.7765363128497,45.19,69.21390874779486,1,60.34665730869992,0.12409636580044106
2724,322.99,265.06,0.81,0.0882,2434.2244897959185,449.82,5.411552376052462,2,291.38519771415685,0.733135702381994
2725,158.99,127.35,0.83,0.0211,5009.5023696682465,323.25,15.497300447542912,1,144.23143906386645,0.11475388067935138
2726,124.14,109.59,0.82,0.0561,1601.8502673796793,56.98,28.11250030501368,0,92.20853326795748,0.756960209838994
2727,484.29,462.13,0.75,0.0651,5324.078341013824,388.65,13.698902202531388,2,436.0963950800841,0.7127580471285164
2728,94.01,78.64,0.86,0.0213,3175.1361502347413,48.54,65.41277606581667,1,65.49904072651879,0.10262826062287349
2729,86.41,64.11,0.79,0.0204,2482.6911764705883,421.99,5.883293861159241,1,58.76467476761741,0.11195889943630644
2730,452.77,424.36,0.86,0.0152,24009.842105263157,47.01,510.73903648719755,3,430.06906877844875,0.1164806930684374
2731,476.6,369.02,0.81,0.0578,5171.387543252596,52.89,97.77628177826801,2,410.725031618307,0.6990397220530923
2732,115.4,89.79,0.88,0.0511,1546.2857142857144,217.09,7.1227864677585995,0,83.29396061174178,0.742973557238883
2733,163.36,135.81,0.85,0.0919,1256.1316648531013,45.04,27.889246555353047,0,145.963693465802,0.7508921791320313
2734,78.06,66.75,0.79,0.0784,672.608418367347,327.42,2.054267968869791,0,51.931574439983976,0.7936136135829436
2735,223.66,224.95,0.82,0.0171,10787.076023391812,213.47,50.53204676718889,1,200.98342315016006,0.13831798624780098
2736,163.76,131.91,0.83,0.0537,2038.832402234637,207.05,9.84705337954425,0,146.6651829427745,0.734550022065711
2737,53.85,56.28,0.85,0.0746,641.260053619303,336.04,1.9082848875708336,0,68.06813025761325,0.7767902726907512
2738,70.36,78.92,0.83,0.0214,3060.9158878504672,43.54,70.30123766307918,1,81.63454316057445,0.11378447078959926
2739,146.1,121.19,0.79,0.062,1544.1951612903226,196.79,7.846918854059265,0,112.82452144249424,0.7700164019039094
2740,90.79,70.6,0.89,0.0777,808.6743886743886,452.99,1.7851925841064673,0,61.814923943189086,0.7823330129716414
2741,80.71,58.0,0.81,0.0227,2069.603524229075,192.96,10.725557235847196,1,52.960261256129385,0.11970320046023232
2742,141.42,137.15,0.83,0.0203,5607.610837438425,57.38,97.72762003203947,1,126.3681397690653,0.11856709823523
2743,75.19,58.04,0.77,0.0289,1546.3944636678202,380.33,4.065928177287672,1,48.319768294374185,0.12702276441956417
2744,118.32,127.66,0.86,0.0951,1154.4437434279705,224.51,5.142059344474503,0,126.29085888660408,0.736632418456323
2745,317.67,300.96,0.78,0.0249,9427.66265060241,176.34,53.46298429512538,2,306.9710362385066,0.14254145627688183
2746,57.25,51.6,0.85,0.0833,526.530612244898,383.38,1.373390923482962,0,50.999372081865246,0.7750544145877976
2747,280.27,261.73,0.85,0.0296,7515.895270270271,418.41,17.962991492245095,2,252.89059344534218,0.1427824657744078
2748,495.24,516.24,0.87,0.0861,5216.3623693379795,211.04,24.71741077207155,2,468.3354018341621,0.7423082020877447
2749,388.27,357.08,0.78,0.0673,4138.520059435365,50.39,82.12978883578815,2,330.655564076931,0.7521142031957929
2750,77.59,73.47,0.79,0.0151,3843.7947019867547,358.04,10.735657194689852,1,70.23813952910068,0.1321778734265625
2751,81.4,74.72,0.79,0.0803,735.1033623910337,49.84,14.749264895486228,0,75.10282246387196,0.7852242660560068
2752,181.69,178.84,0.88,0.0281,5600.683274021352,45.01,124.43197676119424,1,164.8091652326606,0.09974083022790872
2753,491.98,455.58,0.88,0.0214,18734.130841121496,350.14,53.50468624299279,3,467.644437416665,0.11949507962269573
2754,368.57,269.69,0.75,0.0129,15679.651162790695,444.29,35.291478905198616,3,314.4058154195394,0.11648915290301405
2755,161.76,158.33,0.82,0.0224,5796.008928571429,371.24,15.612565802638263,1,146.07761226421133,0.1190998787940681
2756,384.45,372.23,0.78,0.021,13825.685714285713,458.14,30.177862038428675,3,346.50493085019536,0.16962574200204725
2757,61.19,53.93,0.86,0.0827,560.819830713422,51.15,10.964219564289776,0,36.63535314136868,0.7663922020813615
2758,433.79,349.43,0.76,0.0158,16808.025316455696,187.42,89.68106560909027,3,393.15431414680614,0.12550441311686453
2759,85.97,91.72,0.81,0.0751,989.2569906790945,363.47,2.721701902988127,0,96.76329994497793,0.767838250386361
2760,194.57,172.77,0.79,0.0846,1613.3368794326243,55.19,29.23241310803813,0,175.82835428724553,0.737406482531783
2761,175.25,126.88,0.87,0.09,1226.5066666666667,200.33,6.1224313216526065,0,140.76218667790502,0.7379956811795211
2762,80.92,59.48,0.78,0.014,3313.885714285714,435.2,7.614627100840336,1,50.63552214967805,0.14251298836693485
2763,88.5,61.78,0.88,0.0502,1082.996015936255,389.35,2.781548776001682,0,58.63304070725509,0.7695020068248236
2764,160.2,137.58,0.82,0.0621,1816.6763285024156,57.09,31.82127042393441,0,123.88996201883825,0.7639101597938537
2765,217.68,192.34,0.8,0.0165,9325.575757575758,54.32,171.67849332797786,3,194.2759063173807,0.13161832494506093
2766,455.79,380.9,0.86,0.0692,4733.728323699422,365.55,12.949605590752077,2,394.67882276516457,0.7597808572215236
2767,308.14,268.72,0.82,0.0794,2775.1939546599497,335.6,8.269350282061827,2,298.7945031481277,0.7214156523396538
2768,404.05,397.87,0.76,0.0641,4717.3354134165365,374.47,12.597365378846199,2,384.158163358641,0.7401679203966423
2769,157.47,172.97,0.87,0.0293,5135.96928327645,49.09,104.6235339840385,1,160.68681268323755,0.1177520403901276
2770,193.5,212.77,0.86,0.0824,2220.6577669902913,388.8,5.711568330736346,0,193.6020874611994,0.7274916661494812
2771,108.98,111.33,0.81,0.0561,1607.438502673797,378.7,4.244622399455498,0,96.04848342547335,0.7418977682075462
2772,176.35,169.3,0.77,0.0836,1559.3421052631581,43.06,36.21323978781138,0,161.17019739492176,0.7315003859148617
2773,52.54,43.71,0.85,0.0232,1601.4439655172414,331.91,4.824934366295807,1,26.340137251186434,0.10208076665689479
2774,71.72,78.86,0.81,0.0124,5151.3387096774195,371.91,13.851035760472746,1,82.91667882939925,0.13370083679706635
2775,64.6,56.94,0.81,0.0263,1753.6653992395438,46.96,37.343811738491134,1,58.7400359199157,0.12249470306150417
2776,279.59,244.28,0.83,0.0262,7738.641221374045,44.84,172.5834349102151,3,231.1698541546345,0.1096281573021337
2777,442.74,454.83,0.83,0.0986,3828.6906693711967,50.9,75.21985597978775,2,420.81181192947224,0.743373715054483
2778,88.83,82.9,0.8,0.0217,3056.221198156682,361.19,8.461533259937102,1,79.86190676322506,0.11291090000845717
2779,63.28,49.85,0.8,0.0293,1361.0921501706484,47.95,28.385654852359714,1,38.07925097895489,0.09692067174356422
2780,370.3,255.29,0.83,0.0536,3953.184701492537,55.81,70.83290989952583,2,313.73536979146405,0.736815048238564
2781,247.86,196.4,0.88,0.0844,2047.772511848341,457.48,4.4762011713044085,0,202.6677047493458,0.6306015773458147
2782,293.48,227.69,0.78,0.0624,2846.125,46.38,61.36535144458818,2,263.4340530035718,0.7492648051197895
2783,490.84,423.89,0.82,0.056,6206.960714285714,444.44,13.965801265155507,2,444.18241782478526,0.6451574587060679
2784,80.35,63.27,0.85,0.0296,1816.8749999999998,198.27,9.16364049024058,1,73.78461542651772,0.12282542036200547
2785,106.92,110.38,0.86,0.0232,4091.6724137931037,219.64,18.628994781429174,1,114.8876336637033,0.13202714862119255
2786,341.03,296.09,0.77,0.0764,2984.1531413612565,172.4,17.309472977733506,2,329.2534438825445,0.7332625647315654
2787,108.95,108.69,0.78,0.0607,1396.675453047776,415.0,3.3654830193922316,0,96.48328101532061,0.700395537130267
2788,261.76,238.75,0.76,0.0774,2344.315245478036,351.15,6.676107775816706,2,216.89487807210057,0.7336300586105604
2789,112.68,91.17,0.84,0.0503,1522.520874751491,172.1,8.846722107794834,0,80.41218049707524,0.7348311488948289
2790,170.52,166.71,0.76,0.0202,6272.257425742575,363.6,17.25043296408849,1,172.58588448031315,0.14545836139639667
2791,419.2,395.05,0.86,0.0666,5101.246246246245,44.13,115.59588140145581,2,379.6710117874328,0.7460669892509487
2792,82.07,74.89,0.88,0.0916,719.4672489082969,379.89,1.8938830948650844,0,74.50661633889013,0.7734249525164439
2793,241.31,215.09,0.85,0.0592,3088.285472972973,431.2,7.162072061625633,0,197.075560092151,0.7348030720209506
2794,94.71,88.6,0.85,0.0965,780.4145077720206,355.71,2.1939628005173333,0,105.61987035394742,0.7689728651008134
2795,50.12,48.08,0.76,0.0837,436.568697729988,223.68,1.9517556228987303,0,44.576977632922365,0.7248591507263249
2796,372.36,423.5,0.86,0.0171,21298.830409356724,203.26,104.78613799742558,3,356.312990535401,0.14338203581703104
2797,85.34,93.56,0.83,0.0719,1080.0389429763559,347.89,3.1045415015561124,0,97.14365864971592,0.7661271217199994
2798,166.66,142.52,0.83,0.0109,10852.440366972478,397.9,27.274290944891877,1,170.18666039921544,0.13422218342888204
2799,179.12,168.23,0.82,0.0128,10777.234374999998,43.08,250.16792885329616,3,161.2091558286227,0.11245119166344425
2800,424.92,292.9,0.76,0.0677,3288.0945347119646,340.74,9.649863634184317,2,364.42928413846596,0.7346067862322023
2801,394.29,345.02,0.79,0.0638,4272.191222570534,183.27,23.310914075247087,2,375.2965303871715,0.7391893076206535
2802,57.39,52.8,0.77,0.0705,576.6808510638298,436.99,1.3196660130983084,0,50.04434321909116,0.7738266418490286
2803,136.44,123.53,0.85,0.0646,1625.3947368421052,43.25,37.58138119866139,0,102.88701941733369,0.7598959157017022
2804,158.65,161.28,0.77,0.0652,1904.6871165644175,300.66,6.335020011190106,0,140.959513362464,0.7520461123351366
2805,335.72,258.8,0.86,0.0614,3624.885993485342,308.19,11.761854678884267,2,283.08082257212027,0.7507003051596632
2806,76.43,70.63,0.89,0.0294,2138.1190476190477,210.05,10.179095680166853,1,69.12376714332888,0.12414994124913084
2807,362.74,300.84,0.75,0.0502,4494.621513944223,213.19,21.082703287885092,2,325.50298898699305,0.7163399098327848
2808,136.29,140.15,0.85,0.0653,1824.310872894334,45.83,39.80604130251656,0,122.04733276489323,0.7402130150148369
2809,125.81,91.51,0.78,0.017,4198.694117647059,49.36,85.06268471732291,1,93.2501195610394,0.10189822098013038
2810,127.4,127.93,0.88,0.0581,1937.6660929432014,354.97,5.458675642852076,0,114.17442755004599,0.7442035944990453
2811,74.73,83.21,0.82,0.0689,990.3076923076922,178.19,5.557594097916225,0,84.26995978558925,0.7718410602081449
2812,313.55,313.72,0.82,0.0631,4076.8684627575276,46.11,88.41614536450939,2,281.31585028015104,0.742821061880044
2813,155.19,142.53,0.87,0.0546,2271.0824175824173,358.7,6.331425752947916,0,138.6455049816553,0.749018160423728
2814,226.88,163.46,0.77,0.0211,5965.127962085308,201.56,29.594800367559575,1,183.8937784898296,0.12448427947619135
2815,121.54,117.27,0.79,0.0198,4678.954545454545,390.47,11.98287844252963,1,108.83490328604654,0.10697841082840943
2816,141.66,113.56,0.86,0.0609,1603.6387520525452,51.97,30.857008890755154,0,107.52394260312543,0.7564113888373862
2817,315.72,274.5,0.88,0.0646,3739.3188854489163,50.77,73.65213483255694,2,285.4299252098547,0.7558022250699672
2818,451.88,433.23,0.79,0.0758,4515.193931398417,214.77,21.023392146940523,2,428.189153838336,0.7416651956997184
2819,70.8,68.5,0.87,0.0751,793.5419440745673,414.87,1.9127484370394756,0,82.38280742460067,0.769138328909463
2820,128.84,126.73,0.79,0.0212,4722.485849056604,51.64,91.45015199567398,1,114.78351022775595,0.12141623945141237
2821,55.41,54.3,0.83,0.0545,826.9541284403668,219.77,3.7628162553595432,0,67.01814904478624,0.7454576495670527
2822,99.11,95.99,0.86,0.023,3589.191304347826,340.92,10.527957598110483,1,108.19374598956796,0.12694620307590823
2823,159.85,135.5,0.77,0.0812,1284.9137931034486,354.03,3.6293924048906834,0,126.08914136774462,0.7249692165800243
2824,165.45,179.65,0.79,0.0222,6392.950450450451,315.35,20.27255573315507,1,169.4870256237514,0.14192494563323074
2825,252.35,183.7,0.75,0.0239,5764.644351464433,217.54,26.49923853757669,1,205.39239747252714,0.11784334459826344
2826,135.61,138.37,0.82,0.0136,8342.89705882353,404.89,20.605342336989132,1,141.60623857426768,0.13976306206891892
2827,126.99,105.8,0.83,0.0959,915.6830031282585,181.47,5.045919452957836,0,95.78049043949606,0.7522204372895084
2828,115.18,110.9,0.79,0.0911,961.701427003293,44.22,21.748110063394236,0,101.64276870730458,0.7528373018511406
2829,66.96,76.31,0.79,0.0251,2401.7888446215143,320.7,7.489207498040269,1,81.93466093024841,0.1300823375178547
2830,59.91,48.9,0.86,0.0792,530.9848484848484,301.56,1.7607933694284665,0,55.82874459697409,0.7608741912735555
2831,113.14,117.85,0.77,0.0241,3765.331950207469,215.2,17.496895679402737,1,120.58215046397409,0.1345482925984442
2832,166.18,148.45,0.88,0.0807,1618.7856257744736,50.42,32.10602193126683,0,169.865404166073,0.732374610860867
2833,221.97,193.02,0.82,0.017,9310.376470588235,52.17,178.4622670229679,3,199.87813628778093,0.12851143291064882
2834,418.22,322.49,0.77,0.0995,2495.651256281407,326.78,7.637099137895242,2,380.57521710922487,0.7403995209449137
2835,457.77,320.25,0.82,0.0803,3270.2988792029882,49.08,66.63200650372836,2,393.2345750586756,0.7700271156703008
2836,146.95,108.03,0.77,0.0756,1100.3055555555554,189.27,5.813417633832913,0,111.54948810732918,0.7600185061836533
2837,69.87,59.46,0.83,0.0178,2772.5730337078653,347.79,7.9719745642711555,1,62.64925034645569,0.11616656240344829
2838,66.98,58.29,0.82,0.0184,2597.70652173913,299.51,8.673187946109078,1,80.75058462079105,0.12095824733441365
2839,54.14,54.36,0.83,0.0601,750.7287853577371,47.17,15.915386588037675,0,48.59885332484791,0.7666414711551461
2840,383.89,325.54,0.77,0.016,15666.612500000001,345.18,45.38679094964946,3,327.6635183615293,0.10595979745668664
2841,191.97,130.75,0.75,0.0905,1083.5635359116022,359.14,3.0171062424447355,0,154.4232445533809,0.7356778664648967
2842,61.03,60.69,0.87,0.0797,662.4880803011292,51.23,12.93164318370348,0,54.80623417473453,0.7638382462930366
2843,52.76,49.27,0.84,0.0721,574.0194174757282,43.41,13.223207036989825,0,65.97012139481272,0.7488983275621481
2844,158.61,135.66,0.85,0.0138,8355.86956521739,427.78,19.53310011037774,1,143.3482240602591,0.1371918141690762
2845,81.16,59.77,0.85,0.0181,2806.878453038674,49.9,56.25006919917182,1,51.83845596785065,0.10726442634255795
2846,307.37,273.33,0.84,0.0745,3081.841610738255,51.81,59.48352848365673,2,294.3479399838518,0.7375795420681144
2847,362.85,305.62,0.83,0.0725,3498.8220689655172,341.56,10.243652854448756,2,308.54543779742676,0.7107555564056921
2848,195.02,206.99,0.88,0.0209,8715.368421052633,44.76,194.71332486712765,3,196.39514432643506,0.11958282740872059
2849,434.19,438.22,0.88,0.0805,4790.47950310559,177.48,26.991658232508396,2,393.4299373457154,0.7474261747994834
2850,171.79,183.7,0.83,0.0553,2757.1609403254965,374.39,7.364408612210521,0,174.21144043980223,0.7202067092489169
2851,366.7,332.72,0.88,0.0929,3151.7072120559747,349.75,9.011314401875554,2,313.41877367624613,0.7365210247553862
2852,135.29,149.02,0.87,0.0829,1563.901085645356,354.9,4.406596465611035,0,140.79464623834872,0.7529393960428044
2853,52.74,48.35,0.84,0.0174,2334.137931034483,374.62,6.230681573419686,1,28.69600321342392,0.10438238445569661
2854,309.84,256.84,0.78,0.0264,7588.454545454546,369.95,20.512108515892812,2,279.30456627977196,0.13942761266401094
2855,147.42,153.83,0.83,0.0275,4642.869090909091,375.86,12.352655485843375,1,151.52728663767516,0.13202382427349849
2856,74.51,66.1,0.76,0.0929,540.7534983853607,319.03,1.6949926288604855,0,68.31367398891328,0.7535505550400299
2857,109.48,88.0,0.76,0.0102,6556.862745098038,347.36,18.87627460012102,1,97.08978282713178,0.12245423850180917
2858,77.39,64.16,0.84,0.0115,4686.469565217391,48.51,96.60831921701488,1,68.98180399671563,0.10915500333499357
2859,333.43,295.3,0.78,0.0208,11073.75,389.71,28.41536013959098,2,282.3223302006812,0.10593709793518488
2860,76.15,81.0,0.77,0.0784,795.5357142857143,52.74,15.084105314480741,0,86.9007352786002,0.7581556497247784
2861,97.04,105.0,0.86,0.0796,1134.4221105527636,57.04,19.88818566887734,0,108.83383042376177,0.7783141898021387
2862,63.1,53.97,0.88,0.0214,2219.3271028037384,229.92,9.65260570112969,1,75.91546093403764,0.14462144656822973
2863,244.65,194.56,0.81,0.0183,8611.672131147541,399.6,21.55073105892778,1,217.7735343101447,0.13934091882960897
2864,58.69,47.12,0.86,0.0207,1957.6425120772944,187.34,10.4496771222232,1,52.57244109515517,0.12505544254301243
2865,271.87,214.96,0.77,0.0187,8851.294117647058,177.91,49.751526713771334,1,244.0276897964416,0.13681435922541266
2866,113.43,102.41,0.77,0.0538,1465.7193308550184,430.67,3.403346717568018,0,119.00835124296125,0.7048423119084655
2867,169.9,145.28,0.8,0.0512,2270.0,420.22,5.401932321165104,0,152.64014606783613,0.7076818127810802
2868,197.68,175.54,0.81,0.0159,8942.603773584906,357.84,24.99050909228959,1,197.8743322699158,0.13556389198468774
2869,69.23,57.24,0.77,0.082,537.4975609756098,382.91,1.4037177430090875,0,42.625027331046454,0.7676481269914652
2870,346.72,283.09,0.89,0.0551,4572.597096188748,196.35,23.28799132258084,2,314.58533769320525,0.7551326052408253
2871,84.87,62.95,0.84,0.0765,691.2156862745098,367.53,1.8807054832925472,0,57.11479731670286,0.7783025124859168
2872,269.79,259.21,0.88,0.0611,3733.3027823240586,398.49,9.36862350955873,2,241.10927801844517,0.7439514098969343
2873,111.76,76.67,0.82,0.0164,3833.4999999999995,378.6,10.125462229265715,1,80.49322549744372,0.10777490925367016
2874,111.32,113.94,0.82,0.0853,1095.3200468933176,46.77,23.419286869645447,0,97.9620785107039,0.7540717462340157
2875,52.22,50.78,0.8,0.0725,560.3310344827587,365.89,1.5314193732617964,0,66.18981330836957,0.7585066714443661
2876,269.47,226.08,0.87,0.0952,2066.0672268907565,454.31,4.547703609629452,2,243.5871770874399,0.7362542343736344
2877,254.1,251.94,0.81,0.0527,3872.322580645162,195.76,19.78096945568636,2,246.97206406276763,0.7205671386051798
2878,49.48,51.17,0.88,0.0525,857.7066666666667,51.65,16.606131010003228,0,43.303177661214306,0.6957964223052739
2879,60.39,56.2,0.82,0.0998,461.7635270541082,406.18,1.1368445690435476,0,54.33220259796258,0.7814435602237395
2880,193.26,163.1,0.77,0.0112,11213.125000000002,306.07,36.635818603587424,1,174.94808449935465,0.11859247367644388
2881,82.74,75.28,0.89,0.0866,773.662817551963,409.43,1.8896094999193098,0,55.88493655739438,0.7631085554742119
2882,56.8,55.84,0.82,0.0138,3318.0289855072465,353.52,9.385689594668609,1,50.66956349872298,0.12183670086832019
2883,107.76,79.92,0.83,0.0215,3085.283720930233,394.5,7.820744539747105,1,76.6594076062423,0.12172827966686803
2884,314.54,292.84,0.86,0.0118,21342.57627118644,380.42,56.10266618786194,3,285.28448609092516,0.1408246520536744
2885,156.86,125.04,0.89,0.0621,1792.0386473429953,344.27,5.205329094440397,0,140.26007614989933,0.7360849662578576
2886,279.78,197.95,0.76,0.0255,5899.686274509804,185.82,31.749468703636875,1,233.18890383473638,0.1172178209346232
2887,103.89,82.85,0.77,0.0176,3624.6874999999995,403.31,8.987348441645382,1,73.01563353223601,0.12234739578716873
2888,87.34,87.54,0.85,0.0809,919.7651421508036,357.92,2.5697506206716687,0,78.59874106110048,0.7737690217515458
2889,89.28,87.36,0.79,0.0206,3350.21359223301,43.52,76.98101085094231,1,99.36836507488223,0.11007897452213306
2890,65.16,56.88,0.89,0.0505,1002.4396039603961,196.03,5.113705065349161,0,76.50112452573676,0.750222705800506
2891,69.06,48.8,0.8,0.0574,680.1393728222997,423.93,1.6043671663300538,0,42.006767556840856,0.758598248922402
2892,360.86,388.09,0.78,0.054,5605.7444444444445,52.36,107.06158220864104,2,344.0332216182527,0.7269592951517946
2893,342.81,233.47,0.8,0.0697,2679.713055954089,411.73,6.508423131552447,2,289.69967227067525,0.7440965719423154
2894,171.78,155.43,0.79,0.0805,1525.337888198758,51.42,29.66429187473275,0,134.96276891196118,0.7496416545508162
2895,414.02,314.78,0.9,0.057,4970.210526315788,193.9,25.632854699926703,2,354.91525162691494,0.7179397647959125
2896,181.35,155.46,0.79,0.0994,1235.5472837022135,187.73,6.581512191456952,0,186.16009123577663,0.7425775244024099
2897,123.76,126.66,0.85,0.0191,5636.701570680629,54.07,104.24822583097149,1,111.25033026117183,0.1011104145984814
2898,69.41,60.69,0.89,0.0851,634.7132784958872,374.89,1.6930653751657478,0,43.23609821834907,0.7738802172969425
2899,143.89,158.76,0.85,0.0128,10542.65625,300.73,35.05688241944601,1,148.88328946337595,0.1360313927938656
2900,147.04,129.61,0.86,0.0605,1842.3900826446284,356.01,5.175107672943536,0,112.5623755188571,0.7610156894296175
2901,58.66,60.68,0.84,0.0141,3614.978723404255,52.51,68.84362451731585,1,52.833774295887494,0.10677472143588045
2902,192.85,171.34,0.76,0.0221,5892.235294117647,48.21,122.22018863550397,1,152.86173614114207,0.09514975469431824
2903,127.28,107.38,0.89,0.019,5029.905263157895,48.32,104.09572150575114,1,93.68731382250144,0.09276332479862655
2904,97.56,111.85,0.9,0.0743,1354.845222072678,188.2,7.198965048207642,0,107.72246167326364,0.7055865677538513
2905,412.34,369.27,0.87,0.0753,4266.466135458167,53.76,79.36134924587364,2,354.02931326522963,0.7742024958539762
2906,224.56,200.64,0.89,0.0903,1977.5149501661126,47.95,41.24118769898045,0,183.8627197982078,0.7369901680979295
2907,157.26,169.68,0.84,0.0591,2411.6954314720815,52.8,45.67604983848639,0,160.50133809189617,0.7421331480338449
2908,157.59,154.37,0.81,0.0683,1830.7423133235727,376.12,4.8674420751982685,0,161.21171050444664,0.7293763080591117
2909,132.52,127.38,0.8,0.0687,1483.3187772925764,373.25,3.9740623638113233,0,119.29508282847904,0.7536257076795533
2910,172.37,193.46,0.8,0.0963,1607.144340602285,176.33,9.114412411967814,0,176.74389732203147,0.7263445666931009
2911,87.99,85.19,0.86,0.0838,874.2649164677803,416.9,2.0970614451134093,0,78.88829872931186,0.7765856110509008
2912,286.84,323.39,0.78,0.0941,2680.5972369819337,56.23,47.672012039515096,2,279.12155380459063,0.748259817419208
2913,106.7,118.77,0.77,0.0604,1514.120860927152,187.17,8.089548864279276,0,114.31423934110965,0.7224689270901967
2914,368.65,261.96,0.82,0.0865,2483.3202312138724,228.42,10.871728531712952,2,314.1736524563995,0.7161355920473792
2915,426.34,377.85,0.88,0.0298,11157.98657718121,54.79,203.65005616319053,3,388.29153309891285,0.12754061355362567
2916,67.16,54.54,0.87,0.0592,801.5168918918918,346.47,2.313380355851565,0,40.83339311720758,0.7799570390804608
2917,383.08,295.53,0.8,0.079,2992.7088607594933,337.79,8.859672757510562,2,346.68286821923834,0.7343773198406249
2918,344.89,297.78,0.77,0.0612,3746.5784313725494,217.75,17.205871097003673,2,310.71247789764675,0.7271716747376233
2919,54.24,50.98,0.77,0.0657,597.482496194825,205.56,2.9066087575152024,0,67.79654329090658,0.76328754977883
2920,191.65,180.75,0.76,0.056,2453.035714285714,365.39,6.713472493187319,0,171.53019353930895,0.691687038062055
2921,282.19,198.59,0.77,0.0883,1731.7587768969422,376.69,4.597304884379575,2,233.29072753185588,0.7268515314395836
2922,57.8,58.64,0.87,0.0203,2513.142857142858,43.85,57.31226584134225,1,71.24107462483973,0.09756559195097086
2923,74.62,72.84,0.85,0.013,4762.615384615385,190.77,24.965221914427765,1,67.84047035585641,0.12282542036200547
2924,112.71,88.89,0.82,0.021,3470.9428571428566,302.41,11.47760608823404,1,102.28962958335647,0.1257120306342836
2925,191.18,170.12,0.8,0.0952,1429.5798319327732,43.73,32.69105492642976,0,192.19341736705076,0.7286163523981997
2926,364.46,297.27,0.78,0.0184,12601.663043478262,418.55,30.10790358016548,3,328.12256351793775,0.14573949142419923
2927,172.91,149.24,0.88,0.0607,2163.6112026359147,395.63,5.468774366544283,0,155.99145786406703,0.7357587251135128
2928,86.93,62.46,0.79,0.0256,1927.4765625,184.34,10.456095055332538,1,59.36198271353349,0.11796173555621335
2929,109.42,114.6,0.81,0.0872,1064.5183486238534,389.02,2.7364103352625917,0,116.78501698600479,0.7392390469391349
2930,261.43,184.73,0.86,0.0262,6063.656488549617,381.23,15.905507144111473,1,215.85140789770196,0.1208747226094585
2931,86.55,94.27,0.85,0.0628,1275.9474522292994,347.11,3.675916718703867,0,96.42295126302298,0.7708882243696397
2932,387.33,351.45,0.77,0.0741,3652.044534412955,52.56,69.48334350100751,2,330.6738172034974,0.7507350999551708
2933,57.45,55.64,0.86,0.0529,904.5444234404537,51.18,17.673787093404723,0,50.165901894552945,0.7624619240569523
2934,64.29,52.99,0.86,0.0506,900.6205533596839,351.78,2.5601812307683325,0,57.70339523119776,0.7548344232062396
2935,136.84,112.25,0.87,0.075,1302.1000000000001,330.26,3.9426512444740514,0,123.11682413428223,0.7833966505479946
2936,159.33,150.21,0.85,0.0687,1858.4934497816596,418.49,4.440950679303351,0,162.38881223999653,0.7169729661565516
2937,368.18,277.51,0.81,0.0928,2422.2316810344832,51.39,47.13430007850717,2,315.11597763663275,0.7673459214052696
2938,94.48,73.01,0.78,0.0882,645.6666666666667,53.1,12.159447583176398,0,83.54120194307556,0.7776861063559768
2939,378.55,299.24,0.86,0.0897,2868.967670011148,359.64,7.977331970890747,2,340.89615431854145,0.7399629809451844
2940,201.92,141.41,0.82,0.0154,7529.623376623375,215.89,34.877128985239594,1,161.6043476476704,0.12014025312356573
2941,65.2,49.48,0.82,0.0725,559.6358620689655,358.86,1.5594824223066528,0,38.40544030651472,0.7879563520156592
2942,106.95,78.51,0.85,0.075,889.7800000000001,177.69,5.007484945691936,0,76.57489007507546,0.7552349721832567
2943,64.78,66.11,0.77,0.0621,819.7214170692431,201.05,4.0772017760220995,0,76.42068601121098,0.7583375743603707
2944,114.31,116.58,0.79,0.0215,4283.6372093023265,48.45,88.41356469148248,1,121.71701374282475,0.11910379718367588
2945,88.7,78.92,0.78,0.0887,693.9977452085682,49.31,14.074178568415496,0,79.70748664670339,0.7694027667168163
2946,62.12,56.19,0.88,0.0123,4020.097560975609,355.59,11.3054291767924,1,55.47545358449534,0.13047096871836822
2947,85.67,75.93,0.78,0.0991,597.6326942482342,179.48,3.3298010599968477,0,58.76137910347944,0.7639232049428223
2948,72.1,64.67,0.87,0.1,562.629,392.3,1.4341804741269437,0,65.71693897089689,0.7712017558030082
2949,91.4,81.29,0.89,0.0951,760.7581493165089,183.73,4.1406310853780495,0,84.12108190739102,0.7481414718691265
2950,103.13,85.05,0.82,0.0856,814.731308411215,351.17,2.3200481487917957,0,93.32064467807979,0.7386769236067375
2951,130.53,118.93,0.82,0.0167,5839.676646706586,210.69,27.716914171088263,1,97.28962531020214,0.11138111098336384
2952,51.51,38.06,0.86,0.0675,484.91259259259255,56.17,8.632946280801006,0,27.38626153548674,0.7644864104603175
2953,272.29,290.73,0.86,0.0201,12439.194029850747,54.72,227.324452299904,3,266.23569251347254,0.13591871786947396
2954,81.61,65.77,0.88,0.0219,2642.8127853881274,42.96,61.51798848668825,1,54.68943198414996,0.08784070863570474
2955,336.79,286.91,0.85,0.0159,15337.955974842767,208.49,73.5668663957157,3,285.0367987792744,0.1210470686020588
2956,305.4,221.52,0.77,0.0683,2497.370424597365,217.62,11.475831378537658,2,256.6310059025111,0.7266064077632904
2957,59.79,57.03,0.79,0.0773,582.8421733505824,44.04,13.234381774536384,0,51.191784080293786,0.7879796641678931
2958,71.75,51.74,0.89,0.0961,479.17377731529655,182.46,2.6261853409804696,0,47.01291411125848,0.7502638065532249
2959,159.59,144.84,0.83,0.0847,1419.3293978748525,43.17,32.877678894483495,0,125.2302880990541,0.7445021559376331
2960,450.22,411.56,0.86,0.0161,21983.950310559005,53.63,409.91889447247814,3,388.14930324509066,0.120829100389705
2961,161.74,146.34,0.85,0.0514,2420.019455252918,304.43,7.949346172364478,0,146.6891500239155,0.736537517217148
2962,123.64,90.72,0.87,0.0141,5597.617021276596,53.16,105.29753614139571,1,91.99510838936646,0.09674145330101576
2963,80.19,77.89,0.77,0.0921,651.1976112920738,50.37,12.928282932143615,0,91.57688895967584,0.7657926347557305
2964,76.01,78.62,0.9,0.017,4162.235294117648,401.58,10.364647876183197,1,69.19093446341205,0.13270639486921065
2965,87.14,79.46,0.89,0.026,2719.9769230769225,180.59,15.06161428139389,1,59.46766151401073,0.11705704020808559
2966,489.1,345.32,0.86,0.0734,4045.9836512261577,334.98,12.078284229584327,2,425.29664186419086,0.7266599873341177
2967,353.66,343.8,0.8,0.0777,3539.76833976834,184.28,19.208640871328086,2,318.9793336215872,0.737167143323449
2968,131.79,133.2,0.8,0.0153,6964.705882352942,446.98,15.581694667217644,1,136.8574103102679,0.14927784455728232
2969,408.91,313.71,0.89,0.014,19942.992857142854,44.73,445.85273546038127,3,351.0107928037329,0.10531228535693399
2970,95.3,92.97,0.86,0.0917,871.9105779716467,318.04,2.7415123191159814,0,88.59697729415292,0.7632279299831258
2971,149.36,134.26,0.84,0.0863,1306.8180764774042,380.0,3.4389949380984324,0,115.0156131550514,0.7674145837401604
2972,190.64,188.87,0.86,0.0249,6523.220883534137,329.98,19.768534103685486,1,191.99232937570716,0.13129917250840328
2973,135.42,120.62,0.77,0.0976,951.6127049180327,413.51,2.3013051798457904,0,120.01627489328811,0.729866886901869
2974,176.19,180.78,0.85,0.0621,2474.444444444445,195.86,12.63374065375495,0,177.21838298425197,0.7441089146346609
2975,58.27,49.89,0.86,0.0219,1959.150684931507,379.87,5.157424079109977,1,51.74338413488651,0.12659290956565383
2976,90.49,78.46,0.87,0.0195,3500.523076923077,363.1,9.640658432726733,1,62.47190457260058,0.11844073301302832
2977,143.57,102.59,0.89,0.0187,4882.625668449198,411.38,11.868894133038063,1,109.12714667272654,0.13298063765621973
2978,110.49,105.17,0.88,0.0296,3126.6756756756754,50.18,62.30920039210194,1,99.79188531727392,0.1026919485438997
2979,255.61,224.01,0.9,0.0528,3818.3522727272734,383.13,9.96620539432379,2,209.93373430693939,0.7257194271623
2980,148.24,144.84,0.77,0.0963,1158.1183800623055,312.31,3.7082334221200264,0,155.22153337298838,0.7395997812853161
2981,251.39,208.23,0.86,0.0276,6488.326086956522,417.12,15.555058704824804,1,207.05399375497808,0.13120941273778863
2982,93.0,93.9,0.76,0.0974,732.6899383983574,184.98,3.9609143604625228,0,84.40447723538624,0.765772423147811
2983,58.4,48.78,0.88,0.0226,1899.3982300884957,228.94,8.296489167854004,1,31.19312151399265,0.13065560657192946
2984,401.54,356.12,0.81,0.0132,21852.818181818184,228.57,95.60667708718636,3,360.5753026144323,0.13403001571077122
2985,77.97,62.8,0.86,0.0618,873.9158576051778,380.76,2.2951881962526994,0,69.66461851201318,0.7645445561772588
2986,303.04,327.83,0.82,0.0581,4626.860585197934,413.34,11.193836999075662,2,291.92703279311104,0.7234176740353131
2987,200.52,179.93,0.8,0.0886,1624.6501128668174,316.07,5.140159182670982,0,160.7663971206012,0.7424530055967905
2988,108.31,84.73,0.88,0.0794,939.0730478589422,384.55,2.44200506529435,0,98.03106694510802,0.7227211699455022
2989,445.42,383.59,0.82,0.0196,16048.15306122449,42.71,375.74696935669607,3,405.0730742276245,0.10762338534074475
2990,353.02,345.69,0.85,0.0869,3381.3176064441886,52.85,63.97951951644633,2,338.0559297585802,0.7220756067476362
2991,180.3,186.35,0.82,0.0841,1816.9678953626635,43.2,42.059442022283875,0,165.03224491342996,0.7235854691016504
2992,174.54,134.87,0.84,0.0961,1178.8844953173777,49.99,23.582406387625078,0,158.62189537450314,0.738440257791703
2993,468.85,473.12,0.76,0.084,4280.609523809524,175.71,24.36178660184124,2,425.8677246852294,0.7537796364317407
2994,258.73,220.51,0.84,0.0985,1880.4913705583756,311.11,6.0444581355738345,0,213.4894018339785,0.7686964412934297
2995,150.92,147.72,0.87,0.0925,1389.3664864864866,416.4,3.3366150011683158,0,154.13526857528583,0.764683201207073
2996,140.19,109.01,0.75,0.0177,4619.067796610169,57.33,80.56982027926338,1,105.53737348743402,0.11218643037744495
2997,410.28,378.74,0.79,0.02,14960.230000000001,210.17,71.18156730265976,3,389.87620170718026,0.1338172055959869
2998,295.34,309.63,0.85,0.0128,20561.3671875,195.8,105.01208982379978,3,284.6207308556516,0.14087236060908992
2999,101.27,102.09,0.88,0.0614,1463.1791530944627,185.56,7.885207766191327,0,109.64775706617623,0.7410696405271123
3000,59.23,41.48,0.88,0.0932,391.65665236051495,188.68,2.0757719544229114,0,35.062782604516485,0.7635582506677178
3001,425.6,410.03,0.76,0.0644,4838.863354037267,341.11,14.185639101865283,2,403.3242214740627,0.7408156889797642
3002,115.36,129.77,0.77,0.0993,1006.2729103726084,170.9,5.8880802245325246,0,124.18620443246616,0.7239124771705893
3003,192.15,151.42,0.86,0.0195,6678.010256410256,172.99,38.60344676808056,1,154.8288375446601,0.10132529322941668
3004,50.27,48.96,0.89,0.0918,474.6666666666667,412.93,1.1495087948724159,0,46.526791566724015,0.7305786197936629
3005,69.44,53.27,0.86,0.0853,537.071512309496,457.67,1.1734907516540214,0,61.140107924739,0.6431027053604178
3006,61.67,55.49,0.84,0.028,1664.7,393.75,4.227809523809524,1,34.61546340339484,0.1322108065172798
3007,126.27,96.9,0.86,0.0119,7002.857142857143,392.97,17.82033524914661,1,94.74890086135795,0.1101990110230199
3008,109.79,117.08,0.85,0.0996,999.1767068273093,49.45,20.205797913595738,0,119.77807496617633,0.739017311338683
3009,84.25,82.48,0.86,0.0899,789.0189098998889,311.98,2.529068882299791,0,76.4095750499765,0.768578141302397
3010,231.44,187.12,0.84,0.073,2153.161643835617,327.64,6.571730081295375,0,208.15243324932217,0.7416626815594637
3011,386.44,332.62,0.81,0.0209,12891.014354066989,330.83,38.96567528358066,3,330.5334507548747,0.10805107231159138
3012,76.83,60.37,0.87,0.0236,2225.5042372881358,385.6,5.771535885083339,1,69.04989169038518,0.12432271766083565
3013,137.77,116.42,0.79,0.0176,5225.670454545454,51.9,100.68729199509545,1,123.0470677039385,0.12260237833649662
3014,379.07,383.34,0.88,0.0243,13882.271604938273,52.74,263.22092538752884,3,343.9952510151834,0.14301563650315782
3015,192.85,173.93,0.89,0.0858,1804.168997668998,309.08,5.837223365047878,0,194.0135711815517,0.7527427476089555
3016,287.96,199.41,0.77,0.0114,13468.921052631578,411.44,32.73605155704739,1,236.998432158872,0.13015544423693928
3017,273.6,228.0,0.89,0.0896,2264.732142857143,423.89,5.34273548056605,2,228.59110721482676,0.741099808400214
3018,75.11,79.95,0.83,0.0154,4308.993506493505,56.05,76.87767183752909,1,87.05990787817444,0.12693827919432732
3019,442.71,374.08,0.82,0.0781,3927.600512163892,374.33,10.4923476936497,2,381.34438013799235,0.7443649928767025
3020,311.13,235.91,0.83,0.0511,3831.80626223092,380.44,10.072038329909894,2,258.2341885968675,0.7223454922377978
3021,431.33,391.98,0.9,0.0975,3618.276923076923,172.13,21.020606071439744,2,373.6879388240775,0.7213160397685248
3022,149.73,166.42,0.8,0.0132,10086.060606060606,182.37,55.30548119789771,1,154.20233462826246,0.1276012842706517
3023,63.79,62.13,0.78,0.022,2202.7909090909097,376.71,5.847444742881553,1,75.93999511899823,0.12350755066779438
3024,102.24,81.35,0.83,0.0957,705.5433646812958,451.45,1.5628383313352436,0,72.88745725285847,0.769338526090161
3025,101.59,105.0,0.9,0.0113,8362.83185840708,56.8,147.2329552536458,1,90.49269965025562,0.09324855144984273
3026,241.8,231.73,0.81,0.0162,11586.500000000002,43.14,268.5790449698656,3,216.44042023427107,0.11585620294927045
3027,498.1,401.32,0.85,0.0684,4987.163742690058,45.66,109.22391026478445,2,431.1096878380642,0.7362504599533396
3028,490.94,381.38,0.79,0.0725,4155.726896551725,56.32,73.78776449843262,2,443.8502580197728,0.7549280679981188
3029,284.9,230.39,0.78,0.0672,2674.1696428571427,390.58,6.846663021294338,2,255.64243099344503,0.721353733029029
3030,172.21,197.01,0.8,0.075,2101.44,213.52,9.841888347695766,0,172.40884225879057,0.750366585782284
3031,297.78,315.03,0.81,0.064,3987.0984375,414.93,9.609086924300485,2,287.33738160947297,0.7376007718929429
3032,192.51,198.02,0.87,0.061,2824.2196721311475,332.94,8.482668565300497,0,193.15169374594416,0.7318145242701927
3033,181.55,186.95,0.9,0.0982,1713.3910386965379,339.04,5.0536545501903545,0,163.6853246103703,0.7511936908007277
3034,63.12,63.99,0.76,0.0544,893.9779411764707,55.39,16.139699244926355,0,74.13106062204903,0.7436385338875864
3035,97.55,94.04,0.77,0.08,905.1350000000001,170.44,5.310578502698898,0,108.33790481605658,0.7604557088216086
3036,81.51,74.11,0.79,0.0795,736.4389937106918,224.95,3.2737897030926506,0,72.34506297619694,0.7722706747739463
3037,445.48,381.72,0.88,0.0544,6174.8823529411775,43.37,142.37681238047446,2,383.1159305883508,0.7107597505437171
3038,110.88,100.89,0.76,0.0162,4733.111111111111,43.09,109.84244862174776,1,78.86391545619071,0.09804432409265336
3039,411.3,400.97,0.84,0.0867,3884.8304498269895,205.35,18.918093254575066,2,372.727122308631,0.7476899913609685
3040,185.86,164.51,0.83,0.0725,1883.3558620689655,391.49,4.810738108429246,0,165.63590987578414,0.7451332397033953
3041,78.78,55.21,0.85,0.0784,598.577806122449,367.73,1.6277644090023904,0,51.393248430160455,0.7862123689628777
3042,87.88,71.44,0.88,0.0933,673.817792068596,325.07,2.072839056414298,0,80.7004130805372,0.771037899516474
3043,135.8,118.64,0.88,0.0287,3637.742160278746,455.18,7.991876093586594,1,141.09694911658073,0.13959588872405831
3044,87.64,85.61,0.88,0.0733,1027.7871759890859,395.1,2.6013342849635177,0,79.56255035716629,0.7747125909900874
3045,332.22,246.53,0.8,0.0134,14718.208955223883,366.37,40.17307354648001,3,278.33575550124635,0.12799878370043638
3046,121.06,98.77,0.78,0.0279,2761.311827956989,49.9,55.33691037989958,1,108.90760187096149,0.11451208815625388
3047,143.0,122.94,0.85,0.0989,1056.612740141557,388.44,2.720144012309641,0,129.5021197408667,0.7542952055668789
3048,167.21,138.22,0.88,0.0943,1289.8579003181337,48.49,26.600492891691765,0,131.87548276454638,0.7266760802283062
3049,488.94,348.73,0.8,0.0537,5195.232774674117,313.49,16.5722440099337,2,423.5510739935507,0.6960322005868332
3050,288.59,256.01,0.85,0.0146,14904.691780821917,46.69,319.2266391266206,3,278.80289496496846,0.12378715384786985
3051,440.13,453.34,0.87,0.0702,5618.316239316239,184.54,30.444977995644518,2,398.5428648633549,0.7467470752551535
3052,79.63,57.31,0.82,0.0177,2655.039548022599,335.05,7.924308455521858,1,50.663536771041976,0.10509926813619516
3053,489.84,433.91,0.8,0.0628,5527.51592356688,366.02,15.101677295139282,2,462.72699580291425,0.7180654961292011
3054,255.41,248.48,0.75,0.0846,2202.836879432624,364.19,6.048592436455213,2,249.37620754541427,0.7374782731518289
3055,476.55,414.46,0.78,0.0937,3450.147278548559,173.01,19.941895142179984,2,413.728256212465,0.7277685743511308
3056,115.03,105.34,0.89,0.0552,1698.4166666666667,45.4,37.41005873715125,0,122.71090849525277,0.6996501796530826
3057,239.06,240.04,0.86,0.0505,4087.8099009900984,222.79,18.348264738049725,2,214.43573033968437,0.7328316331721028
3058,397.02,340.98,0.8,0.0559,4879.856887298749,357.62,13.645369071357164,2,339.92795329948893,0.7273673701200305
3059,309.48,264.14,0.9,0.0141,16860.0,426.37,39.54311982550367,3,259.24460426022495,0.10484401481697592
3060,126.24,100.12,0.76,0.011,6917.381818181819,306.82,22.54540713832807,1,113.86544625688347,0.12271695555740907
3061,172.54,158.64,0.86,0.0131,10414.534351145036,314.74,33.089325637494554,1,155.77679027344172,0.13459305394170198
3062,90.75,88.87,0.86,0.0141,5420.4397163120575,173.51,31.239926899383654,1,101.23658930053259,0.12130609882059512
3063,98.11,80.8,0.76,0.051,1204.0784313725492,384.5,3.131543384584003,0,67.8792959799329,0.7468757252818378
3064,127.88,105.54,0.77,0.09,902.9533333333335,187.48,4.816264846028022,0,115.82725923343065,0.7302842961390088
3065,254.18,241.54,0.85,0.055,3732.890909090909,56.17,66.4570217035946,2,228.2918249163407,0.756396694008491
3066,58.64,60.39,0.88,0.0653,813.8315467075039,44.05,18.47517699676513,0,52.33594674857987,0.7406387413684971
3067,194.15,190.82,0.81,0.0186,8309.903225806453,338.74,24.531803819467594,1,175.72826402561478,0.12013726849260965
3068,167.47,148.57,0.88,0.0986,1325.9797160243409,305.44,4.341211747067643,0,134.75801301407193,0.7608088753991459
3069,161.92,143.7,0.78,0.0274,4090.7299270072995,52.61,77.7557484700114,1,166.2777056253817,0.12461580488243756
3070,132.13,139.9,0.83,0.0977,1188.5056294779938,386.21,3.077355919002599,0,140.1979463644418,0.7435814833991324
3071,73.21,65.95,0.82,0.0918,589.0958605664488,385.68,1.5274213352168864,0,67.38907114011225,0.7877101365946955
3072,196.2,167.24,0.78,0.0237,5504.1012658227855,370.62,14.851063800719835,1,157.61255162078135,0.12333548768829371
3073,290.91,241.05,0.9,0.0696,3117.025862068966,346.25,9.00224075687788,2,242.64820846802388,0.7652033211414664
3074,150.18,133.44,0.9,0.0186,6456.774193548387,197.44,32.702462487583,1,137.72283071536216,0.10616124155503245
3075,152.93,145.09,0.81,0.0166,7079.692771084337,56.97,124.2705418831725,1,154.71487457775643,0.1373116209147474
3076,348.56,314.52,0.79,0.0648,3834.425925925926,48.83,78.52602756350453,2,334.2548138380606,0.7502620111299343
3077,247.94,238.55,0.83,0.0945,2095.2010582010585,423.56,4.94664524081844,2,241.9873179777864,0.7303680399356581
3078,53.04,60.42,0.77,0.079,588.9037974683545,57.25,10.286529213421039,0,66.65358505959713,0.7671689827773969
3079,163.88,160.25,0.8,0.0159,8062.893081761007,334.34,24.115849380154955,1,167.0864471840642,0.11954331147751678
3080,175.2,157.44,0.8,0.0914,1378.030634573304,45.0,30.62290299051787,0,139.37180136046584,0.7515395348392615
3081,150.85,169.18,0.84,0.0786,1808.030534351145,45.53,39.71075190755864,0,155.94546692271814,0.7388591972794134
3082,141.66,117.12,0.77,0.0749,1204.03738317757,43.41,27.73640597045773,0,107.76497404248035,0.7459279962787972
3083,287.48,254.98,0.8,0.0114,17893.333333333332,49.79,359.37604606011917,3,238.34836954281036,0.11479542049047818
3084,161.69,146.75,0.75,0.0115,9570.652173913044,52.94,180.783002907311,1,145.61898650015806,0.11801879413771228
3085,236.77,213.87,0.8,0.02,8554.8,387.59,22.071776877628423,1,192.7007098336361,0.11881487473538226
3086,166.24,150.41,0.78,0.0617,1901.4554294975687,221.25,8.594148833887317,0,130.08058297396246,0.7333268610386544
3087,60.62,45.45,0.81,0.026,1415.9423076923076,334.23,4.236430923891654,1,33.64648635435185,0.11925429510150369
3088,212.25,187.36,0.89,0.088,1894.8909090909094,409.97,4.622023340953995,0,190.26223953659428,0.7386557351451413
3089,281.0,266.62,0.84,0.0218,10273.431192660551,354.11,29.011977048545795,1,272.1003970588143,0.1292990608442015
3090,198.46,214.43,0.86,0.0542,3402.3948339483395,55.11,61.73824775808999,0,198.65391978774497,0.6867635821251247
3091,66.78,54.32,0.78,0.0855,495.5508771929824,348.49,1.421994539851882,0,60.463413208014174,0.7708797114328212
3092,428.57,385.91,0.89,0.0913,3761.8828039430446,377.47,9.966044464309864,2,388.0363808047877,0.7501269453409403
3093,245.53,190.69,0.87,0.0279,5946.247311827957,317.04,18.755511329258,1,219.7621210106199,0.1315585219677158
3094,64.82,58.58,0.77,0.0261,1728.2222222222222,227.78,7.587243051287304,1,58.276573180192585,0.1470485202998928
3095,253.26,230.03,0.77,0.0173,10238.329479768787,306.49,33.40510124235305,1,228.0202592481887,0.1291321858494638
3096,70.92,71.53,0.8,0.079,724.3544303797469,428.01,1.6923773518837104,0,63.367436085760374,0.7698545205871444
3097,69.11,78.44,0.79,0.0148,4187.0,53.56,78.17401045556385,1,81.72640766691487,0.12644001987546594
3098,167.41,144.28,0.78,0.0788,1428.1522842639597,400.2,3.5685964124536724,0,151.63417797187319,0.7184626150941779
3099,62.98,54.46,0.77,0.0851,492.7638072855465,178.12,2.766470959384384,0,37.345275084476754,0.7643564749334408
3100,87.64,85.39,0.83,0.0597,1187.1641541038525,369.9,3.209419178437017,0,97.17612029102165,0.7699369795704578
3101,420.47,374.12,0.89,0.0653,5099.032159264932,387.59,13.15573714302467,2,397.67883454529573,0.7299427379077684
3102,92.43,76.79,0.76,0.0945,617.5703703703705,198.05,3.1182548365078033,0,83.68133850187017,0.7477699773281841
3103,93.78,73.33,0.8,0.0262,2239.083969465649,45.37,49.351641381213334,1,65.3396646146237,0.09507370706258594
3104,92.85,84.95,0.83,0.0999,705.7907907907908,53.67,13.150564389617864,0,65.047593119763,0.7709181933211756
3105,343.63,297.35,0.85,0.0251,10069.621513944223,367.24,27.41972964258856,2,291.24371493518964,0.12037194477333023
3106,294.93,264.23,0.86,0.022,10328.990909090911,322.88,31.99018492656997,1,247.36281012736856,0.13114794259147633
3107,185.38,149.67,0.81,0.0511,2372.4598825831704,183.13,12.955058606362531,0,147.54415496123124,0.744591421135186
3108,171.42,152.15,0.86,0.0143,9150.27972027972,51.6,177.3310023310023,1,173.5711109474571,0.12919459994015972
3109,86.6,68.58,0.83,0.016,3557.5875,324.87,10.95080339828239,1,79.16905488035572,0.11478243869764759
3110,212.06,219.18,0.87,0.0279,6834.645161290322,448.69,15.232443694511405,1,190.12381981595695,0.14820820990445843
3111,221.54,191.75,0.89,0.0647,2637.673879443586,416.76,6.328999614750902,0,178.7808068839795,0.7350474454131551
3112,244.9,233.03,0.87,0.0583,3477.463121783877,389.76,8.922062607204118,2,220.3247808060544,0.7574416483300278
3113,158.96,146.62,0.87,0.0762,1674.0078740157478,365.07,4.585443542377483,0,162.96394412275345,0.7314983309756091
3114,368.31,376.02,0.76,0.0108,26460.66666666666,208.88,126.67879484233369,3,332.3876820099746,0.14356351190776617
3115,58.64,57.24,0.85,0.0801,607.4157303370786,368.72,1.6473631219816622,0,51.13537937319836,0.773848435418976
3116,90.23,81.56,0.87,0.0851,833.8096357226792,357.03,2.3354049679933877,0,63.47203028729132,0.7962324409676974
3117,222.44,177.9,0.81,0.0127,11346.377952755907,446.99,25.38396374137208,1,178.7926463007216,0.13025073536693807
3118,220.2,199.53,0.89,0.0138,12868.239130434784,190.01,67.72400994913312,1,179.6468938807821,0.10434434821103677
3119,124.18,142.21,0.84,0.03,3981.8800000000006,386.72,10.296545304095988,1,129.48920260355743,0.1328452247095374
3120,191.48,135.54,0.88,0.0149,8005.046979865772,338.11,23.675865782927957,1,152.43627408512424,0.11028448629922522
3121,492.94,458.77,0.79,0.0807,4491.057001239157,56.69,79.22132653447093,2,446.9329132631228,0.7719653465438151
3122,75.28,59.4,0.87,0.0923,559.8916576381366,57.33,9.766119965779463,0,48.747034221774385,0.7705116997029609
3123,104.72,74.5,0.88,0.0658,996.3525835866262,45.27,22.009113841100643,0,74.08772750337683,0.7250637870866542
3124,465.45,465.04,0.79,0.0611,6012.792144026187,371.9,16.167765915639116,2,439.391086324966,0.7601558328511403
3125,50.3,42.24,0.81,0.0207,1652.8695652173915,352.66,4.686864303344273,1,25.556306204807527,0.10929326408132324
3126,357.6,285.01,0.77,0.0157,13978.1974522293,433.96,32.21079696799083,3,300.61803521670527,0.13397226393384457
3127,225.98,187.56,0.8,0.0173,8673.294797687862,53.82,161.1537494925281,3,201.94790038310626,0.12641319175850482
3128,235.47,264.97,0.76,0.018,11187.622222222224,52.3,213.91247078818785,3,230.52118121866,0.12731026512436577
3129,98.52,93.42,0.87,0.0156,5209.961538461539,341.72,15.246288009076258,1,108.72393975577818,0.11922141619652049
3130,313.91,255.37,0.85,0.0578,3755.4411764705883,46.88,80.10753362778559,2,284.2204768960887,0.7537997246318764
3131,68.35,64.35,0.78,0.0271,1852.140221402214,415.87,4.453651913824546,1,79.80391084454978,0.1255281180316266
3132,68.06,67.49,0.88,0.0964,616.0912863070539,347.77,1.7715481102655604,0,61.9717366219117,0.7684878023582524
3133,75.61,71.71,0.81,0.0219,2652.2876712328766,402.22,6.594121802080643,1,87.91018911329904,0.12103837859014803
3134,395.27,271.37,0.78,0.0228,9283.710526315788,321.32,28.892414186218687,2,338.35684075041587,0.10318760901810138
3135,242.17,236.39,0.88,0.0263,7909.627376425856,402.21,19.665417012072936,1,236.2766098931757,0.14311826575168474
3136,169.87,150.35,0.76,0.0159,7186.540880503144,209.29,34.33771742798578,1,131.80271307628811,0.11592658896343004
3137,309.63,274.25,0.89,0.0166,14703.765060240963,200.18,73.45271785513519,3,281.47473206961826,0.12142554655551181
3138,177.17,132.28,0.81,0.0183,5855.016393442624,200.18,29.248758084936675,1,140.68931735019936,0.11367316425987138
3139,63.29,59.32,0.8,0.0943,503.2449628844115,374.58,1.343491277923038,0,77.91729661576748,0.7724845758665804
3140,133.88,146.46,0.81,0.0602,1970.6411960132891,393.67,5.005820093005027,0,139.01946148675964,0.7361663453014461
3141,461.0,379.7,0.78,0.0502,5899.721115537848,226.45,26.053085076342896,2,397.547745403709,0.7299284704055948
3142,122.29,121.84,0.82,0.0185,5400.475675675676,185.14,29.169686052045353,1,109.88778638431472,0.11583799815837192
3143,98.48,84.94,0.89,0.0501,1508.9141716566867,336.88,4.47908505003766,0,67.10104114191036,0.7566072519178433
3144,142.87,126.78,0.83,0.0112,9395.303571428572,346.82,27.08985517394779,1,128.55921074702917,0.11938666108033573
3145,287.54,268.31,0.78,0.0215,9734.037209302327,394.1,24.699409310586972,1,257.89689432429844,0.13537801139119213
3146,138.85,138.54,0.76,0.0559,1883.5491949910554,390.02,4.829365660712414,0,123.42365235292476,0.716960298074753
3147,87.0,88.74,0.86,0.0713,1070.3562412342214,225.12,4.754603061630337,0,79.07638248418512,0.7863764217929021
3148,298.04,318.03,0.84,0.0812,3289.9655172413795,182.5,18.027208313651396,2,288.0264294688781,0.7407104095313547
3149,295.43,290.49,0.84,0.0963,2533.8691588785045,353.78,7.16227361320172,2,268.69059060533846,0.739087671965527
3150,99.74,87.59,0.85,0.0693,1074.3362193362193,51.07,21.036542379796735,0,107.94325943761865,0.7543809452136634
3151,57.29,41.59,0.79,0.0835,393.4862275449102,183.07,2.1493757991200644,0,33.62199316385593,0.7770137832445186
3152,187.46,190.07,0.88,0.023,7272.243478260869,421.1,17.269635426884037,1,169.1067474685492,0.14132192521547837
3153,71.88,69.42,0.82,0.0564,1009.2978723404256,47.89,21.07533665359001,0,83.78534756425353,0.7518912323433091
3154,276.56,247.61,0.77,0.0558,3416.840501792115,364.03,9.3861508716098,2,245.96415911366626,0.7327020473232111
3155,78.3,58.61,0.87,0.0894,570.3657718120805,344.86,1.6539052711595446,0,51.76042884506572,0.7915153135426116
3156,177.5,200.24,0.88,0.0114,15457.122807017544,54.35,284.39968366177635,3,180.21029040120726,0.12565090159046827
3157,71.63,60.4,0.81,0.0532,919.6240601503761,398.32,2.308756929479755,0,63.64547506786842,0.7613545234880545
3158,187.01,160.59,0.83,0.0653,2041.1898928024505,222.43,9.176774233702515,0,189.61696945567763,0.7419731412732902
3159,97.76,73.29,0.87,0.0883,722.1098527746319,383.49,1.8829952613487493,0,70.06444652527301,0.7808205360444824
3160,75.6,60.43,0.79,0.0855,558.3590643274853,45.18,12.358545027168775,0,66.00753061504084,0.7906661986203365
3161,299.03,285.88,0.88,0.0764,3292.8586387434557,383.92,8.576939567470973,2,270.7258009299155,0.7458965751092699
3162,177.79,121.05,0.86,0.0181,5751.546961325966,209.7,27.427501007753772,1,142.26060844862633,0.10844231771615828
3163,87.64,74.82,0.8,0.0243,2463.2098765432097,192.04,12.826545909931315,1,60.80408612141106,0.11336053287025236
3164,331.42,340.22,0.77,0.0528,4961.541666666667,51.6,96.15390826873386,2,317.57134526189543,0.7222227576601061
3165,212.34,201.01,0.82,0.0265,6219.932075471698,45.87,135.59912961568998,1,188.6423820843738,0.11640590601555117
3166,464.52,451.13,0.76,0.0871,3936.3811710677383,317.72,12.389466105589003,2,421.44896045204644,0.7509274375464166
3167,72.45,56.3,0.82,0.0294,1570.2721088435376,55.27,28.410930140103808,1,45.367566775726786,0.11005695390227377
3168,82.72,70.18,0.75,0.0915,575.2459016393443,417.47,1.3779335081307502,0,53.314233767854375,0.7756135885434291
3169,183.25,171.95,0.84,0.0628,2299.968152866242,412.85,5.5709535009476605,0,184.8432695271678,0.7208013159456256
3170,159.39,138.69,0.75,0.029,3586.8103448275856,56.74,63.21484569664408,1,144.30226217400457,0.12097421242352425
3171,71.22,73.37,0.77,0.0986,572.9705882352943,382.14,1.4993734972400017,0,83.08858187368665,0.7667020608882048
3172,462.69,368.84,0.78,0.0113,25459.75221238938,375.84,67.74093287672781,3,418.5252134127189,0.15168807383810137
3173,180.31,164.53,0.86,0.0128,11054.359375,348.62,31.708907621478975,1,182.17448141579817,0.13472596072529555
3174,58.51,46.95,0.78,0.0988,370.65789473684214,410.73,0.9024368678617148,0,52.667312835391996,0.7701724643924108
3175,393.06,367.63,0.84,0.0633,4878.5023696682465,338.55,14.40999075370919,2,355.59273446814734,0.7413963232680872
3176,146.09,149.48,0.85,0.0924,1375.0865800865802,415.85,3.306688902456607,0,131.58448865422162,0.7365227260820414
3177,197.7,177.12,0.76,0.096,1402.1999999999998,327.66,4.279436000732466,0,158.84831081398377,0.7395156309821138
3178,107.47,104.18,0.9,0.019,4934.842105263159,50.47,97.77773142982285,1,96.35137817475145,0.09044992109671555
3179,63.88,51.35,0.76,0.0122,3198.8524590163934,388.59,8.231947448509723,1,37.95506190381374,0.12842753971939433
3180,66.09,54.95,0.75,0.0189,2180.555555555556,50.45,43.222112102191396,1,41.44581167631449,0.12022020905836327
3181,484.32,405.84,0.89,0.0863,4185.371958285052,385.75,10.849959710395467,2,438.9825506602332,0.7421948010888694
3182,120.31,115.75,0.86,0.0276,3606.702898550725,224.08,16.095603795745827,1,108.34690047157883,0.12489165679959041
3183,319.99,350.36,0.75,0.0953,2757.292759706191,361.77,7.621673327545654,2,306.61837940241924,0.7307499189226244
3184,51.09,47.95,0.88,0.0724,582.817679558011,337.48,1.726969537625966,0,66.16033783658933,0.7607066955122898
3185,445.47,353.85,0.85,0.0525,5729.000000000001,339.95,16.852478305633184,2,382.5968437366914,0.7271762513706274
3186,49.43,42.06,0.89,0.0112,3342.267857142858,315.25,10.60195989577433,1,23.54661920969818,0.08318208827474603
3187,49.97,43.34,0.78,0.0111,3045.5135135135138,379.63,8.022320452844912,1,23.227566643328572,0.08695335307237308
3188,88.12,70.03,0.89,0.0209,2982.1387559808613,384.92,7.747424805104596,1,79.1403938871158,0.12587945522789
3189,152.83,152.58,0.82,0.0895,1397.9396648044692,307.95,4.5395020776245145,0,157.5511117784695,0.7517230475230857
3190,185.7,146.3,0.86,0.0156,8065.256410256411,341.86,23.592278740585066,1,168.63346258295212,0.1256801825855848
3191,79.95,82.03,0.79,0.0997,649.986960882648,222.87,2.916439901658581,0,72.72071517793579,0.7697927061851888
3192,119.87,105.97,0.8,0.0767,1105.2933507170796,52.3,21.133716074896363,0,88.07614426344972,0.7550213254814326
3193,161.52,182.87,0.87,0.0766,2076.983028720627,183.46,11.321176434757586,0,163.30685622494025,0.751940310330686
3194,489.84,563.02,0.81,0.0186,24518.612903225807,56.42,434.57307520783064,3,462.9109321122492,0.13178302108314718
3195,82.88,82.24,0.88,0.0894,809.5212527964206,210.54,3.844976027341221,0,95.20805151815446,0.772437939688015
3196,55.26,41.89,0.89,0.097,384.35154639175255,370.02,1.0387318155552472,0,32.141996082781844,0.7769204515504592
3197,105.86,73.01,0.89,0.0942,689.7972399150743,388.1,1.777369852911812,0,76.95953119254364,0.7468335219620834
3198,272.66,211.89,0.85,0.0277,6502.039711191335,202.95,32.03764331703048,1,246.79674626461198,0.13251813864312711
3199,457.18,459.03,0.84,0.0833,4628.873949579832,45.21,102.38606391461694,2,414.5168364560625,0.7656296401197394
3200,49.84,42.86,0.83,0.0719,494.7677329624478,56.87,8.699977720458024,0,24.76908922279378,0.7632528992874252
3201,122.68,110.57,0.88,0.0519,1874.789980732177,345.82,5.421288475889702,0,90.99828120396363,0.7332942295583235
3202,162.38,160.43,0.88,0.0132,10695.333333333336,171.53,62.35255251753825,1,144.94615701599142,0.10783410385965801
3203,86.63,93.66,0.83,0.0796,976.6055276381908,50.24,19.43880429216144,0,95.44059333112818,0.7826487016034724
3204,491.6,428.39,0.76,0.0152,21419.499999999996,209.45,102.26545714967772,3,464.4304918611337,0.12269039739799957
3205,132.38,118.47,0.89,0.0963,1094.8940809968847,380.42,2.8781191341067363,0,139.57969950665506,0.7299963630458423
3206,245.11,223.57,0.85,0.0955,1989.8900523560205,328.37,6.059902099327041,0,202.5875450759734,0.7494903385252202
3207,367.93,307.19,0.89,0.0128,21359.304687499996,216.16,98.81247542329754,3,333.1995337816811,0.13041922294790065
3208,171.76,162.43,0.82,0.0107,12447.906542056075,431.52,28.846650310660166,1,154.6960184153125,0.14862272836323157
3209,314.65,258.67,0.88,0.0855,2662.3345029239763,218.71,12.172897914699721,2,265.50885409415207,0.7425874785611651
3210,364.46,327.68,0.8,0.0281,9328.96797153025,185.34,50.33434753172683,2,348.10045497470526,0.1408950240090303
3211,72.97,60.6,0.85,0.0972,529.9382716049383,380.93,1.3911696941824963,0,47.7238479253773,0.7863369572662126
3212,467.16,511.76,0.81,0.0629,6590.232114467409,211.39,31.175704217169258,2,442.8192538035027,0.7425276156379762
3213,88.86,84.67,0.85,0.0996,722.5853413654619,49.71,14.536015718476401,0,99.8992707394197,0.774599563702509
3214,97.8,86.91,0.86,0.0877,852.2531356898518,227.4,3.7478150206237983,0,70.74943038508793,0.7744483524667869
3215,235.86,186.79,0.84,0.098,1601.0571428571427,355.48,4.5039302994743515,0,195.12169717861195,0.7519385723783804
3216,72.52,77.01,0.75,0.0181,3191.022099447514,57.01,55.97302402118074,1,83.91361472443735,0.12606531539774252
3217,49.6,43.24,0.79,0.0623,548.3081861958267,418.6,1.3098618877110049,0,62.95314754196025,0.7774080142569392
3218,438.15,330.06,0.89,0.0536,5480.4738805970155,459.29,11.932491194228081,2,376.03964144215536,0.5666147598383615
3219,77.99,67.03,0.77,0.0251,2056.2988047808767,51.56,39.881668052383176,1,87.3076429609429,0.11723605166099943
3220,51.92,47.9,0.76,0.0832,437.5480769230769,50.32,8.69531154457625,0,48.16492279182654,0.7855844818686012
3221,416.99,327.29,0.75,0.0711,3452.426160337553,218.14,15.826653343437945,2,377.81880380894273,0.7307246678457231
3222,438.54,440.41,0.87,0.0269,14243.74349442379,190.31,74.84495556945924,3,418.92641480319935,0.12051500021228921
3223,315.1,215.31,0.82,0.024,7356.424999999998,315.99,23.280562676034045,1,265.4089884575711,0.11597917409859639
3224,205.16,148.63,0.76,0.0595,1898.4672268907564,50.13,37.87088024916729,0,165.2947496783354,0.7517964057660756
3225,491.31,373.29,0.84,0.0517,6065.059961315281,391.27,15.500958318591461,2,424.207299517904,0.701123385258973
3226,98.84,86.9,0.84,0.0691,1056.382054992764,51.26,20.60831164636684,0,89.5779704623106,0.7828905918288787
3227,131.4,121.32,0.89,0.0562,1921.2597864768684,360.5,5.3294307530565,0,117.42207694533096,0.7323050247155009
3228,93.28,99.11,0.83,0.0151,5447.768211920528,392.77,13.870123003082028,1,103.84741224721967,0.11842268515900155
3229,95.68,71.35,0.9,0.0221,2905.656108597285,56.33,51.58274646897364,1,65.1880787151655,0.1033905357473071
3230,415.8,349.0,0.79,0.0705,3910.7801418439726,346.42,11.289129212643532,2,356.56140833366703,0.7452755685087838
3231,85.09,58.44,0.81,0.0853,554.9402110199297,54.65,10.154441189751688,0,57.451684086292886,0.77481780089928
3232,59.47,60.04,0.88,0.0875,603.8308571428572,386.87,1.5608107559202244,0,54.80850397701157,0.7617365965394204
3233,71.54,57.93,0.85,0.0633,777.8909952606635,173.55,4.482229877618344,0,64.04892774181816,0.7573807491992899
3234,119.23,101.73,0.8,0.0918,886.5359477124184,48.36,18.332008844342813,0,125.99034343214663,0.7246004038703727
3235,95.31,107.92,0.78,0.0582,1446.3505154639174,217.34,6.654782899898396,0,104.37901888933344,0.7494686941823538
3236,61.38,56.34,0.78,0.0258,1703.3023255813955,312.74,5.446384618473478,1,36.0957348895347,0.11214186015734941
3237,92.84,92.98,0.77,0.0216,3314.5648148148143,177.12,18.713667653651843,1,103.32418124485415,0.13253582367436556
3238,108.05,112.97,0.75,0.0797,1063.0803011292346,182.45,5.826693894925923,0,115.44918256196607,0.7503112732727716
3239,159.63,173.48,0.87,0.0172,8774.860465116277,55.74,157.42483791023102,1,162.87451305193596,0.12281641850623304
3240,292.11,222.21,0.84,0.066,2828.1272727272726,53.74,52.626112257671615,2,243.6247020554788,0.76153718004426
3241,127.75,139.18,0.77,0.0124,8642.629032258064,177.48,48.69635470057508,1,133.7136701407599,0.13345037732517764
3242,186.5,167.19,0.87,0.0259,5616.0347490347485,378.01,14.85684174766474,1,168.6171453947565,0.1341063189176292
3243,112.51,115.55,0.84,0.0829,1170.832328106152,383.16,3.055726923755486,0,101.57433982049211,0.7363915407745827
3244,470.7,390.68,0.78,0.0955,3190.8942408376965,341.63,9.340205019575848,2,407.63365172554643,0.7291690645261686
3245,104.4,76.49,0.87,0.0673,988.8008915304607,49.3,20.056813215628008,0,74.65943245036651,0.7528375401256427
3246,210.78,192.97,0.78,0.0288,5226.270833333334,365.42,14.302093025377193,1,189.51550119536128,0.1458189776165731
3247,69.33,56.91,0.9,0.0813,630.0,201.06,3.1333930170098476,0,62.58428237901228,0.7490338305794654
3248,153.79,124.65,0.76,0.0635,1491.8740157480318,341.26,4.371663880173568,0,138.57866678991752,0.7330035880170382
3249,390.73,407.97,0.79,0.0935,3447.019251336899,309.0,11.155402107886404,2,373.7714242056054,0.7331836986710571
3250,68.42,55.96,0.75,0.0543,772.9281767955802,48.93,15.796611011558966,0,41.09848921781321,0.7628540201988606
3251,448.86,373.92,0.8,0.0937,3192.486659551761,400.4,7.973243405473929,2,385.97979705990537,0.7216977878227304
3252,63.56,64.75,0.89,0.0126,4573.611111111111,330.13,13.853969984888108,1,74.82022384387307,0.12525488643841584
3253,174.94,150.88,0.75,0.0124,9125.806451612902,50.64,180.2094480966213,1,156.58506793881185,0.1268355852038235
3254,52.61,42.52,0.87,0.0606,610.4356435643564,50.87,11.999914361398789,0,45.87694390015561,0.7723370543021589
3255,91.49,78.86,0.8,0.0772,817.2020725388601,54.57,14.975299111945393,0,81.25116083078028,0.7885278038990048
3256,77.82,78.25,0.82,0.0952,674.0021008403361,307.0,2.1954465825418112,0,91.91989182164593,0.7637991781340143
3257,75.88,56.27,0.77,0.0172,2519.063953488372,45.8,55.00139636437494,1,49.57668933254884,0.09678142556434328
3258,85.01,75.89,0.82,0.0149,4176.496644295302,45.13,92.54368810758479,1,56.823142047297296,0.10380478487740541
3259,133.46,149.78,0.9,0.0684,1970.7894736842104,457.77,4.305195783219107,0,138.0036448216489,0.7114630045276573
3260,58.06,52.8,0.76,0.0279,1438.279569892473,226.21,6.358160867744455,1,71.89602217953036,0.13099108084453384
3261,96.68,91.44,0.87,0.029,2743.1999999999994,214.29,12.801343973120535,1,88.62585322124346,0.12150611479342208
3262,116.95,87.02,0.78,0.0239,2839.983263598326,176.76,16.066888796098247,1,85.33392606017816,0.11255341429977328
3263,88.99,68.32,0.76,0.0134,3874.865671641791,192.34,20.145916978484927,1,61.68823624065156,0.117157926772475
3264,53.79,38.17,0.88,0.0989,339.6319514661274,363.82,0.9335164407292821,0,31.244321853517505,0.7976832695475841
3265,379.74,316.84,0.84,0.0275,9678.021818181816,200.61,48.242968038391986,2,326.5793115767526,0.11832770450984588
3266,92.34,83.22,0.84,0.0218,3206.642201834862,366.9,8.739826115657841,1,84.17909453320945,0.12995309879336936
3267,93.41,84.26,0.87,0.0686,1068.6034985422743,219.87,4.8601605427856205,0,83.96011527178032,0.7670190686254544
3268,127.08,120.29,0.88,0.0874,1211.157894736842,315.9,3.833991436330618,0,133.90049339986976,0.7500220889040503
3269,79.37,65.86,0.79,0.0854,609.2435597189695,352.34,1.7291353798006743,0,52.16496488757065,0.7710986649433497
3270,381.89,299.1,0.84,0.0965,2603.564766839378,363.19,7.1686025684610755,2,325.16911234144357,0.757632143618433
3271,204.27,192.03,0.84,0.0802,2011.2867830423938,346.78,5.799892678477404,0,185.3472248605389,0.7475516805187639
3272,127.35,131.14,0.9,0.0291,4055.8762886597933,388.56,10.438223925931114,1,117.19353673236267,0.11228014932997026
3273,155.22,139.26,0.87,0.0699,1733.2789699570812,53.0,32.703376791643045,0,140.38854413483313,0.7427821410428151
3274,63.73,48.16,0.8,0.0508,758.4251968503937,49.66,15.272355957519004,0,36.3245128420981,0.7815161965797813
3275,165.54,146.52,0.87,0.0101,12621.029702970298,207.67,60.77444841802041,1,167.97703093540383,0.13691936644706826
3276,85.7,63.85,0.76,0.0579,838.1001727115716,222.83,3.761163993679359,0,58.75620581658707,0.7657638926058322
3277,270.18,246.13,0.8,0.0577,3412.547660311958,206.95,16.489720513708424,2,222.40054463144432,0.7258896244021568
3278,166.06,159.8,0.88,0.0141,9973.333333333336,378.39,26.35728569289182,1,168.80486590310406,0.14815515888046307
3279,134.88,145.67,0.76,0.0288,3844.0694444444443,52.65,73.01176532658015,1,140.0485651917779,0.11872233912176973
3280,120.75,98.17,0.8,0.0116,6770.344827586207,346.46,19.541490583577346,1,89.29613217090312,0.1061886763549371
3281,161.11,123.81,0.78,0.0617,1565.1831442463533,227.76,6.8720721120756645,0,143.92801829298998,0.7275408830126143
3282,98.91,89.99,0.9,0.0948,854.3354430379746,47.7,17.91059629010429,0,109.4294871014854,0.7534670196886719
3283,231.67,199.95,0.87,0.028,6212.732142857142,376.87,16.485080114780008,1,209.20189296754444,0.13487016287246203
3284,138.35,116.06,0.82,0.0276,3448.159420289855,361.77,9.531358101251776,1,124.37890646245093,0.13794151568737767
3285,415.28,374.82,0.87,0.0753,4330.589641434262,417.36,10.376149227128288,2,392.5304967173755,0.7348603321401984
3286,182.86,172.76,0.84,0.0633,2292.549763033175,213.1,10.758093679179611,0,184.11867015382526,0.728620058534521
3287,68.92,58.16,0.81,0.0646,729.250773993808,57.26,12.735780195490884,0,61.78125784148435,0.7688624597648008
3288,287.27,248.34,0.83,0.0139,14828.935251798563,192.07,77.2058897891319,3,279.06511512167583,0.13091520989664895
3289,270.76,259.78,0.89,0.0763,3030.1992136304057,382.63,7.91939788733347,2,262.6211090804081,0.7388104486481195
3290,493.45,426.21,0.84,0.0817,4382.085679314565,42.92,102.09892076688175,2,446.40858635859223,0.7645142723675373
3291,50.1,40.42,0.81,0.0852,384.27464788732397,370.28,1.0377947712199524,0,25.30388158792792,0.7790242803891414
3292,411.11,404.08,0.77,0.0177,17578.62146892655,198.2,88.69132930840844,3,371.9486158643738,0.14071217919446688
3293,157.77,153.7,0.84,0.0733,1761.3642564802178,55.8,31.56566767885695,0,161.05321681969366,0.7387771012543108
3294,187.88,134.41,0.78,0.0614,1707.488599348534,189.96,8.988674454351095,0,149.76207176703613,0.7202753743877459
3295,352.84,326.61,0.9,0.0101,29103.861386138615,435.45,66.83628748682654,3,319.01780486825396,0.12368970181114156
3296,269.25,225.81,0.86,0.0661,2937.921331316187,377.01,7.792688075425552,2,223.79273099454517,0.7429367974310925
3297,384.49,336.31,0.81,0.0708,3847.6144067796613,384.47,10.007580322989208,2,346.38483929535266,0.7373087282978454
3298,91.72,85.63,0.79,0.0197,3433.893401015229,176.66,19.437865962952728,1,102.83647736424247,0.13466801932959624
3299,391.4,318.53,0.75,0.0802,2978.771820448878,56.06,53.13542312609486,2,351.706722894734,0.7428237756949878
3300,149.92,145.81,0.79,0.0252,4571.027777777778,54.85,83.3368783551099,1,153.17705727747088,0.1395323375262073
3301,83.11,81.23,0.9,0.0255,2866.9411764705883,42.89,66.84404701493561,1,94.07971045101266,0.08253701452230583
3302,96.78,85.86,0.78,0.0112,5979.535714285715,57.26,104.42779801407116,1,66.83384364647485,0.11294574447868247
3303,186.82,127.09,0.88,0.0731,1529.9480164158688,368.64,4.150249610503116,0,148.90403692171026,0.749801050652122
3304,116.9,94.97,0.89,0.0622,1358.8954983922831,49.11,27.670443868708677,0,84.22009775847509,0.7625780776906527
3305,191.75,150.73,0.77,0.0192,6044.901041666667,43.63,138.5491872946749,1,153.8702924957741,0.09482084779635973
3306,108.01,85.97,0.79,0.0277,2451.8519855595673,340.04,7.210481077401385,1,77.82887009520917,0.12474410535525968
3307,299.3,262.42,0.86,0.0122,18498.45901639344,54.75,337.8713975596975,3,287.84887393958377,0.1473555100611707
3308,67.49,76.23,0.83,0.0233,2715.4892703862656,203.68,13.332135066703975,1,80.29031920115213,0.14187535095858625
3309,157.23,166.1,0.84,0.0581,2401.44578313253,405.66,5.919848600139352,0,160.63171813751399,0.7183730872281795
3310,441.04,394.07,0.84,0.0128,25860.84375,301.66,85.72844841874958,3,380.4998722124567,0.12173487529730298
3311,495.27,435.5,0.84,0.0633,5779.14691943128,49.11,117.67759966262025,2,466.93451354080264,0.7660868060916289
3312,369.03,346.0,0.89,0.0178,17300.0,49.01,352.98918588043256,3,350.6093692645447,0.15000767313163074
3313,323.27,284.88,0.78,0.0188,11819.489361702128,396.16,29.835140755508196,3,270.04922241683545,0.1417271870662325
3314,146.7,121.94,0.82,0.0281,3558.391459074733,51.0,69.77238155048497,1,113.50232144510426,0.1033549291870088
3315,371.0,285.62,0.83,0.0188,12609.819148936169,56.9,221.61369330292038,3,315.73953970584137,0.12528760368726882
3316,73.3,62.17,0.81,0.0773,651.457956015524,384.99,1.692142538807564,0,46.04678445529592,0.7663098128519059
3317,183.73,168.41,0.89,0.0204,7347.299019607842,359.38,20.444373698057326,1,146.62710637174186,0.13370428488531044
3318,156.58,133.31,0.81,0.0129,8370.627906976744,359.51,23.28343552884967,1,122.64235933156803,0.11930988873206178
3319,60.39,56.09,0.8,0.086,521.7674418604653,197.52,2.6415929620315173,0,73.09627934247555,0.7703302898768872
3320,93.91,90.15,0.77,0.096,723.078125,345.44,2.0932090232746643,0,106.08586954880582,0.7559971788091189
3321,191.15,176.12,0.89,0.0112,13995.250000000002,48.18,290.4784142797842,3,172.3314847065846,0.11378105259802512
3322,132.79,109.96,0.83,0.0622,1467.3118971061092,414.89,3.536628737993466,0,99.55138961391961,0.7681461689294146
3323,72.68,66.84,0.79,0.0152,3473.9210526315787,48.7,71.3330811628661,1,43.68907318914668,0.112876354863194
3324,414.65,407.96,0.77,0.0116,27080.103448275862,336.91,80.37785595047895,3,374.5213208832132,0.126357534976584
3325,73.91,63.96,0.89,0.0901,631.7913429522753,56.41,11.199988352282846,0,67.10527782524075,0.7448928130430332
3326,112.48,123.02,0.88,0.0977,1108.0614124872056,216.69,5.113578902982167,0,121.79007633121894,0.7524796229680321
3327,97.11,75.31,0.88,0.0708,936.0564971751412,385.08,2.4308104736032545,0,68.96921585743976,0.7705184353546004
3328,140.01,116.73,0.89,0.0649,1600.7657935285056,44.89,35.6597414463913,0,107.556935185474,0.7391037627403446
3329,410.18,380.4,0.87,0.0815,4060.7116564417174,53.25,76.2574958956191,2,369.2271967381067,0.7561071708850371
3330,62.41,59.93,0.84,0.0849,592.9469964664311,387.49,1.5302252870175517,0,56.06279207027701,0.7760989028322137
3331,119.19,89.04,0.82,0.0214,3411.8130841121497,50.32,67.80232679078199,1,87.8615277086808,0.09128918862001692
3332,104.38,88.65,0.82,0.0965,753.2953367875647,332.01,2.268893517627676,0,75.57671553172378,0.751502620714664
3333,133.04,113.16,0.89,0.0966,1042.5714285714287,173.92,5.994545932448418,0,101.6361468681938,0.7668894404538209
3334,58.25,56.32,0.81,0.0608,750.3157894736843,193.97,3.8682053383187314,0,71.86611120293156,0.7612051920090654
3335,218.58,187.13,0.83,0.0111,13992.603603603602,195.36,71.62471132065725,3,215.28064342049336,0.13420970135296809
3336,173.99,155.08,0.86,0.0289,4614.837370242215,173.52,26.595420529288926,1,175.1147168358991,0.1282737692484541
3337,156.76,146.85,0.81,0.0909,1308.5643564356437,170.83,7.660038379884351,0,160.84972130062147,0.7416028335540722
3338,110.74,92.84,0.76,0.0252,2799.9365079365084,179.97,15.55779578783413,1,81.42572071843254,0.11232621043527505
3339,57.81,52.66,0.87,0.0668,685.8413173652694,224.64,3.0530685424023747,0,49.59891535378681,0.7776498080534182
3340,50.43,39.42,0.8,0.0216,1459.9999999999998,351.05,4.158951716279732,1,26.62317128481982,0.12879247851508097
3341,87.13,79.66,0.9,0.0769,932.3016905071522,54.76,17.025231747756614,0,60.562388235497025,0.7551530481031299
3342,70.71,72.04,0.83,0.0287,2083.3867595818815,451.79,4.6114052094598845,1,62.68637198722472,0.13197446510341915
3343,74.75,76.09,0.81,0.0196,3144.5357142857147,438.82,7.165889691184802,1,85.51332615183668,0.13349557595341613
3344,174.4,151.65,0.77,0.02,5838.525000000001,44.41,131.4687007430759,1,157.47006288732132,0.11226088977547398
3345,412.26,335.23,0.9,0.0665,4536.947368421053,336.26,13.492379017489602,2,373.3032336033365,0.7478514751506131
3346,439.99,502.65,0.85,0.0814,5248.802211302212,177.36,29.594058475993524,2,419.3483745444843,0.7482777481057832
3347,323.69,317.38,0.85,0.0735,3670.3809523809523,457.61,8.020762117044978,2,308.6076966050522,0.6595393198131938
3348,53.07,54.9,0.83,0.095,479.6526315789474,219.62,2.184011618153845,0,68.31358396491359,0.7748304936969985
3349,74.07,84.09,0.88,0.0957,773.2413793103449,55.68,13.887237415774873,0,86.96528519068657,0.7653802449149586
3350,158.18,170.46,0.76,0.0134,9667.880597014926,179.51,53.85705864305569,1,161.77076081588058,0.12876852005865452
3351,471.62,505.52,0.77,0.0566,6877.215547703181,458.52,14.998725350482381,2,442.57494304383516,0.5864229289349779
3352,194.96,209.91,0.85,0.0803,2221.961394769614,307.39,7.228476511173473,0,198.44248931953794,0.7349955107429149
3353,63.13,62.93,0.88,0.0263,2105.6425855513307,43.42,48.49476244936275,1,76.44055748727935,0.10271737899807812
3354,50.78,36.66,0.9,0.0595,554.5210084033614,366.88,1.5114506334587914,0,25.137902241639097,0.7433413722386869
3355,55.54,55.62,0.82,0.0747,610.5542168674698,48.67,12.54477536197801,0,66.77810342702534,0.7658719688359429
3356,242.96,174.07,0.76,0.0617,2144.1361426256076,376.14,5.700367263852841,0,197.89164508859804,0.7285085071711092
3357,82.87,75.18,0.87,0.0945,692.1333333333334,358.22,1.9321459810544732,0,74.39584817964526,0.7875375950915631
3358,90.68,74.01,0.83,0.097,633.281443298969,365.12,1.7344474235839422,0,63.355157814336536,0.7810528473708794
3359,82.9,84.55,0.85,0.0659,1090.553869499241,383.23,2.845690236931454,0,74.85222023978413,0.7730271871663681
3360,469.05,427.12,0.9,0.0783,4909.425287356322,371.27,13.223328810182137,2,444.6404279388443,0.7551691440104809
3361,94.21,76.53,0.85,0.025,2602.02,374.15,6.954483495924095,1,85.1529393617222,0.12651635741556005
3362,430.41,361.22,0.89,0.0294,10934.891156462587,51.2,213.57209289965988,3,390.5295794230598,0.1409788841731318
3363,117.02,113.81,0.89,0.0824,1229.258495145631,203.73,6.03376279951716,0,105.01503247143117,0.7573972312134165
3364,97.71,73.77,0.78,0.0839,685.8235995232419,181.23,3.784271917029421,0,68.70981986495661,0.7743796422226887
3365,170.48,176.12,0.84,0.0154,9606.545454545454,380.8,25.227272727272727,1,154.6334092105118,0.14001156471819468
3366,92.49,88.2,0.88,0.0853,909.9179366940211,193.62,4.699503856492207,0,84.72855128111884,0.7786588850536894
3367,231.86,201.23,0.86,0.097,1784.1010309278347,320.1,5.573573979780802,0,191.15218096526746,0.7532532165641509
3368,135.48,123.03,0.84,0.0648,1594.8333333333333,430.86,3.701511705271627,0,141.1399090525929,0.7328382360396684
3369,335.94,348.55,0.87,0.0605,5012.206611570248,44.82,111.8296878975959,2,322.64548526053454,0.7439492251304921
3370,183.35,166.62,0.9,0.0787,1905.4383735705208,402.07,4.739071240257967,0,164.40844759171878,0.7747096607449357
3371,186.01,178.49,0.89,0.0909,1747.5918591859188,52.32,33.401985076183465,0,169.06790229323786,0.7294993685637294
3372,66.54,52.04,0.83,0.0292,1479.2191780821918,222.37,6.65206267968787,1,40.4298595948334,0.12204287338035524
3373,145.28,139.65,0.75,0.0962,1088.7474012474013,441.85,2.464065635956549,0,130.95483948262887,0.7424912267779672
3374,436.85,400.25,0.83,0.0156,21295.352564102563,331.29,64.28009467265103,3,377.3000745058022,0.1012320360711887
3375,479.67,394.33,0.87,0.0888,3863.368243243243,356.64,10.832683499448304,2,414.8734600616664,0.7648077661800652
3376,268.35,254.83,0.87,0.0591,3751.304568527919,342.73,10.945363897318352,2,240.65641076162566,0.7420242500366959
3377,489.74,455.29,0.84,0.0156,24515.615384615383,216.78,113.08983939761686,3,441.77810760552813,0.10446378769363569
3378,73.67,68.06,0.78,0.0856,620.1728971962617,432.92,1.432534641957548,0,63.71342571820905,0.7505219091568435
3379,460.21,329.83,0.85,0.0678,4135.036873156342,452.87,9.130737017590793,2,396.45005019219866,0.726863370318394
3380,104.65,94.72,0.78,0.0519,1423.5375722543351,180.63,7.88095871258559,0,112.6757368389209,0.7236818035853667
3381,318.78,329.63,0.75,0.0147,16817.857142857145,211.55,79.49826113380828,3,287.25399573867213,0.12656484523787603
3382,414.81,441.88,0.84,0.0991,3745.5015136226034,56.6,66.17493840322621,2,395.6651649495369,0.7561731929850467
3383,184.47,135.67,0.9,0.0683,1787.7452415812593,363.89,4.912872685650222,0,147.81953321805508,0.7608964164956347
3384,421.56,387.66,0.87,0.013,25943.4,224.88,115.36552828175027,3,381.1553539256905,0.12912170522154207
3385,420.23,342.63,0.81,0.0678,4093.367256637169,373.52,10.958897131712275,2,360.0927236563243,0.7335370929245154
3386,56.77,62.83,0.86,0.0717,753.6094839609484,52.88,14.251313993210067,0,69.29938452136687,0.7617134554722442
3387,175.27,189.68,0.77,0.0705,2071.6822695035466,435.39,4.758221983746863,0,175.59666825151533,0.7486160291412994
3388,56.06,59.68,0.86,0.0254,2020.6614173228345,337.67,5.9841307114130196,1,70.14767089055465,0.12388804645378668
3389,89.0,75.6,0.84,0.0898,707.1714922048997,304.25,2.324310574214954,0,63.56618518732513,0.7841865780640304
3390,157.77,162.44,0.77,0.0508,2462.181102362205,380.13,6.477208066614592,0,141.99792821220137,0.7215593116754573
3391,240.21,193.86,0.86,0.0118,14128.779661016952,409.37,34.51347109220742,1,197.912981588814,0.12474505283109574
3392,199.3,206.14,0.9,0.0184,10082.934782608694,332.92,30.28635943352365,1,179.4245974914237,0.11208989927368641
3393,61.26,52.31,0.87,0.027,1685.5444444444445,381.26,4.420984221907476,1,55.69628597674722,0.13206138091194572
3394,98.14,102.09,0.86,0.0277,3169.581227436823,220.52,14.373214345351093,1,106.41520590098884,0.1288158860016097
3395,351.08,284.63,0.82,0.07,3334.2371428571423,393.86,8.4655388789345,2,297.7618041534812,0.7452547228389619
3396,73.98,71.8,0.86,0.0551,1120.6533575317603,185.89,6.028583342470065,0,66.38362199402744,0.7767707192773378
3397,167.57,152.64,0.78,0.0273,4361.142857142857,184.47,23.6414748042655,1,170.42255965820397,0.13258403339179087
3398,284.52,246.55,0.82,0.0215,9403.302325581395,51.78,181.60104916147924,3,236.86413852521497,0.11366546897546957
3399,333.71,241.97,0.89,0.0278,7746.521582733813,393.22,19.70022273214438,2,282.6126746090074,0.1264973727947716
3400,471.04,448.07,0.84,0.013,28952.21538461538,452.99,63.91358613791779,3,426.35904202470346,0.13336361711546943
3401,152.06,164.88,0.81,0.0829,1611.0108564535587,351.21,4.5870301428021945,0,156.1452428852577,0.7414448236680875
3402,58.76,41.34,0.9,0.0225,1653.6000000000001,438.29,3.7728444637112415,1,32.75563003411199,0.1209251810417566
3403,118.48,121.34,0.8,0.0592,1639.7297297297298,333.8,4.9123119524557515,0,124.76056758476082,0.7451966127863634
3404,164.17,167.06,0.76,0.0631,2012.1331220285263,181.17,11.106326224145976,0,166.59813802256835,0.7151530296430547
3405,363.07,302.14,0.8,0.0214,11294.953271028038,55.2,204.61871867804416,3,308.42121394864523,0.1116919122545456
3406,66.22,70.1,0.86,0.0239,2522.4267782426773,211.21,11.942743138311052,1,78.28177323502163,0.14885750469490108
3407,176.9,125.18,0.82,0.0942,1089.6772823779193,53.12,20.51350305681324,0,140.40411837515063,0.7501612925586049
3408,87.01,73.45,0.79,0.0817,710.2264381884946,353.59,2.0086157362722212,0,59.7878985802612,0.7889221079799563
3409,269.78,277.22,0.83,0.0863,2666.194669756663,55.37,48.15233284733002,2,261.35860019397165,0.742046881435056
3410,140.03,133.65,0.79,0.0627,1683.9473684210527,356.19,4.727666044585903,0,145.27554392130367,0.7360756227229878
3411,107.3,101.51,0.82,0.0748,1112.8101604278074,367.14,3.0310240246985005,0,115.02771358224513,0.7406713496825968
3412,185.72,210.18,0.84,0.0126,14012.0,381.23,36.7547150014427,1,186.0856861341933,0.14678762060130177
3413,67.37,61.84,0.88,0.0669,813.440956651719,363.64,2.2369402613896137,0,80.58720827506802,0.7743654121396044
3414,66.39,49.11,0.88,0.0542,797.3579335793358,438.44,1.8186249739515916,0,38.50883505001505,0.7554949266703848
3415,435.21,423.54,0.89,0.0909,4146.871287128713,45.92,90.30643046883087,2,395.5550322534888,0.7495763041729672
3416,125.92,106.18,0.81,0.0188,4574.776595744681,368.61,12.410885748473131,1,112.50625962841104,0.13917843778824623
3417,112.29,89.08,0.87,0.0529,1465.0207939508507,48.52,30.19416310698373,0,100.092062002804,0.7227032267480272
3418,50.53,50.13,0.79,0.0957,413.82131661442014,431.68,0.9586298105411882,0,45.09461701691744,0.7740498409484339
3419,254.26,259.83,0.81,0.0232,9071.650862068966,310.27,29.237924588484113,1,229.28973917421192,0.12384779839136709
3420,75.33,76.63,0.84,0.0271,2375.2472324723244,364.7,6.5128797161292145,1,87.53289213759463,0.12137931065158936
3421,118.97,88.81,0.78,0.0882,785.3945578231292,425.64,1.8452085279182624,0,85.54195129372934,0.7562425978162797
3422,121.33,131.22,0.86,0.0655,1722.8885496183204,190.61,9.038815117875874,0,127.6791461700201,0.7311752275706644
3423,93.5,63.68,0.79,0.0124,4057.032258064516,174.27,23.280152969900247,1,65.18365736187579,0.11546119297829988
3424,319.19,356.86,0.76,0.0648,4185.395061728395,356.35,11.745180473490656,2,306.6268485973047,0.7255859525986333
3425,369.15,334.05,0.83,0.0815,3401.9815950920247,43.53,78.15257512272053,2,334.1879731376828,0.7386908183828862
3426,241.64,207.93,0.77,0.0851,1881.3877790834313,444.49,4.232688652350855,0,216.51154749204278,0.740179383238713
3427,175.07,147.17,0.8,0.0547,2152.3948811700184,373.85,5.757375635067589,0,135.78091077153664,0.7446833983260227
3428,140.2,107.44,0.87,0.0109,8575.48623853211,54.35,157.78263548357148,1,125.62724079258957,0.10053291797769809
3429,148.82,132.33,0.85,0.0876,1284.0239726027398,313.58,4.094725341548377,0,135.34560415782346,0.7507889273036504
3430,227.82,242.97,0.8,0.0608,3196.9736842105262,221.89,14.407921421472471,2,222.14890397403406,0.7285549717295163
3431,81.43,82.32,0.83,0.0625,1093.2096,42.57,25.68028188865398,0,89.68230508986838,0.7586416114571124
3432,226.52,168.38,0.81,0.0827,1649.187424425635,371.94,4.43401469168585,0,184.43864673650947,0.747600654369634
3433,416.83,403.72,0.88,0.0697,5097.182209469154,200.3,25.44773943818849,2,396.42969577239876,0.7460969148922209
3434,60.09,45.47,0.81,0.0519,709.6473988439305,189.13,3.752167286226038,0,31.796178734045725,0.7578854215806866
3435,96.09,76.43,0.8,0.097,630.3505154639175,377.93,1.6679028271476664,0,67.75398818865753,0.7909068811701855
3436,66.23,54.95,0.88,0.0813,594.7847478474785,216.34,2.749305481406483,0,40.26164775796585,0.7813360511860342
3437,448.36,375.76,0.89,0.0855,3911.419883040935,345.77,11.312201414353284,2,387.47506038837207,0.7479961949733698
3438,197.05,163.22,0.88,0.0533,2694.8142589118197,197.45,13.648084370280172,0,158.15763745956338,0.7025597071434277
3439,122.2,137.81,0.78,0.0672,1599.5803571428573,353.74,4.521909756156661,0,128.29749944436256,0.7190161961828017
3440,95.73,76.91,0.75,0.0789,731.0836501901141,54.79,13.343377444608763,0,87.03272331125238,0.7780650671060666
3441,276.34,245.76,0.78,0.0624,3072.0,381.31,8.056437019747712,2,266.8627549230778,0.7124957709903695
3442,66.08,53.94,0.78,0.0525,801.3942857142857,436.12,1.837554539379725,0,55.4813867171916,0.7391593287919046
3443,163.24,146.85,0.81,0.0164,7252.957317073171,345.62,20.98535188088991,1,147.25661764284206,0.1118101812737568
3444,140.05,159.68,0.85,0.0136,9980.0,49.75,200.60301507537687,3,144.8515699857691,0.11060592106624975
3445,113.22,126.9,0.82,0.094,1107.0,323.95,3.4171940114215156,0,122.10917056974887,0.7363296930238462
3446,196.78,157.6,0.82,0.0942,1371.8895966029722,328.6,4.174953124172161,0,179.12313786020067,0.733109523796891
3447,460.96,399.87,0.83,0.0126,26340.642857142855,305.13,86.32596879081983,3,436.6457778004985,0.12628091483713536
3448,79.58,73.6,0.8,0.0148,3978.378378378378,56.02,71.01710778968899,1,89.49994130091866,0.1338964194200641
3449,165.23,161.19,0.88,0.0785,1806.9707006369426,220.63,8.190049860113959,0,168.21819585548587,0.7286537359775879
3450,99.3,84.84,0.84,0.0844,844.3791469194314,380.91,2.2167418731969004,0,89.3203367233222,0.7441451611837138
3451,92.9,77.6,0.76,0.012,4914.666666666666,356.83,13.773131930237554,1,64.34820693746464,0.13138294839023026
3452,366.19,335.06,0.79,0.0182,14543.813186813188,178.72,81.37764764331462,3,329.13882265518976,0.1387334001871634
3453,89.88,74.73,0.81,0.0845,716.3467455621303,53.6,13.364678088845714,0,61.79924958335293,0.7730352085873277
3454,333.61,301.7,0.81,0.072,3394.1250000000005,204.11,16.6289010827495,2,300.03140973796417,0.7417908065882877
3455,258.68,244.39,0.84,0.078,2631.8923076923074,196.31,13.406817317978236,2,251.79964148668563,0.7424804616359253
3456,147.78,125.69,0.87,0.0245,4463.277551020408,341.83,13.057009481380828,1,152.5191256110949,0.12791997564933727
3457,77.34,72.09,0.81,0.0541,1079.3512014787432,441.04,2.447286417283564,0,84.87708912811001,0.7432991887116002
3458,245.52,274.06,0.9,0.0697,3538.794835007174,54.76,64.62371868165036,2,240.8129960693886,0.748988404844615
3459,190.66,151.58,0.88,0.0243,5489.316872427984,195.14,28.130146932602155,1,173.74354563305582,0.13015178301174898
3460,417.16,408.07,0.85,0.0768,4516.399739583333,214.86,21.02019798744919,2,375.51796415835463,0.7517023356234127
3461,147.8,161.98,0.83,0.0832,1615.90625,381.22,4.238776165993389,0,153.8881834680254,0.7422240666898474
3462,196.27,198.33,0.89,0.0851,2074.1915393654526,55.31,37.501203025952854,0,179.0096406665799,0.7343677490507128
3463,339.96,237.05,0.81,0.0261,7356.724137931035,447.09,16.45468281091287,2,287.39819536586384,0.1284624161786143
3464,59.04,53.08,0.86,0.0708,644.7570621468926,420.91,1.531816925582411,0,52.19565065248061,0.7592175479975657
3465,81.57,91.99,0.87,0.0692,1156.521676300578,352.35,3.2823092842360664,0,92.84385162985859,0.7753173912765923
3466,180.81,156.74,0.89,0.0988,1411.929149797571,427.46,3.3030673040695526,0,182.57479926635457,0.727368103081951
3467,123.54,99.0,0.83,0.0106,7751.88679245283,325.59,23.80873734590384,1,109.26570686162387,0.1203416511929274
3468,51.89,38.43,0.82,0.0275,1145.9127272727274,402.95,2.843808728806868,1,26.329424656520132,0.11972202203306709
3469,52.97,46.0,0.75,0.0797,432.87327478042664,451.43,0.9588934602937923,0,26.676753365117293,0.8041157766338094
3470,470.19,400.12,0.86,0.054,6372.281481481482,414.69,15.366373632066079,2,404.95608920049904,0.6994940761161291
3471,198.89,174.24,0.82,0.0286,4995.692307692308,374.39,13.343551664553829,1,160.97090831140642,0.11429836914693536
3472,175.1,166.72,0.83,0.0522,2650.9118773946357,192.15,13.79605452716438,0,157.9610901498972,0.7251766490146528
3473,351.52,361.46,0.86,0.0821,3786.3045066991467,408.58,9.266984450289165,2,317.1323963598577,0.7253201622215698
3474,157.81,134.63,0.85,0.0984,1162.9623983739837,45.98,25.292788133405477,0,144.39442732869503,0.7291396020218965
3475,269.46,218.31,0.87,0.0991,1916.5459132189708,343.43,5.580601325507296,2,224.61169020892413,0.7461496221782865
3476,371.0,302.21,0.81,0.0799,3063.7058823529414,56.94,53.80586375751566,2,335.97959304001927,0.7638089970450497
3477,150.08,136.64,0.79,0.0685,1575.8481751824816,192.14,8.201562273251179,0,154.0215397231222,0.7400781046656583
3478,165.79,141.42,0.81,0.0791,1448.1694058154235,226.28,6.39990014944062,0,149.99592774968514,0.7501954633255289
3479,480.29,355.8,0.79,0.0116,24231.206896551725,51.58,469.7791178082925,3,415.3785506587108,0.13087780608279156
3480,67.48,53.22,0.82,0.0279,1564.1720430107525,47.56,32.8883945124212,1,59.77257145541671,0.11461032704323737
3481,123.7,112.86,0.79,0.0609,1464.0295566502464,362.22,4.041824185992619,0,111.35330633992376,0.7283731656988653
3482,56.25,51.11,0.84,0.0186,2308.193548387097,342.39,6.741416362589728,1,30.84641493280023,0.11657450389511759
3483,145.22,123.86,0.78,0.0946,1021.2558139534882,45.57,22.41070471699557,0,132.1187674407327,0.7295493625714655
3484,106.2,76.74,0.83,0.0818,778.6577017114914,340.71,2.285397263689036,0,76.87028059682814,0.7532842011882056
3485,96.88,109.98,0.8,0.0208,4230.000000000001,184.55,22.920617718775404,1,107.91740605592841,0.1308393380314433
3486,50.1,45.95,0.85,0.0124,3149.7983870967746,396.77,7.938600164066776,1,24.458353313664674,0.11307937389255762
3487,168.72,138.54,0.83,0.0146,7875.904109589041,385.29,20.441496300420567,1,133.0141537318861,0.13186391816202672
3488,207.83,237.27,0.84,0.0203,9818.068965517243,367.8,26.69404286437532,1,205.6929346143616,0.1386617275991549
3489,62.43,59.47,0.9,0.0714,749.6218487394957,46.8,16.017560870502045,0,55.2332067849413,0.6818660779270518
3490,198.33,179.52,0.86,0.0245,6301.518367346939,350.63,17.971988612916576,1,200.03146059796563,0.13993008607543855
3491,67.6,70.14,0.88,0.0986,625.9959432048681,175.8,3.5608415426898072,0,81.78218194872166,0.763882953536705
3492,91.94,72.92,0.77,0.0233,2409.802575107296,455.54,5.289991164567976,1,64.7162169976186,0.10630109229363983
3493,264.57,219.1,0.9,0.0287,6870.731707317073,458.99,14.969240522270796,1,218.33770107696643,0.09855247235950822
3494,289.9,290.67,0.77,0.0654,3422.2614678899085,42.56,80.41027885079671,2,279.15863481429915,0.7318810315808855
3495,58.83,45.77,0.88,0.069,583.7333333333332,54.24,10.762045231071777,0,33.377148180494174,0.7646809791766631
3496,87.29,84.87,0.87,0.0639,1155.5070422535211,329.31,3.508873226605694,0,97.31860989631525,0.7781193227287159
3497,474.03,478.42,0.89,0.0239,17815.640167364018,47.37,376.09542257471014,3,449.69367401759786,0.11051751506610968
3498,74.17,57.61,0.8,0.0618,745.7605177993527,46.49,16.04131034199511,0,65.34265537256418,0.7651438744338022
3499,173.49,172.97,0.81,0.0168,8339.625000000002,318.19,26.209576039473276,1,157.75583611345826,0.1131949592864418
3500,407.08,337.46,0.86,0.0728,3986.478021978022,356.06,11.196084991231876,2,370.5248088953661,0.7489460595927372
3501,175.3,129.05,0.9,0.019,6112.894736842106,179.45,34.06461263216554,1,139.5412356464924,0.09577387193774077
3502,291.92,311.18,0.78,0.0165,14710.327272727272,344.12,42.747667304217345,3,282.1582564808967,0.11761431922919487
3503,93.26,84.79,0.77,0.013,5022.176923076923,337.75,14.869509764846553,1,84.78414179195678,0.11495215188778869
3504,353.8,303.08,0.84,0.0252,10102.666666666666,329.17,30.69133477129345,2,320.35830334165195,0.13697566778878445
3505,312.54,278.22,0.78,0.022,9864.163636363639,400.17,24.649932869439585,2,301.39083882610515,0.13000325973797697
3506,67.7,60.08,0.84,0.0147,3433.1428571428573,46.46,73.89459442838694,1,40.480914228600426,0.08932069771265896
3507,69.25,54.47,0.88,0.0164,2922.780487804878,46.98,62.2132926310106,1,60.25111603584028,0.09970205513286398
3508,78.52,72.63,0.77,0.0999,559.8108108108108,44.88,12.473502914679385,0,70.92400829498118,0.762945904729492
3509,252.87,212.81,0.87,0.0174,10640.500000000002,51.01,208.5963536561459,3,207.9265689450722,0.11321279168995683
3510,53.55,42.27,0.85,0.0693,518.4632034632035,46.94,11.045232285112986,0,27.868548434293132,0.7587435586627115
3511,118.74,110.68,0.84,0.0177,5252.610169491525,222.14,23.64549459571228,1,106.44622881874936,0.1265233528360767
3512,129.74,138.51,0.82,0.0921,1233.205211726384,182.41,6.760622837160156,0,136.44362161593781,0.76014375628778
3513,79.34,76.85,0.89,0.0235,2910.489361702127,42.55,68.40163012225916,1,70.76943506944073,0.09081577570463573
3514,492.64,472.97,0.78,0.0751,4912.338215712384,179.67,27.340892835266793,2,446.3662932001714,0.7312000257279639
3515,57.84,43.91,0.75,0.0753,437.3505976095617,173.19,2.5252647243464503,0,33.29477008195869,0.7649617232338082
3516,355.1,376.28,0.86,0.0266,12165.443609022557,367.87,33.06995299704395,3,339.93923582247595,0.14821832987233108
3517,222.41,188.66,0.84,0.0641,2472.299531981279,326.39,7.574679162907194,0,199.5702594644927,0.739609813556516
3518,102.91,107.03,0.85,0.0578,1573.9705882352941,340.93,4.616697234726466,0,110.67351621860846,0.7259052963561987
3519,341.56,294.99,0.82,0.0813,2975.2988929889298,53.51,55.60267039784956,2,307.96507244061854,0.7391597702941323
3520,60.98,64.84,0.81,0.0909,577.782178217822,392.86,1.4707075757720867,0,75.28091380950359,0.7845006584323115
3521,127.9,129.63,0.87,0.0722,1562.0235457063711,190.6,8.19529667212157,0,113.3870503051302,0.7522718623614506
3522,338.59,318.91,0.78,0.0632,3935.9145569620255,361.9,10.875696482348786,2,304.9977238995715,0.727861052239857
3523,69.45,71.18,0.77,0.0186,2946.698924731183,337.18,8.73924587677556,1,62.08555398416985,0.11332436693405444
3524,164.51,169.11,0.84,0.0272,5222.514705882353,47.5,109.94767801857586,1,149.73233713070698,0.10839805792142782
3525,375.41,288.91,0.84,0.0144,16853.083333333332,361.99,46.55676491984124,3,339.3386816611527,0.14825859550882373
3526,136.8,116.56,0.86,0.0165,6075.248484848485,196.22,30.961413132445646,1,123.13710044782339,0.1208559120872815
3527,55.64,40.2,0.77,0.0525,589.6,209.29,2.817143676238712,0,27.6729084795615,0.7617408018202765
3528,194.78,194.13,0.78,0.0156,9706.5,306.35,31.684347968010442,1,176.2379250278852,0.11251526913982027
3529,179.21,152.16,0.83,0.0577,2188.7833622183707,453.72,4.824083933303294,0,161.00717905971175,0.6687214357465716
3530,217.54,186.99,0.84,0.0182,8630.307692307691,372.32,23.179812237611976,1,213.80062004796935,0.12988660452848688
3531,49.38,56.3,0.76,0.0531,805.8003766478342,207.81,3.8775822946337244,0,62.37746087111758,0.6440330824687573
3532,56.75,45.93,0.88,0.0518,780.2779922779922,48.43,16.11145967949602,0,50.467560407460795,0.7316004240482066
3533,71.73,61.39,0.75,0.0256,1798.5351562500002,418.34,4.299218712649998,1,63.721639431119485,0.12751840455778082
3534,79.85,71.8,0.83,0.0673,885.4977711738484,384.57,2.3025659078291296,0,52.007438496811346,0.7794529917307659
3535,179.81,145.62,0.82,0.0949,1258.255005268704,47.05,26.742933161927823,0,163.03682876376556,0.7320891821211697
3536,66.53,60.93,0.89,0.0161,3368.1801242236024,416.63,8.08434372038404,1,58.9144049449219,0.13777972232631558
3537,280.66,274.78,0.75,0.0995,2071.2060301507536,334.22,6.1971337147709695,2,274.03285089936753,0.7310943819650513
3538,326.51,243.46,0.84,0.0888,2302.9999999999995,362.11,6.359945872801081,2,277.0949343420714,0.7397513703260213
3539,121.53,91.34,0.9,0.0944,870.8262711864407,379.36,2.295514211267505,0,89.14142550044302,0.7699683817801812
3540,248.88,228.63,0.77,0.0747,2356.6947791164657,218.06,10.807551954124854,2,241.90105747062486,0.732414745812174
3541,196.86,219.48,0.89,0.053,3685.6075471698114,350.92,10.502700180012,0,198.46111195333845,0.6914217621575187
3542,331.38,320.09,0.82,0.0287,9145.42857142857,205.75,44.44922756465891,2,319.599297462296,0.1458600994580766
3543,488.35,407.04,0.82,0.0689,4844.307692307692,229.64,21.09522597242507,2,422.0866166942914,0.7320491728920742
3544,81.44,72.13,0.79,0.0262,2174.912213740458,382.48,5.68634232833209,1,90.61382838233877,0.13664978162701386
3545,104.47,92.21,0.85,0.0287,2730.95818815331,54.59,50.02671163497545,1,75.72363280409968,0.09381983882907641
3546,417.45,346.1,0.75,0.055,4719.545454545456,188.02,25.10129483323825,2,359.4025434992469,0.7035087574447122
3547,184.78,170.53,0.78,0.0161,8261.70186335404,47.22,174.96192002020413,1,164.2498364188535,0.11155711197243963
3548,83.21,71.38,0.83,0.0577,1026.7833622183707,183.17,5.605630628478303,0,75.20882527372692,0.7910155351605169
3549,87.21,88.95,0.76,0.0761,888.3311432325887,213.54,4.160022212384512,0,78.74430558913467,0.7669656410561815
3550,151.8,130.42,0.78,0.0135,7535.377777777778,222.97,33.79547821580382,1,136.16542503149074,0.13577311730652009
3551,350.3,306.65,0.89,0.0782,3490.0063938618923,189.8,18.38781029431977,2,336.6692730221673,0.7466724584289068
3552,71.88,70.35,0.83,0.0926,630.5669546436285,45.39,13.892199926054824,0,66.05325552299672,0.768712979815506
3553,70.66,61.71,0.82,0.0208,2432.798076923077,170.27,14.28788440079331,1,44.261170537357344,0.10408731698516634
3554,140.4,109.42,0.86,0.0705,1334.7687943262413,203.85,6.547798843886394,0,126.34947750352367,0.7445165032195683
3555,85.38,72.64,0.84,0.0667,914.8065967016493,307.46,2.975367842001071,0,78.36717076096848,0.7661475747755293
3556,197.22,155.89,0.83,0.0182,7109.269230769229,367.86,19.326018677674192,1,178.27872510035698,0.11549383858560423
3557,180.62,172.48,0.85,0.0546,2685.1282051282046,366.8,7.320414954002739,0,181.60044166059183,0.72377749476709
3558,377.5,410.31,0.88,0.0112,32238.642857142862,210.22,153.3566875518165,3,361.43677001204384,0.13613284996576133
3559,96.42,71.96,0.89,0.099,646.9131313131312,303.66,2.1303863904140523,0,71.0110893473718,0.7614980953238779
3560,63.36,56.0,0.85,0.0974,488.7063655030801,361.52,1.3518100395637314,0,57.78957195901435,0.774426811128757
3561,186.11,162.25,0.77,0.0989,1263.2204246713852,372.81,3.3883759144641648,0,151.84980023377412,0.7367937150994998
3562,143.83,122.98,0.87,0.082,1304.7878048780487,43.1,30.27349895308698,0,112.63523710832675,0.74535348413352
3563,83.72,73.82,0.81,0.0857,697.7152858809801,451.56,1.54512199016959,0,56.199976506260754,0.7873355016700853
3564,95.04,80.47,0.78,0.0193,3252.155440414508,201.84,16.112541817352895,1,68.36618585590269,0.11891602309666033
3565,413.01,378.21,0.89,0.0241,13967.091286307055,419.6,33.2866808539253,3,353.6998708687358,0.12188255254916332
3566,70.92,69.63,0.77,0.0261,2054.218390804597,305.02,6.734700645218665,1,83.5539031211717,0.11795373273296217
3567,96.27,68.6,0.87,0.0296,2016.2837837837835,52.27,38.57439800619444,1,68.0366470236249,0.09884340325469936
3568,437.18,366.17,0.76,0.0554,5023.270758122744,43.29,116.03767055030595,2,374.7490786206031,0.7081492588628697
3569,175.08,155.42,0.78,0.055,2204.138181818182,342.86,6.42868279127977,0,156.83291856092634,0.724955956721104
3570,450.57,316.8,0.82,0.0523,4967.036328871894,194.13,25.586134697738082,2,387.71189007303263,0.7286783204318243
3571,55.95,49.1,0.8,0.0241,1629.8755186721992,300.27,5.4280331657248455,1,70.84162954583903,0.1205109742387631
3572,69.59,70.66,0.89,0.07,898.3914285714285,55.44,16.20475159760874,0,81.92324361420422,0.7389150928508234
3573,301.58,251.11,0.85,0.024,8893.479166666666,319.59,27.827776734774766,1,270.9434635893476,0.1336427477503251
3574,92.79,71.53,0.88,0.052,1210.5076923076924,342.08,3.5386684176440966,0,64.86159719016652,0.7836393456713374
3575,473.64,364.78,0.9,0.0103,31873.980582524266,223.74,142.45991142631743,3,409.60983705415515,0.0913492109179901
3576,158.74,161.61,0.78,0.0115,10961.37391304348,208.11,52.67105815695296,1,162.91021494803582,0.13787139345716906
3577,168.25,128.11,0.79,0.0294,3442.4115646258515,429.44,8.016047793931286,1,132.22324104491082,0.12985386916567077
3578,185.61,155.29,0.8,0.0744,1669.784946236559,182.97,9.12600396915647,0,150.54035607189053,0.7574406141116178
3579,280.37,232.95,0.89,0.0889,2332.1203599550054,328.31,7.1034094604337525,2,232.61291576952445,0.7464790211516025
3580,158.71,140.49,0.82,0.0105,10971.599999999999,46.25,237.22378378378374,3,124.01742428750646,0.10196862060768978
3581,248.31,190.57,0.87,0.084,1973.760714285714,187.6,10.52111254949741,0,205.65399038196148,0.764610258300415
3582,489.42,377.13,0.75,0.0229,12351.419213973797,328.26,37.626939663601405,3,444.8843501680832,0.11070633727708579
3583,141.45,116.43,0.82,0.0896,1065.5424107142858,56.68,18.799266244077025,0,107.77391802051595,0.7681534686718972
3584,321.33,367.91,0.78,0.0635,4519.209448818898,193.86,23.31171695460073,2,308.09712392682223,0.728096477350131
3585,298.1,243.33,0.81,0.0158,12474.512658227848,173.77,71.78749299780081,3,270.76647603002255,0.13251734634022358
3586,367.09,285.28,0.83,0.0182,13010.021978021976,207.04,62.83820507158992,3,332.83506867919755,0.13576371925071093
3587,149.19,105.67,0.85,0.055,1633.0818181818183,189.87,8.60105239470068,0,114.11975826101147,0.7690991502979234
3588,335.06,300.62,0.77,0.0606,3819.7590759075906,187.61,20.360103810604926,2,321.1854439722571,0.7178534304174898
3589,390.93,317.26,0.88,0.0955,2923.442931937173,370.57,7.88904372166439,2,336.12358888677477,0.7349605845842012
3590,140.85,114.84,0.86,0.0299,3303.090301003345,374.27,8.8254209554689,1,108.54601027054753,0.11873218200139454
3591,226.93,176.89,0.84,0.0107,13886.691588785046,408.0,34.03600879604178,1,202.49844761074291,0.13468132664140378
3592,62.76,64.46,0.8,0.0276,1868.4057971014493,362.35,5.156356553336413,1,55.744166405414404,0.13225653708300814
3593,57.65,64.31,0.78,0.0154,3257.2597402597403,436.65,7.459658170754015,1,70.45190786132547,0.1319496922535013
3594,196.91,152.16,0.87,0.0851,1555.572267920094,376.32,4.1336422935801815,0,160.63656747772652,0.7385593378929372
3595,142.98,127.14,0.88,0.0194,5767.175257731959,398.72,14.464223660042032,1,148.51285544633595,0.14753644379187203
3596,301.47,275.94,0.81,0.0259,8629.783783783783,393.05,21.95594398622003,2,250.3645897710776,0.1290106738364598
3597,280.59,317.09,0.84,0.0226,11785.646017699115,195.86,60.173828335030706,3,274.24886331994753,0.13691642921289915
3598,112.96,100.63,0.89,0.0254,3526.011811023622,49.51,71.21817432889563,1,101.2315226254007,0.11718614659219623
3599,420.46,414.0,0.77,0.0633,5036.018957345973,48.27,104.33020421267811,2,398.2299970575592,0.7337826826581569
3600,153.27,121.51,0.79,0.0702,1367.420227920228,451.84,3.026337260800788,0,118.44806860832644,0.7665215688137599
3601,486.77,417.13,0.81,0.0754,4481.10477453581,374.93,11.951843742927506,2,421.1701006252521,0.7608791248176218
3602,333.98,300.28,0.79,0.0192,12355.270833333332,401.84,30.746742069812196,3,321.1207894987533,0.11562220364557133
3603,81.09,69.71,0.8,0.0293,1903.344709897611,174.44,10.911171233075047,1,54.68156219336676,0.109483581153324
3604,57.96,53.32,0.8,0.0707,603.3380480905234,425.69,1.4173178794205255,0,70.02835524260094,0.7831301585148108
3605,61.4,70.25,0.79,0.0758,732.1569920844327,358.09,2.044617252881769,0,73.68120809918022,0.7748677156361424
3606,119.52,113.28,0.83,0.0219,4293.260273972603,52.49,81.79196559292441,1,105.3586198064199,0.11213232951579116
3607,298.19,290.46,0.81,0.0626,3758.3482428115017,320.05,11.743003414502427,2,268.57105654641475,0.7339105127293102
3608,94.01,86.12,0.85,0.0202,3623.861386138614,395.64,9.1594919273547,1,66.73690541626911,0.11751245578047524
3609,345.02,279.57,0.79,0.0947,2332.210137275607,303.37,7.687675568696993,2,291.97512385986397,0.7579563100491578
3610,464.7,514.03,0.84,0.0738,5850.747967479674,340.37,17.18937617145951,2,440.4503953248174,0.7428322867459971
3611,475.05,448.17,0.8,0.0526,6816.273764258556,229.55,29.694069981522787,2,428.6235259873046,0.7404720400450412
3612,133.29,122.2,0.85,0.0682,1523.0205278592377,372.03,4.093811057869629,0,138.36185948578807,0.7350020370970295
3613,332.87,309.85,0.85,0.0684,3850.4751461988303,379.68,10.14136943267707,2,320.2744863240216,0.7204353262940728
3614,181.78,155.36,0.79,0.0121,10143.338842975209,199.24,50.91015279549894,1,162.83193559403935,0.12040098692994441
3615,156.75,117.51,0.9,0.0675,1566.7999999999997,306.38,5.1139108296886215,0,122.65802610386328,0.7663921236431692
3616,75.36,56.68,0.76,0.0991,434.6801210898083,352.63,1.2326804897195596,0,48.67600224789706,0.770087228382213
3617,305.22,271.3,0.8,0.0121,17937.190082644633,45.95,390.3632226908516,3,293.6526940259298,0.12520729339927028
3618,394.41,280.64,0.81,0.0779,2918.079589216945,177.14,16.47329563744465,2,339.7990014778517,0.7625519147553195
3619,107.18,96.94,0.86,0.0175,4763.908571428571,389.65,12.226122344228337,1,96.81651304254709,0.11735428433361073
3620,237.17,233.98,0.77,0.0175,10295.119999999999,371.13,27.73992940479077,1,232.84456451415917,0.13190198501353748
3621,127.14,131.34,0.75,0.0655,1503.8931297709921,350.37,4.2922999394097445,0,113.37300747260954,0.7540331725846262
3622,100.2,110.56,0.82,0.0256,3541.375,210.29,16.84043463788102,1,108.75802991828576,0.12737237010915003
3623,110.94,120.86,0.83,0.099,1013.270707070707,316.69,3.199566475325103,0,121.17419117492875,0.7456196428600017
3624,215.87,241.01,0.87,0.0502,4176.866533864541,421.79,9.902715886731647,2,211.14623307719972,0.7230521107259423
3625,171.15,147.11,0.88,0.0216,5993.37037037037,54.18,110.61960816482781,1,135.78376502643,0.11092411796304123
3626,311.84,253.02,0.75,0.0212,8951.17924528302,192.99,46.38157026417441,1,281.033137797359,0.12248620092888166
3627,77.15,68.23,0.86,0.074,792.9432432432434,324.69,2.442154803792058,0,51.915527705897446,0.7772407300629761
3628,57.33,63.31,0.89,0.0607,928.2685337726525,393.66,2.3580463693864058,0,69.60317575702993,0.749843631828475
3629,283.14,255.27,0.85,0.0118,18388.093220338986,173.65,105.89169720897775,3,236.66950890147893,0.11496023470183449
3630,470.53,457.82,0.86,0.0539,7304.73469387755,47.67,153.23546662214284,3,442.2861375840023,0.7020924421520442
3631,55.91,56.17,0.83,0.0262,1779.4312977099235,305.46,5.825415104137771,1,49.45920991540392,0.12094782132748698
3632,63.53,48.99,0.75,0.0891,412.3737373737374,187.3,2.2016750527161633,0,55.9073081835988,0.7893053370921299
3633,193.16,143.67,0.76,0.0976,1118.7418032786882,344.89,3.2437641082046107,0,155.7373665290155,0.7414828343797898
3634,151.69,145.75,0.79,0.0775,1485.7096774193549,44.77,33.18538479828802,0,136.4169583003132,0.746287429732303
3635,72.6,50.42,0.89,0.0894,501.9440715883669,201.04,2.4967373238577744,0,47.515854339742134,0.7740409440830898
3636,70.48,59.04,0.83,0.0694,706.0979827089336,224.39,3.1467444302728893,0,62.54927853722157,0.7646012273777019
3637,118.32,107.77,0.87,0.0993,944.2084592145015,384.18,2.4577241376815593,0,127.62594326461345,0.730869589000216
3638,133.18,150.36,0.75,0.0935,1206.0962566844921,45.29,26.63052012992917,0,137.21904811750292,0.7582700271290469
3639,188.0,215.57,0.89,0.0199,9641.070351758794,431.99,22.31780909687445,1,188.34484418502865,0.15384623256045435
3640,392.51,400.56,0.85,0.0279,12203.440860215054,56.55,215.79913103828568,3,355.4021214798428,0.14221524737024643
3641,388.27,363.23,0.9,0.0179,18262.96089385475,44.2,413.1891604944513,3,351.05359734079286,0.10456797945174179
3642,312.11,275.67,0.84,0.0746,3104.058981233244,222.42,13.955844713754358,2,281.0523129972929,0.735828035450182
3643,63.17,57.3,0.83,0.0123,3866.585365853658,312.57,12.370302223033747,1,37.333102633986755,0.11001940061545509
3644,93.59,66.34,0.84,0.0272,2048.7352941176473,340.4,6.018611322319764,1,63.93851821039365,0.1278114483711079
3645,101.06,106.16,0.83,0.0103,8554.640776699027,392.53,21.793597372682413,1,108.82147708342781,0.1344907094125264
3646,278.37,219.42,0.85,0.0537,3473.1284916201116,227.42,15.271869191892145,2,230.31697278023384,0.7212311295732867
3647,121.91,83.9,0.88,0.0227,3252.5110132158593,451.32,7.206662707648364,1,89.40614976125511,0.13259464506910235
3648,197.97,149.24,0.81,0.0138,8759.739130434784,53.38,164.10151986576963,1,159.92697742799677,0.10355894200787548
3649,133.24,127.51,0.84,0.0295,3630.7932203389832,183.63,19.772331429172702,1,139.79798799415167,0.1280227555754453
3650,89.34,78.81,0.86,0.0157,4316.980891719745,299.86,14.396654744613302,1,60.203328594299904,0.11913476780322113
3651,132.61,110.49,0.81,0.0626,1429.6629392971245,416.0,3.43668975792578,0,98.82379638975408,0.7454240859325578
3652,95.69,90.57,0.82,0.0289,2569.806228373702,188.45,13.636541408191576,1,105.77608831064737,0.12779709430716474
3653,342.28,325.71,0.8,0.0635,4103.433070866142,197.17,20.811650204727606,2,309.6314092938503,0.7348111411422686
3654,385.36,319.77,0.77,0.0853,2886.552168815944,57.08,50.57029027357996,2,328.68514504789755,0.7504957817696905
3655,174.64,168.18,0.83,0.0614,2273.4429967426713,379.17,5.995840907093576,0,176.53039360557935,0.721778954612991
3656,80.17,90.46,0.85,0.011,6990.090909090909,411.82,16.973655745449246,1,91.70933096407546,0.12234109658751818
3657,114.06,78.47,0.84,0.057,1156.3999999999999,414.77,2.7880512091038403,0,81.6945343136725,0.729721147090698
3658,81.42,90.93,0.85,0.0612,1262.916666666667,55.28,22.845815243608303,0,91.65553479013242,0.7685782509113618
3659,169.53,129.97,0.78,0.0254,3991.2047244094488,326.92,12.208505825307258,1,152.0028062271664,0.12072470940851528
3660,90.4,83.82,0.87,0.0667,1093.3043478260868,209.86,5.209684302992884,0,100.14891390465625,0.7648877238644315
3661,204.86,219.7,0.77,0.0274,6174.05109489051,197.47,31.26576743247334,1,202.93613736828775,0.13963728233820036
3662,169.58,146.26,0.86,0.0135,9317.303703703703,226.19,41.19237677927275,1,150.96388309661634,0.13358693492368784
3663,242.01,216.1,0.83,0.0109,16455.32110091743,305.97,53.780831783891976,3,218.5306182808717,0.12318553513910065
3664,360.24,409.8,0.88,0.0971,3713.94438722966,342.89,10.831299796522675,2,344.21474029996267,0.7279924680984685
3665,441.56,364.57,0.85,0.0651,4760.130568356374,214.17,22.225944662447468,2,379.76548731121727,0.7251310497218875
3666,82.95,65.14,0.83,0.069,783.5681159420288,45.13,17.36246656197715,0,74.1987810725824,0.7622530287818418
3667,170.29,178.8,0.81,0.0248,5839.83870967742,374.67,15.586619450923266,1,172.44845202765146,0.14976945510668702
3668,115.95,126.02,0.81,0.0528,1933.2613636363637,57.29,33.745180025071804,0,123.83055954348328,0.7164481664883509
3669,371.72,287.48,0.88,0.0632,4002.886075949367,203.7,19.65088893445934,2,334.99933491836487,0.743282472395065
3670,408.17,340.45,0.86,0.0217,13492.48847926267,307.73,43.84521651858015,3,368.6258430453187,0.13693525071723042
3671,140.92,141.84,0.83,0.0112,10511.357142857143,423.49,24.820791855432578,1,123.79740368395146,0.15029637547879265
3672,473.52,357.51,0.77,0.0669,4114.838565022421,218.14,18.86329222069506,2,410.14024736044564,0.7336237526706494
3673,69.83,70.84,0.88,0.0995,626.5246231155779,420.3,1.490660535606895,0,63.49157179552064,0.7596635257803418
3674,51.0,48.69,0.84,0.0513,797.2631578947369,397.18,2.007309426191492,0,62.62958512919431,0.7640927441654497
3675,96.31,89.26,0.8,0.0736,970.2173913043479,380.43,2.5503177754234625,0,105.27068720027884,0.7798978312468624
3676,124.6,122.84,0.86,0.0997,1059.6028084252757,430.77,2.459787841366102,0,113.70962155124863,0.7278501548451017
3677,250.8,215.85,0.88,0.0132,14390.000000000002,54.31,264.96041244706316,3,245.51168352305058,0.1310655576243814
3678,141.28,124.79,0.84,0.0821,1276.779537149817,407.83,3.130666054850838,0,146.22548185326283,0.734384378445695
3679,456.27,446.02,0.87,0.093,4172.445161290322,377.34,11.057521495972658,2,434.0833148722868,0.7455906505192721
3680,226.72,211.1,0.78,0.0268,6143.955223880597,354.8,17.316671995153882,1,204.74949588893102,0.15267126322243887
3681,327.52,279.57,0.77,0.0608,3540.6069078947367,44.67,79.26140380332967,2,313.5677754225967,0.7253492131074621
3682,97.1,105.82,0.76,0.0177,4543.683615819208,368.41,12.333225525417898,1,106.47298369330771,0.12025886169575489
3683,169.19,141.2,0.89,0.0743,1691.35935397039,46.07,36.712814281970694,0,132.57970349143724,0.7372125087070125
3684,50.03,44.35,0.76,0.0947,355.92397043294613,310.28,1.1471057445950308,0,26.548299273131562,0.7098917048632392
3685,173.36,152.64,0.84,0.0236,5432.949152542373,52.06,104.3593767295884,1,175.60952424355972,0.1251450433323296
3686,67.2,56.26,0.84,0.0605,781.1305785123967,185.61,4.20845093751628,0,40.657139422221434,0.7746976409186356
3687,139.48,105.03,0.8,0.0677,1241.1225997045792,365.46,3.396055928705137,0,105.58361188008152,0.771483844382999
3688,383.3,335.41,0.87,0.0135,21615.311111111114,55.22,391.43989697774566,3,325.13393675681857,0.13223844412970606
3689,67.39,62.53,0.85,0.0663,801.6666666666666,299.72,2.6747186262734104,0,62.019626132557846,0.7766395834149535
3690,78.74,62.38,0.87,0.0835,649.9473053892215,365.03,1.7805312039811017,0,72.37076813319844,0.7711243344443361
3691,363.31,317.89,0.89,0.0245,11547.84081632653,403.96,28.586594752763965,3,328.2713038694386,0.13274904755560213
3692,182.76,158.29,0.77,0.0221,5515.0814479638,46.4,118.85951396473708,1,183.85204876230608,0.132063141288577
3693,228.31,247.45,0.86,0.0655,3248.9618320610684,198.71,16.350268391430067,2,223.2672925367037,0.7376839595520509
3694,78.92,63.06,0.82,0.0267,1936.6741573033703,50.69,38.20623707444013,1,70.9779750997637,0.1147813434644859
3695,56.33,45.78,0.85,0.018,2161.833333333333,307.69,7.026011028416045,1,32.314240291122076,0.1151856614975639
3696,153.26,115.59,0.8,0.0653,1416.1102603369068,223.54,6.334930036400228,0,118.46392882465689,0.7490709877977355
3697,74.04,67.05,0.77,0.0196,2634.107142857143,197.2,13.357541292379024,1,47.10068782386617,0.1211225434004879
3698,360.34,278.37,0.75,0.0162,12887.500000000002,354.24,36.38070234869016,3,305.71094128010446,0.10006421028570113
3699,128.69,131.2,0.86,0.0752,1500.4255319148936,346.5,4.3302324153387985,0,117.27675987007156,0.7514019251913407
3700,181.12,177.24,0.87,0.0524,2942.7251908396943,371.34,7.924611382667352,0,162.71973400193204,0.7252458772470873
3701,56.83,38.72,0.77,0.0996,299.3413654618474,431.27,0.6940927156116757,0,32.07550991045099,0.7864621135562985
3702,73.92,67.58,0.85,0.075,765.9066666666666,402.38,1.9034411915767848,0,46.781443427573734,0.7802076695827702
3703,85.3,93.04,0.83,0.0769,1004.2028608582576,51.69,19.427410734344317,0,93.81026116361785,0.7771460190253895
3704,82.98,65.53,0.77,0.0687,734.4701601164484,447.34,1.6418611349676944,0,74.46972878273888,0.7518544459225329
3705,173.49,192.17,0.75,0.0523,2755.7839388145317,353.27,7.800786760309485,0,175.54418570108103,0.7165953402327436
3706,55.23,57.8,0.82,0.0884,536.1538461538461,394.81,1.3580047267137259,0,68.72593041422788,0.7831520677504554
3707,381.82,418.06,0.76,0.0244,13021.540983606556,45.71,284.87291585225455,3,363.7427537246181,0.12373024760212355
3708,58.06,44.9,0.79,0.0636,557.7201257861635,450.39,1.2383048597574624,0,49.98415685670258,0.7782683390239398
3709,67.51,50.92,0.8,0.0959,424.7758081334724,298.55,1.4227962087873804,0,44.0848313135221,0.7880006205768109
3710,472.38,450.89,0.78,0.0144,24423.208333333336,416.4,58.65323807236632,3,446.58374840051226,0.14835817811163035
3711,400.19,377.24,0.81,0.0151,20236.052980132452,42.83,472.4738029449557,3,361.1306154421328,0.12480468071890975
3712,57.46,58.83,0.76,0.0963,464.28660436137073,447.75,1.036932673057221,0,51.17294982360255,0.7788802325721765
3713,303.19,251.27,0.79,0.0166,11958.030120481928,381.27,31.363679598399898,3,254.72672444836675,0.124555113188852
3714,135.92,112.22,0.87,0.0236,4136.92372881356,396.97,10.4212502930034,1,123.09420558653889,0.13081402743981949
3715,454.38,520.81,0.75,0.0962,4060.3690228690225,55.45,73.22577137725919,2,430.922394719072,0.7515135025525426
3716,49.59,42.07,0.86,0.0295,1226.4474576271186,223.65,5.4837802710803425,1,45.85153766853175,0.13995834761508485
3717,76.2,66.45,0.76,0.019,2658.0000000000005,53.1,50.05649717514125,1,66.11193604627837,0.11388561024498806
3718,96.18,94.33,0.89,0.0276,3041.800724637681,384.76,7.905709337347128,1,87.88893805176637,0.11830628000632132
3719,53.23,52.52,0.87,0.0744,614.1451612903226,397.58,1.5447083889791302,0,46.95982068328071,0.7699014475063213
3720,98.01,78.27,0.79,0.059,1048.0220338983052,381.8,2.744950324511014,0,87.50718400399876,0.7647269055013409
3721,155.17,141.92,0.87,0.0138,8947.130434782608,216.16,41.39123998326521,1,118.45674824627451,0.10653474189196972
3722,381.81,327.34,0.82,0.0865,3103.107514450867,339.17,9.149121427162976,2,325.8995889341943,0.7514035255177438
3723,140.86,123.3,0.81,0.0716,1394.8743016759777,300.89,4.635828049041104,0,107.68903258709663,0.7749182650427564
3724,50.95,46.67,0.84,0.0713,549.8288920056101,371.02,1.4819386879564718,0,26.825940498127807,0.7918176936638706
3725,87.93,78.63,0.78,0.0175,3504.651428571428,212.46,16.495582361721866,1,78.21790371342739,0.12892692365400207
3726,201.52,231.65,0.83,0.0955,2013.2931937172773,184.05,10.93883832500558,0,200.46277709071143,0.7372178808182345
3727,67.66,64.67,0.78,0.0181,2786.8839779005525,172.93,16.115676735676587,1,80.44466195045658,0.12809585542860694
3728,80.04,67.19,0.88,0.0274,2157.92700729927,388.44,5.55536764313477,1,53.04652754095703,0.11893198480516569
3729,85.77,67.92,0.77,0.0802,652.0997506234414,408.75,1.5953510718616304,0,58.00708911509348,0.7690134550060886
3730,62.07,49.88,0.88,0.0267,1643.9850187265918,390.28,4.212321970704601,1,36.825391560986475,0.10886840750001565
3731,140.13,135.01,0.89,0.0908,1323.3359030837003,46.74,28.312706527250754,0,146.41611299476324,0.7154865240102527
3732,82.98,75.07,0.87,0.0187,3492.5614973262022,193.19,18.078376196108508,1,56.938421200062635,0.11448495628734094
3733,474.98,508.28,0.88,0.0192,23296.166666666664,53.2,437.8978696741854,3,448.53009588510537,0.1301357072299574
3734,194.2,156.96,0.82,0.0974,1321.429158110883,49.7,26.58811183321696,0,156.71197857655653,0.7488260289191848
3735,100.47,96.21,0.76,0.0689,1061.242380261248,211.59,5.015560188389092,0,89.54349816134022,0.7329870481053521
3736,59.74,60.4,0.83,0.0814,615.8722358722359,359.68,1.7122782358547484,0,52.179680277757,0.7939823784256795
3737,62.99,52.6,0.82,0.0945,456.4232804232804,206.73,2.2078231530173675,0,58.141238171551535,0.7668638749186129
3738,68.51,75.13,0.78,0.0665,881.2240601503759,338.33,2.6046287948168234,0,80.46091010284375,0.7671498658973094
3739,68.3,56.83,0.83,0.0716,658.7835195530726,204.36,3.2236421978521848,0,61.989009889656714,0.7619989331562799
3740,169.52,129.43,0.9,0.073,1595.7123287671236,418.37,3.8141174767959547,0,134.22735338403282,0.7297925210626517
3741,75.93,54.31,0.86,0.0659,708.7496206373293,203.73,3.4788672293590994,0,47.907418238087715,0.7769522773601915
3742,492.21,383.86,0.81,0.0928,3350.502155172414,408.15,8.208997072577274,2,427.8628421315305,0.7121914379730967
3743,188.2,161.14,0.76,0.0248,4938.1612903225805,44.48,111.01981318171269,1,169.3781742845899,0.11139316646202481
3744,151.54,158.17,0.79,0.0561,2227.349376114082,48.7,45.73612681959101,0,155.32740363012127,0.7143246174053001
3745,454.83,431.23,0.8,0.0806,4280.198511166253,211.43,20.24404536331766,2,412.7723840172379,0.7624774504347799
3746,183.36,142.82,0.86,0.0529,2321.837429111531,310.6,7.475329778208406,0,145.73736663142978,0.7563563984314576
3747,443.03,381.8,0.83,0.0584,5426.267123287671,174.44,31.10678240820724,2,401.41995186365244,0.7462250132756033
3748,87.5,59.96,0.8,0.0661,725.6883509833585,347.48,2.0884319989160773,0,58.778972458844294,0.7757746083373708
3749,59.86,52.71,0.79,0.0275,1514.2145454545457,46.72,32.410414072229145,1,54.723722845877816,0.11128048970732232
3750,53.71,48.89,0.9,0.061,721.327868852459,360.02,2.0035772147449005,0,47.241530277708435,0.7508721629356608
3751,93.72,86.16,0.83,0.0679,1053.2076583210603,52.85,19.928243298411736,0,65.50632194610304,0.7709464130216906
3752,114.12,106.96,0.82,0.0543,1615.233885819521,362.31,4.458154303826891,0,120.49507463704887,0.7168197048937981
3753,195.36,166.08,0.78,0.0871,1487.2835820895525,207.98,7.151089441723014,0,155.91514082486935,0.7441962443370862
3754,444.14,331.08,0.84,0.0919,3026.1936887921656,347.96,8.696958526244872,2,383.62022399244177,0.7546594853741965
3755,67.97,57.39,0.77,0.095,465.16105263157897,52.27,8.899197486733861,0,60.71604544900886,0.7582909823672762
3756,181.94,156.33,0.83,0.0553,2346.3634719710667,395.6,5.931151344719582,0,163.2773516130326,0.7275297817456067
3757,203.06,159.46,0.86,0.0903,1518.6666666666667,55.19,27.517062269734858,0,183.23523724098533,0.7355839139342241
3758,402.04,353.39,0.88,0.023,13521.008695652175,173.53,77.91741310235795,3,384.7285436537969,0.12425162498102163
3759,491.37,496.77,0.76,0.0203,18598.285714285714,320.64,58.00363558597092,3,464.3247896045162,0.12117532062329854
3760,347.17,276.06,0.81,0.0239,9356.008368200837,298.13,31.38231096568892,2,316.39377890517056,0.13439428025389755
3761,489.68,489.95,0.89,0.0815,5350.374233128834,211.75,25.26741078219048,2,445.0642284503202,0.7391103192535745
3762,92.37,75.69,0.83,0.0915,686.5868852459016,212.24,3.234955169835571,0,64.81819942681113,0.7681417696181019
3763,219.7,184.49,0.85,0.0531,2953.229755178908,454.18,6.502333337396864,0,176.52285062797324,0.6963648195398866
3764,192.55,202.1,0.86,0.0884,1966.1312217194566,53.51,36.743248396925,0,193.318967449143,0.7313062884995958
3765,54.13,51.37,0.86,0.08,552.2275,408.93,1.350420609884332,0,48.24564821988842,0.7787042036671152
3766,346.52,307.16,0.75,0.0561,4106.417112299466,344.24,11.928936533521572,2,290.74498144337207,0.7025575256285346
3767,165.37,137.5,0.83,0.0169,6752.958579881658,339.72,19.878013010366352,1,148.53182146830014,0.12150499056469531
3768,331.19,249.26,0.86,0.089,2408.579775280899,384.72,6.260604531297824,2,281.6121129748886,0.756277721999557
3769,264.82,303.43,0.8,0.0174,13950.804597701152,48.45,287.9423033581249,3,256.9725793700768,0.12532121177925368
3770,60.77,66.13,0.82,0.0223,2431.686098654708,439.76,5.5295754471864385,1,73.78237477204856,0.1259726889683591
3771,94.39,78.38,0.87,0.0187,3646.5561497326194,438.29,8.319962010843549,1,66.13960733250501,0.1212400683132166
3772,55.02,55.9,0.89,0.0861,577.8281068524971,219.47,2.632834131555552,0,68.7435782574299,0.749212036712456
3773,90.34,70.04,0.88,0.082,751.648780487805,44.51,16.88718895726365,0,62.85494508596135,0.7594702997919859
3774,252.97,203.08,0.84,0.0649,2628.4622496147917,176.69,14.876123434347114,0,227.804057843767,0.7479641658596249
3775,430.84,321.97,0.81,0.0982,2655.760692464359,44.11,60.20767836010789,2,371.5299824926947,0.7714255016486388
3776,85.99,81.51,0.83,0.0783,864.0268199233717,364.97,2.367391347024061,0,97.45709587116703,0.7707779262304006
3777,348.48,280.43,0.77,0.0805,2682.3739130434783,43.2,62.091988727858286,2,315.65670978995007,0.7490134371268059
3778,50.34,55.79,0.88,0.0698,703.3696275071633,50.91,13.815942398490735,0,64.11935264459878,0.7674423847045735
3779,275.94,256.85,0.76,0.0618,3158.6731391585763,196.9,16.04201695865199,2,267.63432697695146,0.7228327978375129
3780,139.85,104.1,0.75,0.0222,3516.891891891891,218.9,16.066203252132897,1,106.61324585054949,0.10888242696284196
3781,94.4,106.4,0.84,0.0597,1497.0854271356784,52.36,28.592158654233735,0,104.5650848754965,0.7799824743237361
3782,96.3,99.07,0.8,0.015,5283.733333333334,43.02,122.8203936153727,1,106.04968826352841,0.10382905600826936
3783,56.5,59.36,0.77,0.0696,656.7126436781609,394.22,1.6658531877585128,0,69.12934975519917,0.7777910887840433
3784,286.11,286.19,0.85,0.0949,2563.345626975764,429.97,5.961684831443505,2,258.89550041952714,0.731070827377132
3785,242.95,197.04,0.81,0.0643,2482.1524105754283,431.32,5.75478162518647,0,217.90384692334865,0.7508542467442854
3786,121.99,110.59,0.81,0.0798,1122.5300751879702,388.6,2.8886517632217448,0,110.43029754490976,0.748036448480983
3787,171.59,132.67,0.86,0.0751,1519.2569906790943,220.19,6.899754714923904,0,135.69742240704775,0.7419892558595025
3788,81.46,67.99,0.75,0.0642,794.2757009345794,420.34,1.8896029427001462,0,53.80024554453183,0.766101331320332
3789,128.31,129.73,0.79,0.0828,1237.762077294686,206.17,6.003599346629898,0,114.86267723440596,0.7585108852489568
3790,133.05,149.28,0.77,0.0522,2202.022988505747,198.16,11.112348549181203,0,137.28074100751945,0.7285787895703985
3791,349.76,337.31,0.89,0.066,4548.574242424242,375.92,12.099846356736117,2,334.3331855253024,0.7321752564495584
3792,92.14,67.73,0.83,0.0231,2433.5887445887447,323.02,7.53386398547689,1,63.648182011811656,0.10575931456085927
3793,58.22,51.72,0.86,0.0843,527.6298932384342,317.7,1.6607802745937494,0,33.66532752247289,0.767164990892098
3794,452.13,395.18,0.87,0.075,4584.088000000001,53.01,86.4759102056216,2,391.23691617266195,0.7703480121275413
3795,468.22,428.65,0.78,0.0165,20263.454545454544,377.63,53.65954650174653,3,403.8829923320325,0.1025784728626854
3796,86.77,61.08,0.88,0.0847,634.5974025974026,438.43,1.4474315229281816,0,59.37915004940092,0.7770955789432725
3797,71.31,61.1,0.86,0.061,861.4098360655737,199.51,4.317627367377945,0,44.057191723939596,0.7542312955721867
3798,95.85,109.2,0.86,0.0121,7761.3223140495875,205.17,37.82873867548661,1,105.52345771953682,0.1299424057546473
3799,257.8,227.68,0.85,0.0989,1956.8048533872598,184.62,10.599094645148195,2,214.56607272426845,0.7456807462928491
3800,120.81,89.63,0.8,0.0895,801.1620111731843,314.95,2.5437752378891387,0,89.71510446719401,0.7714232365868624
3801,241.98,245.64,0.8,0.0819,2399.4139194139193,217.22,11.046008283831688,2,218.34166325097453,0.7388327327440333
3802,73.96,66.6,0.85,0.0262,2160.6870229007627,54.88,39.37111922195267,1,66.2011516084072,0.12547756804672613
3803,373.81,370.84,0.78,0.0236,12256.576271186443,45.03,272.18690364615685,3,357.1113493641689,0.1230287832040001
3804,265.85,217.74,0.85,0.0716,2584.9022346368715,214.5,12.050826268703364,2,221.0538444083464,0.741014577326017
3805,164.96,146.4,0.89,0.0293,4446.962457337884,43.04,103.32161843257165,1,170.60365424786494,0.09096225677562493
3806,324.78,285.39,0.84,0.083,2888.284337349397,418.98,6.89360909195999,2,312.055120613986,0.7241991210421911
3807,177.86,145.63,0.76,0.011,10061.709090909091,315.44,31.89737855347797,1,141.5263267142791,0.11033394938964029
3808,104.5,101.1,0.78,0.0683,1154.5827232796487,394.0,2.9304130032478395,0,93.40465535752497,0.7341513063238106
3809,189.61,199.22,0.84,0.0204,8203.176470588234,347.12,23.63210552716131,1,190.54961526812372,0.1463470470226702
3810,183.09,143.01,0.85,0.0289,4206.176470588235,45.02,93.42906420675777,1,146.0981671119122,0.09735836770176359
3811,84.53,96.47,0.84,0.0771,1051.0350194552527,382.4,2.748522540416456,0,95.48077590988515,0.7633787121058639
3812,67.47,52.04,0.85,0.0135,3276.592592592592,196.55,16.670529598537737,1,61.34387858741721,0.1323020981223419
3813,65.34,61.28,0.76,0.0771,604.0570687418937,190.95,3.163430577333824,0,77.35125188474848,0.7660160577743593
3814,106.45,92.29,0.86,0.0784,1012.3647959183673,196.98,5.1394293629727255,0,75.03214651758488,0.7400403812668812
3815,226.52,183.34,0.75,0.0178,7725.0,454.9,16.981754231699277,1,201.30172555158546,0.13248971913787377
3816,90.79,73.54,0.88,0.0711,910.199718706048,411.84,2.210080902064025,0,61.822262929481056,0.7715311232227243
3817,377.95,335.05,0.8,0.0131,20461.068702290075,377.06,54.26475548265548,3,359.5469135638755,0.14367852558408892
3818,130.66,130.29,0.78,0.0883,1150.9195922989807,441.45,2.607134652393206,0,134.5176599344481,0.7565518880064395
3819,461.23,526.99,0.8,0.0881,4785.380249716232,361.44,13.239763860436677,2,439.5967413900031,0.7501262531429959
3820,63.74,63.39,0.78,0.0779,634.7137355584083,44.39,14.298574804199331,0,57.645103025568545,0.7637685819795452
3821,89.55,71.57,0.77,0.0136,4052.125,391.66,10.346027166419853,1,79.73408704210806,0.10797474051612144
3822,176.01,136.27,0.77,0.0886,1184.2878103837475,433.69,2.7307242739831388,0,139.62064904925904,0.7190079506133372
3823,475.6,458.18,0.76,0.0281,12392.056939501781,328.73,37.696763117153225,3,432.19666553353505,0.11684481328068674
3824,324.14,311.01,0.87,0.0193,14019.621761658029,375.46,37.33985447626386,3,292.7524329927063,0.14484707230142221
3825,363.47,308.98,0.87,0.024,11200.525000000001,349.19,32.075732409290076,3,348.34715279165107,0.14483756004574852
3826,78.38,70.1,0.87,0.076,802.4605263157895,344.06,2.332327286856332,0,91.43969999266616,0.770382878328038
3827,269.48,231.93,0.88,0.0943,2164.352067868505,443.63,4.878732429881895,2,262.382597588755,0.7250358815690428
3828,337.89,319.68,0.89,0.0942,3020.3312101910824,344.56,8.765762741441497,2,307.6927515606908,0.7481676543620149
3829,121.76,127.46,0.82,0.0148,7061.972972972972,411.5,17.161538208925812,1,127.72819029975994,0.14143711993667726
3830,223.26,196.17,0.88,0.0823,2097.565006075334,203.43,10.310991525710731,0,182.88381845032336,0.7424316547768801
3831,180.51,194.62,0.87,0.0636,2662.254716981132,328.55,8.103042815343576,0,183.2161787335235,0.7408967748994244
3832,300.16,223.18,0.86,0.0105,18279.50476190476,203.95,89.62738299536534,3,250.78426454052288,0.11896553934557336
3833,174.31,160.35,0.86,0.0841,1639.7265160523186,52.43,31.274585467333942,0,175.07545569193562,0.740644365035469
3834,385.93,341.89,0.78,0.0951,2804.1451104100947,226.28,12.392368350760538,2,348.80922996396004,0.7409906803171961
3835,180.55,138.6,0.8,0.0902,1229.2682926829268,50.49,24.34676753184644,0,162.69763549638907,0.7474220904444158
3836,78.01,59.64,0.86,0.0796,644.3517587939698,211.99,3.0395384631066076,0,52.08921959884552,0.7607328014581054
3837,75.15,75.32,0.75,0.0524,1078.0534351145036,209.07,5.156423375493871,0,65.46075214026585,0.7784081148740973
3838,421.61,324.18,0.76,0.0956,2577.163179916318,360.62,7.146478786302251,2,381.945488736944,0.7505357334071356
3839,378.12,305.14,0.8,0.0893,2733.6170212765956,50.61,54.01337722340635,2,322.8503510899793,0.7688302245940015
3840,52.32,53.08,0.85,0.0654,689.8776758409786,398.42,1.7315337479066777,0,45.60794126806785,0.774315019384162
3841,84.15,78.82,0.84,0.0285,2323.115789473684,212.18,10.948797198009633,1,95.0512397008261,0.14190293223614428
3842,490.42,487.95,0.89,0.0264,16449.829545454548,44.24,371.8315900871281,3,461.9441558961003,0.10988636665056933
3843,109.64,107.75,0.78,0.0984,854.1158536585366,374.64,2.279830914100301,0,118.1696352867171,0.7057315734827124
3844,190.63,205.17,0.76,0.0887,1757.9391206313414,448.58,3.9188976785218723,0,192.11042726001244,0.7077203810166773
3845,52.71,48.78,0.87,0.0167,2541.2335329341317,370.69,6.855414316367131,1,66.08847787497555,0.11226747189752376
3846,309.78,278.01,0.89,0.0248,9976.971774193547,215.45,46.30759700252285,3,279.7702597504933,0.12464640171762906
3847,346.31,317.35,0.81,0.0106,24250.33018867925,343.38,70.6224305104527,3,332.5894790520237,0.12183532219428589
3848,283.22,245.7,0.89,0.057,3836.368421052631,356.11,10.772987057517708,2,233.7575436085583,0.7383938460459596
3849,433.55,302.49,0.77,0.0223,10444.72197309417,213.67,48.882491566874954,3,373.51403918725555,0.11979848694244927
3850,126.5,115.82,0.84,0.0146,6663.616438356164,176.66,37.72000700982771,1,94.22660500604779,0.10761492207877042
3851,480.49,328.75,0.8,0.0127,20708.661417322834,373.77,55.404824938659694,3,415.0407635029492,0.11175174174957098
3852,83.11,78.97,0.87,0.0739,929.6874154262518,356.87,2.6051150711078317,0,93.48742740248957,0.7712689227538927
3853,80.15,72.2,0.77,0.0673,826.0624071322437,364.29,2.2675956164930238,0,70.73102016755344,0.7603032020364643
3854,158.25,156.1,0.82,0.0817,1566.7319461444306,454.88,3.4442752949007005,0,161.20244452816084,0.7053482438527304
3855,308.21,272.18,0.87,0.0539,4393.25788497217,371.86,11.814279258248185,2,295.510991018985,0.7396130241214123
3856,82.25,78.01,0.85,0.0239,2774.4142259414225,344.66,8.049713415950276,1,74.91490361498185,0.12492533817735546
3857,119.35,122.96,0.82,0.0543,1856.854511970534,214.16,8.670407695043584,0,126.10669891540057,0.7394251072114085
3858,51.94,36.89,0.87,0.0567,566.037037037037,50.75,11.153439153439152,0,26.492679590206222,0.7452701726038036
3859,315.21,229.57,0.84,0.0887,2174.0563697857947,311.08,6.988737205174858,2,266.6890578857193,0.7524689733448668
3860,65.08,55.27,0.83,0.0806,569.1575682382133,394.09,1.4442324551199304,0,37.50206244848752,0.7796535414983639
3861,106.08,103.29,0.84,0.0535,1621.7495327102804,440.42,3.682279489374416,0,113.6613280584184,0.7017463322747869
3862,195.56,173.55,0.77,0.0256,5220.05859375,221.17,23.602019232942986,1,175.76538175026062,0.13372749069976717
3863,440.13,305.76,0.81,0.0567,4368.0,189.38,23.064737564684762,2,378.44766852928893,0.7387613639989462
3864,238.04,262.29,0.82,0.0835,2575.782035928143,336.83,7.6471277378147535,2,231.7237881561894,0.740315565067
3865,70.2,59.98,0.87,0.0261,1999.3333333333328,310.33,6.442604109603754,1,46.105196238993614,0.10696697041192749
3866,103.04,81.83,0.79,0.0552,1171.1177536231885,394.17,2.9710981394403135,0,71.56496827158412,0.7198859613443805
3867,54.46,51.39,0.75,0.0841,458.29369797859704,57.34,7.992565364119236,0,67.2680604931982,0.7781526571001475
3868,130.63,131.58,0.87,0.0977,1171.6949846468783,57.28,20.45556886604187,0,119.53494525680817,0.7485845452832365
3869,96.31,89.22,0.88,0.0777,1010.4710424710424,219.46,4.604351783792228,0,86.75994403536329,0.7811858912229066
3870,348.69,305.89,0.9,0.0661,4164.916792738275,395.3,10.5360910517032,2,295.08140982431246,0.7565150495979027
3871,95.9,80.28,0.85,0.0635,1074.6141732283465,384.84,2.792366108586287,0,67.30493689264698,0.7887794972908343
3872,54.84,57.3,0.78,0.0664,673.1024096385543,455.63,1.4773004623017674,0,66.69292879423946,0.6678130732923664
3873,168.89,155.07,0.77,0.0619,1928.9806138933766,56.81,33.95494831708108,0,131.58992723284783,0.7391522356283856
3874,160.24,143.13,0.86,0.0743,1656.6864064602958,381.12,4.346889185716561,0,164.6904917835998,0.7338830481283856
3875,95.06,103.78,0.89,0.0639,1445.449139280125,324.28,4.457410692241659,0,105.5025608419824,0.742305356177136
3876,172.44,152.27,0.83,0.0245,5158.534693877551,204.98,25.16603909589985,1,155.9241403742144,0.12486568677587717
3877,212.32,169.99,0.87,0.0826,1790.4515738498787,53.56,33.42889420929572,0,191.7340917874031,0.7515505275076556
3878,157.9,138.04,0.75,0.0537,1927.932960893855,386.53,4.987796447607831,0,140.98403523237337,0.7306444956695928
3879,110.58,116.41,0.88,0.0184,5567.434782608696,300.14,18.549459527582783,1,119.25633122897224,0.12270770772440777
3880,229.66,227.58,0.89,0.0694,2918.5331412103747,42.78,68.22190605914854,2,206.80605028728502,0.737501091248152
3881,94.39,104.74,0.85,0.0519,1715.3949903660885,369.28,4.645242066632606,0,103.22859016149218,0.7671753333547958
3882,211.78,229.79,0.75,0.0204,8448.161764705881,384.46,21.97409812387734,1,208.11800234355906,0.1308528875569208
3883,295.29,239.94,0.76,0.0227,8033.233480176211,216.17,37.161648148106636,1,246.2868806627826,0.11789272130980509
3884,163.42,156.01,0.75,0.0556,2104.451438848921,218.31,9.639739081347264,0,164.91299606855446,0.7276942453647873
3885,79.06,74.7,0.77,0.0156,3687.1153846153848,455.32,8.097855101061638,1,89.48439735514981,0.11117524138031952
3886,406.64,438.73,0.78,0.0292,11719.5,365.49,32.065172781745055,2,385.4038232286217,0.1506909059994193
3887,176.06,193.0,0.78,0.0221,6811.764705882352,44.8,152.0483193277311,1,177.51548866692923,0.1362727104629037
3888,398.63,381.7,0.81,0.0876,3529.4178082191784,437.28,8.071299415063983,2,359.3787399583148,0.732653151974009
3889,140.46,137.54,0.83,0.09,1268.4244444444444,403.46,3.1438666644635016,0,126.34567290283447,0.7385020227140566
3890,83.08,73.7,0.85,0.0691,906.5846599131694,47.45,19.10610452925541,0,93.88645988064555,0.763237791071856
3891,211.49,160.5,0.75,0.0755,1594.3708609271523,308.86,5.1621150713175945,0,170.3011493741359,0.7253652156401494
3892,78.93,69.32,0.79,0.0783,699.397190293742,407.92,1.7145449850307461,0,50.894117085042126,0.7774790894663155
3893,80.97,66.65,0.85,0.0977,579.8618219037871,359.77,1.6117570167156439,0,76.23975792007482,0.7816129434206621
3894,207.33,213.8,0.89,0.0942,2019.9787685774947,313.12,6.451133011553062,0,207.91717636356273,0.7299375827440164
3895,145.28,100.93,0.87,0.0771,1138.8988326848248,348.45,3.2684713235322853,0,111.79507312561012,0.7756042258775855
3896,366.49,416.92,0.84,0.0778,4501.449871465296,47.96,93.85842100636565,2,351.47151668211075,0.7505567588029933
3897,151.71,142.25,0.85,0.0178,6792.837078651685,48.05,141.3701785359352,1,137.6508452890904,0.10609754652736385
3898,183.24,178.85,0.88,0.0518,3038.3783783783783,183.38,16.568755471580207,0,184.02698962369027,0.7175229386456139
3899,64.93,66.29,0.76,0.0982,513.0386965376783,370.72,1.3838980808633963,0,77.70260026526708,0.7502830196756781
3900,406.0,411.18,0.88,0.0137,26411.562043795624,329.5,80.15648571713392,3,367.9648768505489,0.1361258143072628
3901,221.18,162.97,0.89,0.076,1908.4644736842106,47.15,40.476446949824194,0,178.91363469491017,0.7457315472103607
3902,227.05,179.58,0.89,0.0258,6194.813953488372,52.91,117.08210080303104,1,203.69928316962276,0.1399753285126023
3903,64.09,60.43,0.81,0.0174,2813.120689655173,199.64,14.090967189216455,1,77.05463612475555,0.14712888411270525
3904,233.88,221.15,0.81,0.0102,17561.91176470588,326.52,53.78510279525261,3,229.4856995394799,0.13175325126708273
3905,246.17,210.75,0.76,0.0916,1748.5807860262012,443.44,3.9432184422384116,0,202.56728892300913,0.7572940804275582
3906,63.75,64.38,0.75,0.0203,2378.571428571429,314.01,7.574827007329159,1,77.78513715833832,0.12609672835276023
3907,331.04,366.82,0.89,0.0166,19666.855421686745,188.39,104.39437030461673,3,318.2619884537024,0.1351442959952275
3908,410.43,340.34,0.88,0.0542,5525.8154981549815,194.35,28.43228967406731,2,349.68592498437835,0.7291502823545692
3909,446.75,471.61,0.8,0.0227,16620.616740088106,373.38,44.513944882125735,3,425.56864746214274,0.12412661979442373
3910,59.32,56.57,0.87,0.0841,585.2068965517242,392.07,1.492608198922958,0,72.8321576757348,0.7743168241452715
3911,131.43,116.05,0.86,0.0826,1208.2687651331717,172.55,7.002426920505196,0,138.1400245409509,0.731011814092403
3912,50.35,52.13,0.85,0.0871,508.7313432835821,46.25,10.99959661153691,0,64.49084188527121,0.7613093271779637
3913,168.87,120.82,0.9,0.0202,5383.0693069306935,454.58,11.841852494457948,1,132.25167230905325,0.11500334012713775
3914,137.55,109.04,0.77,0.081,1036.553086419753,339.89,3.0496722069485807,0,122.34582879588326,0.7641565121869582
3915,78.5,54.12,0.75,0.0597,679.8994974874371,372.2,1.826704721889944,0,50.63687486668374,0.7784646207461816
3916,91.45,86.69,0.83,0.0564,1275.7570921985814,392.75,3.2482675803910412,0,101.50154487642163,0.7621472315608557
3917,52.99,47.15,0.86,0.0862,470.4060324825986,49.93,9.421310484330034,0,28.166729821528634,0.7568060775680223
3918,477.76,366.92,0.8,0.0914,3211.5536105032825,349.11,9.199259862230479,2,433.72553667593985,0.7331435574880161
3919,60.11,65.76,0.82,0.0294,1834.122448979592,47.73,38.42703643368096,1,73.23440494838708,0.10598879853589041
3920,70.74,74.46,0.77,0.0218,2630.0091743119265,221.56,11.870415121465637,1,82.75394611717839,0.14298202375421012
3921,168.87,152.07,0.84,0.0111,11507.999999999998,50.9,226.090373280943,3,133.44092037324594,0.10359422464701944
3922,188.89,187.52,0.75,0.0217,6481.105990783411,381.27,16.998730534223544,1,189.55988144407888,0.13149330600744732
3923,107.74,80.13,0.75,0.0755,795.9933774834436,56.69,14.04116030134845,0,75.75882695845405,0.7759374446095003
3924,49.98,49.18,0.79,0.0134,2899.4179104477616,386.92,7.49358500580937,1,44.53911280401488,0.0998824060823852
3925,166.6,134.92,0.77,0.0723,1436.9073305670813,389.48,3.6892968331289957,0,150.9774276769973,0.7225846282130374
3926,171.72,155.05,0.76,0.073,1614.219178082192,56.1,28.77396039362196,0,172.80858770786443,0.7222296948688729
3927,233.57,221.71,0.77,0.0283,6032.39222614841,47.81,126.17427789475863,1,208.98490960614993,0.10926005955520508
3928,278.49,224.38,0.86,0.0228,8463.456140350876,198.64,42.607008358592815,1,250.82562562060843,0.1339352127113603
3929,70.48,61.37,0.85,0.056,931.5089285714286,359.87,2.5884595230817475,0,42.83351443691299,0.7791486053517259
3930,98.67,84.64,0.8,0.0743,911.3324360699864,56.44,16.14692480634278,0,107.38775238812875,0.7666772609675554
3931,51.91,40.77,0.9,0.0584,628.3047945205481,203.35,3.0897703197469784,0,26.71321384535986,0.6716407324856456
3932,469.04,408.43,0.79,0.075,4302.129333333334,425.0,10.122657254901963,2,443.25137760115734,0.7306424665198032
3933,283.52,199.89,0.8,0.0817,1957.3072215422278,223.0,8.777162428440484,2,237.0130418427583,0.7303617390507499
3934,172.8,139.31,0.78,0.0655,1658.958778625954,355.5,4.66655071343447,0,156.00527147570446,0.7282119132755812
3935,110.4,103.04,0.87,0.0214,4189.009345794393,420.3,9.966712695204361,1,98.27314104743164,0.14472420905083042
3936,78.08,86.29,0.81,0.0143,4887.755244755245,341.25,14.323092292323063,1,90.28537480842377,0.12041009514725257
3937,123.86,89.79,0.83,0.0161,4628.92546583851,437.3,10.585240031645347,1,89.10478888432817,0.1385444616557962
3938,165.82,149.67,0.84,0.0179,7023.620111731842,301.61,23.287092973481787,1,169.42534213990928,0.12393325899063579
3939,77.3,66.35,0.8,0.0759,699.3412384716734,45.62,15.32970711248736,0,88.03602321941418,0.7643405457146757
3940,79.97,62.54,0.78,0.0185,2636.8216216216215,170.97,15.422715222680129,1,53.61920063575991,0.11234231847581871
3941,77.34,75.21,0.85,0.0206,3103.325242718446,217.24,14.2852386426001,1,89.13552561485578,0.1305650913674992
3942,188.21,168.89,0.81,0.0976,1401.6485655737702,363.4,3.857040631738498,0,149.89452153929585,0.7519134710307404
3943,292.05,295.9,0.83,0.0191,12858.48167539267,383.03,33.57042966710877,3,282.83888950393276,0.1413200414688121
3944,172.39,171.79,0.78,0.0157,8534.789808917198,172.07,49.60068465692566,1,157.54386410694383,0.12344992884525607
3945,132.0,125.9,0.8,0.0702,1434.7578347578349,226.84,6.324977229579593,0,117.50916302064695,0.7644875647728929
3946,173.38,146.92,0.89,0.0158,8275.873417721517,49.33,167.76552640830158,1,136.81121780269547,0.09884806481177216
3947,356.29,307.05,0.82,0.026,9683.884615384615,184.61,52.455904963894774,2,320.54668071325744,0.13627580096234124
3948,498.68,502.34,0.89,0.0153,29221.08496732026,55.55,526.0321326250272,3,451.7182410835771,0.15055574827070248
3949,96.22,107.34,0.77,0.0207,3992.8405797101454,401.84,9.936394036706515,1,106.78530961777746,0.12631510534175333
3950,57.35,56.38,0.87,0.0894,548.6644295302013,348.98,1.5721944797128813,0,71.65935515883764,0.7752386117441552
3951,424.53,451.36,0.8,0.0773,4671.254851228979,367.15,12.723014711232409,2,404.05784504320445,0.7436807450987694
3952,158.81,163.05,0.86,0.0921,1522.5081433224757,56.8,26.80472083314218,0,163.84132299328238,0.7352709477407227
3953,184.86,145.78,0.9,0.0818,1603.9364303178484,374.12,4.287224501009965,0,166.7801246273732,0.7586964046357785
3954,77.44,65.28,0.76,0.093,533.4709677419354,44.33,12.03408454188891,0,50.40597865852706,0.7484491578117313
3955,101.19,82.79,0.81,0.0767,874.3142112125164,193.22,4.524967452709432,0,72.61900087335063,0.752618268548792
3956,329.95,278.87,0.86,0.0859,2791.9464493597206,178.63,15.62977355068981,2,298.6317325497904,0.7274308931579181
3957,125.83,106.75,0.88,0.0585,1605.8119658119658,327.99,4.895917454227159,0,93.70897168622292,0.748696801748362
3958,117.59,102.75,0.77,0.0668,1184.3937125748505,333.42,3.5522575507613534,0,87.23618184169976,0.7401952367188565
3959,93.79,96.02,0.8,0.0689,1114.8911465892597,206.76,5.392199393447765,0,101.61388530042683,0.7689839433439504
3960,237.78,245.81,0.86,0.0977,2163.7318321392017,319.94,6.762930024814659,2,214.98226424496505,0.7397047877227123
3961,344.7,305.51,0.86,0.0204,12879.343137254898,421.29,30.57120543391701,3,291.5722725131295,0.12287536398288458
3962,281.93,254.35,0.75,0.0948,2012.262658227848,46.93,42.87795990257507,2,273.1207677358469,0.7303759235478143
3963,84.78,78.04,0.85,0.0147,4512.517006802722,317.21,14.225645492899726,1,95.94564368840217,0.11802720151221496
3964,403.21,322.36,0.78,0.089,2825.1775280898883,51.68,54.66674783455666,2,366.02199745645464,0.7510278052151534
3965,72.88,78.44,0.88,0.0592,1165.9999999999998,42.83,27.22390847536773,0,86.02778735119699,0.737146490298802
3966,73.57,65.57,0.88,0.0557,1035.935368043088,46.56,22.24947096312474,0,46.28833963262741,0.7467307271754392
3967,64.99,65.16,0.87,0.0278,2039.1798561151081,45.43,44.8861953800376,1,58.25750796808127,0.10481570111403857
3968,327.96,305.09,0.88,0.096,2796.6583333333333,49.57,56.41836460224598,2,316.15265139557755,0.7481541298452196
3969,114.89,110.04,0.78,0.0153,5609.8823529411775,42.98,130.52308871431313,1,103.27087807872859,0.13488725359968104
3970,110.65,86.02,0.81,0.0506,1376.9999999999998,357.8,3.8485187255449964,0,99.32572609933129,0.7332488899223499
3971,117.98,129.5,0.88,0.0979,1164.0449438202245,341.24,3.4112206770021816,0,127.5694361834507,0.7479430450765979
3972,93.96,80.39,0.82,0.0663,994.2654600301659,174.22,5.70695362203057,0,86.61551036126822,0.7840037318905444
3973,133.96,126.62,0.9,0.0793,1437.049180327869,217.39,6.6104658923035515,0,139.81126252320178,0.7527381121494632
3974,161.42,133.79,0.83,0.0825,1346.0084848484846,49.2,27.35789603350578,0,127.27369390614291,0.755918082599331
3975,155.29,176.61,0.85,0.0911,1647.8430296377608,47.34,34.80868250185384,0,160.96411971410058,0.733817937321642
3976,76.6,63.85,0.81,0.0669,773.0717488789238,422.12,1.8314027974957923,0,68.96456887227191,0.7661116318363184
3977,173.58,155.14,0.81,0.0847,1483.629279811098,434.08,3.417870622491472,0,137.40038112681037,0.7302217771973945
3978,486.31,418.2,0.81,0.0203,16686.798029556652,184.91,90.24281017552676,3,422.71908250123676,0.10350782804172293
3979,87.75,78.11,0.85,0.0579,1146.692573402418,359.37,3.190841120300576,0,77.88572093100623,0.7737690217515458
3980,74.07,67.97,0.78,0.0899,589.7285873192437,377.19,1.563478849702388,0,67.35242099768637,0.762163098829788
3981,160.01,110.84,0.82,0.0262,3469.038167938931,228.93,15.153270291962308,1,125.1042867994922,0.10702895236996442
3982,96.18,79.66,0.81,0.0886,728.2686230248308,368.91,1.9741091947218312,0,87.10946604118324,0.7676185977894175
3983,194.33,161.89,0.89,0.0503,2864.455268389662,51.48,55.64209923056841,1,155.28639402497961,0.7315711109112785
3984,67.08,53.52,0.77,0.0971,424.41194644696185,300.38,1.4129167935513745,0,42.440930803395446,0.7746370436121661
3985,371.35,383.46,0.8,0.098,3130.2857142857138,206.52,15.1573005727567,2,335.8922624446044,0.7460352985076925
3986,108.89,99.99,0.79,0.094,840.3414893617021,328.58,2.557494337335511,0,116.45631588660518,0.7449744951500734
3987,496.88,345.74,0.76,0.0501,5244.758483033933,226.19,23.187402108996565,2,429.07732974221165,0.6681559589523696
3988,60.89,45.46,0.86,0.0935,418.13475935828876,209.07,1.9999749335547365,0,35.41100880409928,0.7756816326378113
3989,75.25,69.35,0.87,0.0674,895.1706231454004,198.08,4.519237798593499,0,67.50642945883594,0.7615060239674796
3990,50.93,48.81,0.77,0.0713,527.1206171107995,446.73,1.1799534777400207,0,43.81832129381536,0.7651371798800818
3991,280.46,226.39,0.8,0.0145,12490.482758620688,370.82,33.68341178636721,1,250.24745363468827,0.13537254529601583
3992,73.58,70.87,0.77,0.0598,912.5401337792644,394.91,2.3107546878510656,0,83.99163066889574,0.7630220342362506
3993,380.94,333.43,0.82,0.0668,4093.002994011976,398.96,10.259181356556988,2,363.2355068638674,0.7368179027761761
3994,120.38,128.69,0.85,0.0191,5727.041884816754,361.11,15.85954940272148,1,127.5989445545964,0.13927869277309302
3995,113.29,78.8,0.89,0.0647,1083.9567233384855,216.06,5.016924573444809,0,84.1476937249597,0.7395638094260819
3996,369.68,382.05,0.81,0.0531,5827.881355932204,192.44,30.284147557328023,2,352.326977781326,0.7216809361059852
3997,114.34,108.35,0.87,0.053,1778.5754716981132,194.35,9.151404536650956,0,101.78381106795379,0.7376398365824376
3998,91.35,79.61,0.82,0.0975,669.5405128205127,384.52,1.7412371601490502,0,63.53003448711509,0.7768164517588878
3999,260.89,256.0,0.76,0.0299,6507.023411371238,225.39,28.870062608683785,1,253.8732148814662,0.13654778406726492
4000,118.89,96.3,0.77,0.0706,1050.2974504249291,382.43,2.7463782925631595,0,104.1712376457509,0.7376792721778058
4001,149.89,142.8,0.82,0.0684,1711.9298245614036,186.29,9.189595923352856,0,135.16624970982957,0.7472806348560666
4002,108.19,88.8,0.87,0.0265,2915.3207547169814,50.76,57.433427003880645,1,79.1546284125092,0.09111356187918838
4003,180.01,164.83,0.82,0.0106,12751.0,343.94,37.073326743036574,1,161.84626257314284,0.12954560874238036
4004,89.03,81.52,0.88,0.0808,887.8415841584159,354.07,2.5075312343842064,0,62.32821328440468,0.7752959704813448
4005,130.19,121.28,0.82,0.0606,1641.0825082508247,384.92,4.263437878652251,0,135.117933864664,0.7461783062716715
4006,393.96,402.81,0.82,0.0193,17114.20725388601,52.16,328.1098016465876,3,375.96767983725033,0.1302843539588393
4007,94.17,87.08,0.85,0.0972,761.5020576131687,217.18,3.506317605733349,0,105.68871832716903,0.7719200148002485
4008,66.25,50.64,0.77,0.0712,547.6516853932585,49.44,11.077097196465585,0,40.31856548869055,0.7710813245520973
4009,269.88,214.95,0.86,0.0667,2771.4692653673164,390.84,7.091058400796532,2,242.23344448371907,0.7311220846339467
4010,141.35,98.73,0.89,0.088,998.5193181818184,212.37,4.701790828185801,0,109.3629179699615,0.7717500218503516
4011,54.34,56.86,0.85,0.0914,528.7855579868708,51.99,10.1709089822441,0,69.50081067346726,0.7995914330350647
4012,255.84,225.25,0.88,0.0882,2247.392290249433,305.75,7.350424497953991,2,230.08424984287234,0.7416960063572158
4013,407.69,313.47,0.89,0.0914,3052.388402625821,56.97,53.57887313719188,2,369.4656840652762,0.762026371636966
4014,453.91,406.53,0.8,0.0136,23913.529411764706,213.79,111.85522901803034,3,430.07259913446313,0.13361116562635242
4015,87.17,79.9,0.83,0.0518,1280.2509652509652,397.94,3.217195972385197,0,58.899880856461834,0.77214096815738
4016,140.56,149.31,0.9,0.0761,1765.821287779238,324.7,5.438316254324724,0,147.4159118813453,0.7672615024985561
4017,262.71,182.43,0.83,0.0567,2670.492063492063,45.62,58.53774799412677,0,216.35806144926914,0.75284862304765
4018,182.35,206.41,0.89,0.0569,3228.5571177504394,49.4,65.35540724191173,0,183.9044688790811,0.7146174173065795
4019,59.99,63.29,0.76,0.0592,812.5067567567568,369.27,2.200305350439399,0,69.9094938959468,0.7593522926437832
4020,99.94,93.67,0.87,0.0742,1098.2870619946093,53.26,20.621236612741445,0,106.71411984368402,0.7674245533566005
4021,433.01,350.08,0.9,0.0116,27161.37931034483,410.58,66.15368335122224,3,372.9882576407938,0.11624403703829278
4022,367.89,297.98,0.79,0.0702,3353.336182336183,401.12,8.359932644436036,2,314.6666136353873,0.7468954068151212
4023,57.15,46.82,0.86,0.0758,531.2031662269129,377.71,1.4063783490691615,0,32.59026901094501,0.7878092936106234
4024,73.7,65.41,0.87,0.0952,597.7594537815125,54.37,10.994288279961607,0,66.72894057843416,0.7598311467195833
4025,292.18,227.18,0.89,0.064,3159.221875,176.56,17.893191408019938,2,262.9857867044283,0.7387353790116343
4026,416.32,383.13,0.81,0.0978,3173.1625766871166,389.12,8.154714681042137,2,395.8922566747027,0.7451000580398687
4027,154.74,159.1,0.89,0.0848,1669.7995283018868,365.61,4.56716043954456,0,160.43225865522817,0.7279480166649952
4028,56.18,49.57,0.79,0.0692,565.900289017341,206.51,2.7403045325521336,0,71.03119959598929,0.7727714211224249
4029,68.77,53.74,0.84,0.0116,3891.5172413793102,395.25,9.845710920630767,1,41.76777191027887,0.11569575108997077
4030,91.05,85.04,0.85,0.0725,997.0206896551725,192.95,5.167248974631628,0,101.89752038094917,0.77510655486014
4031,307.29,219.54,0.77,0.0569,2970.927943760984,320.2,9.27835085496872,2,257.21546140587304,0.7249830298789974
4032,350.0,308.79,0.86,0.0501,5300.586826347307,428.17,12.379631516330678,2,294.53599568518104,0.7257401278896832
4033,258.81,272.52,0.82,0.0178,12554.29213483146,322.18,38.96670226218716,3,252.69914323916248,0.13047152406489648
4034,156.98,152.19,0.79,0.023,5227.395652173914,343.78,15.205642132101676,1,163.07597731277,0.12117563115054629
4035,53.28,49.32,0.9,0.0269,1650.1115241635687,341.16,4.83676727683072,1,65.77041624848026,0.10139837337065176
4036,79.84,70.97,0.86,0.0201,3036.5273631840796,370.3,8.200181915160895,1,92.47906236541385,0.1333555594106857
4037,84.87,83.41,0.8,0.0689,968.4760522496371,174.15,5.561160219636158,0,75.68060509152072,0.7778834179565536
4038,142.96,130.23,0.8,0.0609,1710.7389162561576,42.88,39.895963532093226,0,127.3810785819076,0.7541007478072506
4039,430.57,393.18,0.81,0.0758,4201.527704485488,208.72,20.129971753955004,2,389.30435349744414,0.7484145465021618
4040,481.89,373.04,0.75,0.0924,3027.9220779220786,48.26,62.74185822465974,2,418.0587028512575,0.7480282333207982
4041,217.56,206.74,0.79,0.0139,11749.971223021585,403.85,29.09488974377017,1,212.7844580529552,0.14021769949880655
4042,305.16,267.51,0.86,0.0911,2525.341383095499,320.17,7.887501586955365,2,276.8486870537378,0.7404979986287973
4043,73.24,66.3,0.77,0.0645,791.4883720930233,372.0,2.1276569142285573,0,66.28231123062089,0.7662384650402377
4044,76.35,71.93,0.76,0.022,2484.854545454546,423.73,5.864240307399868,1,87.06003830908205,0.13092119957352993
4045,178.34,199.21,0.8,0.0544,2929.558823529412,373.15,7.850887909766615,0,178.54820129658077,0.7248880272563168
4046,133.89,112.11,0.85,0.0273,3490.604395604395,371.43,9.397744919915986,1,102.6681037869477,0.1203585757347986
4047,355.1,278.33,0.84,0.0281,8320.185053380783,346.6,24.005150182864345,2,320.85535236751014,0.14280594700002525
4048,143.44,148.38,0.81,0.0617,1947.938411669368,359.22,5.422689192331629,0,128.562064499369,0.7568915414208535
4049,364.62,313.27,0.88,0.0987,2793.0861195542047,177.23,15.759668902297607,2,349.9453748969373,0.7324310950136994
4050,58.39,44.89,0.86,0.0135,2859.6592592592597,190.6,15.00345886285026,1,54.30000965249904,0.12585184877015923
4051,106.34,88.52,0.78,0.0767,900.2033898305083,319.37,2.8186848790760193,0,74.92193894892137,0.7554484144060435
4052,93.29,64.65,0.82,0.0697,760.5882352941177,394.2,1.9294475781180054,0,63.86988343426938,0.7864493042426467
4053,59.58,58.66,0.81,0.0842,564.3064133016627,221.64,2.5460495095725624,0,54.70627399258933,0.781922424400637
4054,81.7,72.39,0.85,0.0798,771.0714285714287,43.34,17.791218933350915,0,74.82208888566333,0.7545797299763558
4055,252.23,244.28,0.81,0.0635,3116.012598425197,360.76,8.637356132678782,2,225.7019649958577,0.7411110927063431
4056,440.8,447.96,0.84,0.0662,5684.0845921450145,44.65,127.30312636383012,2,417.62683864975645,0.7391258906916482
4057,77.13,66.53,0.85,0.0501,1128.75249500998,51.7,21.832736847388393,0,47.300464096894174,0.6931313414536264
4058,190.11,194.8,0.81,0.0926,1703.9740820734344,47.51,35.86558791987864,0,173.0921210108997,0.7218937907729994
4059,297.77,325.69,0.78,0.0659,3854.9044006069803,228.22,16.89117693719648,2,286.4327439377995,0.7271073599874859
4060,149.97,119.54,0.87,0.0273,3809.5164835164837,408.35,9.329047345454839,1,115.63404446337864,0.12394847878237232
4061,426.62,334.84,0.8,0.0138,19411.014492753624,357.81,54.249502509023294,3,386.1460425405319,0.13872906952514044
4062,276.61,236.02,0.87,0.0164,12520.573170731706,49.85,251.16495828950264,3,249.1405269418177,0.12861537704977655
4063,62.71,64.53,0.84,0.0535,1013.1813084112149,203.16,4.987110200882137,0,74.98463255338044,0.7694421542792154
4064,165.11,137.92,0.87,0.0161,7452.819875776398,54.14,137.65829101914292,1,148.35117810878353,0.10937909069487732
4065,492.99,556.13,0.83,0.0276,16724.19927536232,194.58,85.95024810033055,3,466.458303787069,0.10960736207312104
4066,313.37,293.73,0.89,0.073,3581.0917808219187,56.71,63.14744808361698,2,301.7332318555009,0.7446427360000216
4067,310.18,238.24,0.76,0.0165,10973.478787878787,52.52,208.9390477509289,3,259.11410205768453,0.10738199926785398
4068,92.84,84.8,0.81,0.0538,1276.728624535316,51.57,24.75719651997898,0,101.5894119822894,0.7646012598551244
4069,235.01,167.4,0.76,0.0736,1728.5869565217392,52.53,32.9066620316341,0,191.98616536311988,0.7384930571835687
4070,69.24,60.89,0.79,0.0564,852.8918439716313,44.03,19.370698250548063,0,41.346434709681546,0.7605365058946251
4071,151.92,168.79,0.89,0.0546,2751.3388278388275,182.61,15.066747866156438,0,154.9988505114946,0.75712310900721
4072,70.63,62.05,0.78,0.0871,555.6716417910449,342.03,1.624628371169327,0,64.04031334604058,0.7633416645719326
4073,98.78,81.14,0.76,0.0676,912.2248520710061,353.94,2.577343199612946,0,88.71867218881604,0.7568308514523052
4074,127.06,99.91,0.84,0.0215,3903.460465116279,314.17,12.424676019722694,1,95.64420873772363,0.11382694190287318
4075,58.85,63.09,0.79,0.0278,1792.8453237410076,382.06,4.692575312100214,1,72.65421354950777,0.12900462434452523
4076,57.25,64.25,0.76,0.0975,500.82051282051276,398.81,1.2557872491174062,0,72.15080034889195,0.7699075099339819
4077,91.16,66.51,0.75,0.0288,1732.0312500000002,372.9,4.644760659694289,1,62.20392977605843,0.12988738695922603
4078,73.66,64.33,0.88,0.074,765.0054054054054,393.37,1.9447477067529437,0,84.57857769598303,0.7775530102694759
4079,75.25,70.1,0.79,0.0932,594.195278969957,42.69,13.91883998524144,0,68.93584326523434,0.7742833871316956
4080,95.85,100.26,0.83,0.0811,1026.0887792848334,382.96,2.6793628036474657,0,106.82386396166541,0.7800850474889458
4081,62.6,45.33,0.76,0.0206,1672.3689320388348,47.42,35.26716431967176,1,37.195446015360744,0.10523316380267084
4082,364.82,325.33,0.85,0.0103,26847.621359223296,43.39,618.751356515863,3,311.06046878708884,0.11863863406846602
4083,101.82,78.76,0.8,0.0771,817.2243839169911,370.94,2.2031174419501567,0,90.0300073083957,0.7450042798368496
4084,79.31,74.98,0.9,0.0517,1305.2611218568666,53.68,24.315594669464726,0,71.18058533654538,0.7439094461554042
4085,284.85,223.93,0.8,0.0692,2588.78612716763,396.19,6.534203607278402,2,236.83312134025022,0.7383555314554375
4086,103.98,91.12,0.85,0.023,3367.478260869565,369.78,9.10670739593695,1,111.78025814720155,0.13450652581914155
4087,157.0,148.41,0.75,0.0203,5483.128078817735,226.63,24.194184701132837,1,142.21444361098162,0.1253729460296723
4088,97.0,85.56,0.81,0.051,1358.894117647059,173.62,7.8268293839825995,0,67.40235389265965,0.7678187649230501
4089,103.23,82.21,0.88,0.0293,2469.1058020477813,306.15,8.06501976824361,1,93.38667329538085,0.12936832799548084
4090,96.12,86.39,0.8,0.0208,3322.6923076923085,56.49,58.81912387488597,1,85.67002957646702,0.11592674531159741
4091,83.76,66.32,0.82,0.0537,1012.7076350093108,389.3,2.6013553429471123,0,74.07140670276698,0.7683150016434872
4092,146.31,133.86,0.83,0.0643,1727.8973561430796,402.2,4.296114759182197,0,112.67987792185221,0.7650226086089144
4093,303.77,267.46,0.86,0.0698,3295.3524355300856,440.78,7.476184117995566,2,254.93888727489087,0.7348697666848983
4094,81.97,66.52,0.85,0.0574,985.0522648083623,52.83,18.645698747082385,0,72.43818315764278,0.7637293427289066
4095,101.15,115.61,0.78,0.0141,6395.446808510639,225.88,28.313470907165925,1,109.1142043661178,0.1407009586736152
4096,294.55,231.01,0.88,0.0713,2851.175315568022,49.01,58.175378811834776,2,266.0713515738288,0.743348990734405
4097,49.75,39.16,0.85,0.0157,2120.1273885350315,49.24,43.05701438941981,1,45.19240922015466,0.11541562826727246
4098,268.42,226.57,0.77,0.0584,2987.3099315068494,172.49,17.318742718458168,2,222.1112086042261,0.7138623583421392
4099,124.28,95.9,0.87,0.0672,1241.5625000000002,199.67,6.2180723193268905,0,112.35656159985078,0.7473276139685358
4100,164.63,157.95,0.79,0.0774,1612.1511627906978,52.68,30.60271759283785,0,147.49083254444395,0.7420941801220913
4101,96.44,77.19,0.77,0.0633,938.962085308057,49.63,18.91924411259434,0,66.37444331177252,0.7722973010486451
4102,285.05,283.5,0.86,0.0173,14093.06358381503,212.51,66.31717840955734,3,256.7873467086279,0.13768367874120435
4103,341.47,319.23,0.8,0.0208,12278.076923076924,221.51,55.42899608630276,3,327.34967488498296,0.1370643033943945
4104,352.82,306.73,0.82,0.0574,4381.857142857143,386.88,11.326140257591872,2,298.47576781600833,0.7257065623231838
4105,98.01,76.02,0.85,0.0577,1119.8786828422874,53.65,20.87378719184133,0,87.44583653783376,0.7671156838145927
4106,438.63,413.91,0.86,0.0662,5377.078549848943,389.56,13.802953459926437,2,415.9727560468677,0.720128403673984
4107,73.69,53.9,0.83,0.0909,492.1562156215621,367.07,1.340769378106525,0,47.637037137975426,0.7874516820879711
4108,74.39,65.26,0.87,0.0265,2142.4981132075472,308.05,6.955033641316498,1,49.62340029962428,0.10530292685123654
4109,96.84,77.73,0.77,0.0865,691.9317919075146,170.82,4.050648588616758,0,68.40636509942445,0.7630701261040436
4110,77.45,62.02,0.89,0.0288,1916.5902777777778,54.69,35.04462018244246,1,50.87833870301465,0.10932010855425162
4111,315.22,222.42,0.77,0.016,10703.9625,329.57,32.47857056164093,1,265.41831575344975,0.12069735957616631
4112,391.86,351.86,0.82,0.0813,3548.8954489544894,204.52,17.352314927412916,2,372.9362503899095,0.7479973953416004
4113,125.04,105.56,0.86,0.0194,4679.4639175257735,426.1,10.982079130546287,1,113.00448850361343,0.1412451487562255
4114,173.93,158.52,0.83,0.0168,7831.642857142857,53.36,146.7699186121225,1,156.2145862684172,0.12418204456885863
4115,59.0,64.96,0.76,0.0788,626.5177664974619,193.02,3.2458696844755046,0,73.16919969265399,0.7580260188182024
4116,186.14,182.05,0.87,0.0819,1933.8644688644688,443.0,4.365382548226792,0,167.20909854622212,0.73768988828744
4117,285.25,206.65,0.89,0.0925,1988.308108108108,369.91,5.375113157546721,2,238.34368137652297,0.731829601378495
4118,88.41,85.46,0.85,0.0523,1388.9292543021031,200.21,6.93736204136708,0,97.92683271054979,0.7616097679151708
4119,112.31,97.92,0.82,0.0843,952.4839857651245,452.88,2.103170786444808,0,81.49487940239995,0.7669717118292577
4120,437.76,394.61,0.83,0.0702,4665.616809116809,366.59,12.72707059417008,2,376.8922637755318,0.7284052530507347
4121,74.35,68.22,0.77,0.0218,2409.6055045871562,42.57,56.603371026242804,1,83.91558844822777,0.11499161604292488
4122,86.68,90.51,0.79,0.024,2979.2875000000004,44.45,67.02559055118111,1,99.16255091786837,0.10536473877010147
4123,373.8,368.45,0.87,0.0895,3581.581005586592,176.36,20.308352265743885,2,358.21097246803146,0.7468923229476542
4124,73.12,60.07,0.8,0.0162,2966.4197530864203,46.61,63.643418860468145,1,47.14047589124749,0.09198781758690108
4125,78.82,84.17,0.85,0.0139,5147.086330935253,361.27,14.247201071041749,1,87.84192814155793,0.13682552711284754
4126,77.2,66.07,0.79,0.0148,3526.709459459459,427.63,8.247104879123212,1,87.20844237879544,0.1341302885199973
4127,424.59,378.01,0.85,0.012,26775.70833333333,346.58,77.25693442591417,3,404.38401438462415,0.1327524950958118
4128,125.09,124.52,0.89,0.0587,1887.9522998296422,54.77,34.47055504527373,0,111.21794833937986,0.73628694612556
4129,199.91,173.11,0.81,0.0146,9604.04794520548,185.86,51.67356044983041,1,159.67229259623397,0.1220975725956335
4130,166.49,153.2,0.89,0.0588,2318.843537414966,396.79,5.844006999710087,0,147.2887152799891,0.72357333288554
4131,311.22,266.49,0.84,0.0839,2668.0762812872467,50.96,52.3562849546163,2,260.9937044663421,0.7493143884298363
4132,266.73,213.85,0.76,0.081,2006.493827160494,55.12,36.40228278593059,2,222.50033692845653,0.7492719616791174
4133,77.59,69.29,0.88,0.028,2177.6857142857148,320.0,6.805267857142859,1,71.24595298829452,0.11832806413701234
4134,74.2,62.0,0.8,0.0268,1850.7462686567167,352.56,5.249450501068518,1,66.51990624233218,0.132128785660856
4135,111.89,123.99,0.86,0.0841,1267.9120095124854,362.12,3.501358691904577,0,120.84140957823388,0.7258676685588604
4136,447.55,471.56,0.79,0.0509,7318.9076620825135,333.89,21.920116391873112,2,424.6911779518585,0.7251196465336591
4137,140.17,136.36,0.81,0.0286,3861.944055944057,174.24,22.164509044674336,1,145.38825509272763,0.13490463683249632
4138,92.21,78.3,0.83,0.06,1083.1499999999999,56.04,19.328158458244108,0,80.35541841127926,0.7851710518076294
4139,104.73,89.62,0.77,0.0255,2706.172549019608,228.8,11.82767722473605,1,93.6296850875126,0.13817386766229656
4140,190.46,202.09,0.81,0.0563,2907.511545293073,321.28,9.049774481116389,0,190.21142951669933,0.7316310406875063
4141,179.38,148.53,0.79,0.0853,1375.6002344665885,355.79,3.866326300532866,0,141.26068567678172,0.7500375677597578
4142,66.95,58.15,0.87,0.0504,1003.7797619047619,214.06,4.689244893510053,0,40.711863912548324,0.7926712025989915
4143,182.2,136.86,0.78,0.0898,1188.7616926503342,190.44,6.242184901545548,0,147.120115410777,0.7313573543353084
4144,67.41,59.35,0.87,0.064,806.7890625,205.97,3.9170221998349275,0,80.55567271545192,0.7636470437278514
4145,117.23,87.01,0.87,0.0588,1287.3928571428573,191.01,6.739923863372899,0,87.59900122433416,0.7589050601164997
4146,363.55,343.66,0.84,0.0169,17081.325443786984,54.05,316.02822282677124,3,328.93608103127036,0.1228779250977449
4147,241.58,236.37,0.88,0.0135,15407.822222222223,186.49,82.62009878396816,3,218.36398067430736,0.13689809989609672
4148,138.25,138.77,0.85,0.0695,1697.1870503597122,345.21,4.9163901693453615,0,144.9334239618447,0.748678230457219
4149,398.9,367.4,0.88,0.0281,11505.765124555159,177.03,64.99330692286708,3,362.5038898520136,0.1334652700277222
4150,475.31,369.07,0.9,0.0594,5591.969696969697,346.19,16.15289204474334,2,411.1935282608823,0.7668977748829596
4151,254.16,176.6,0.76,0.0783,1714.125159642401,51.94,33.00202463693495,0,210.05285407096338,0.7507651323859913
4152,97.33,80.15,0.81,0.0151,4299.437086092716,402.2,10.68979882171237,1,87.28022310730067,0.11013051791395764
4153,64.33,53.44,0.84,0.0694,646.8242074927953,55.35,11.686074209445263,0,58.31644595480945,0.7647425770363132
4154,74.6,64.01,0.84,0.0188,2860.0212765957444,397.26,7.199368868236784,1,48.53154178887719,0.10847315493461906
4155,423.35,359.33,0.88,0.012,26350.866666666665,360.6,73.07506008504343,3,364.24557629185836,0.11975120555184883
4156,65.74,63.91,0.85,0.0718,756.5947075208912,447.48,1.6907899962476338,0,77.22668908247465,0.7707579808335109
4157,61.62,47.57,0.77,0.0158,2318.284810126582,454.17,5.104442852074294,1,54.3566456160016,0.1185772345908215
4158,146.56,126.86,0.8,0.0816,1243.7254901960782,43.86,28.356714322756,0,111.24326855630221,0.7394437183503322
4159,185.35,190.4,0.77,0.0516,2841.240310077519,346.31,8.204326499603011,0,167.51825641461164,0.7224411927998551
4160,348.95,363.15,0.77,0.0216,12945.624999999998,393.57,32.892814492974566,3,334.3607804885746,0.13549219697734904
4161,337.46,289.58,0.86,0.0111,22435.927927927925,204.74,109.58253359347428,3,321.8727399151155,0.14920547494380498
4162,234.92,231.56,0.76,0.0638,2758.394984326019,364.0,7.578008198697854,2,212.30145171159978,0.7431871365957342
4163,55.5,54.99,0.82,0.0781,577.359795134443,185.63,3.1102720203331518,0,49.566190313030646,0.7690408977332622
4164,205.03,221.0,0.82,0.0563,3218.827708703375,53.7,59.940925674178295,0,201.96194607017696,0.7315112238040663
4165,189.21,179.72,0.79,0.0285,4981.712280701754,225.11,22.130124297906594,1,169.28236546093615,0.12937872009289442
4166,396.33,350.59,0.82,0.0809,3553.5698393077873,49.74,71.44289986545611,2,377.5525969164257,0.7455940876737525
4167,103.4,108.0,0.87,0.0599,1568.6143572621036,336.24,4.665162851719318,0,110.99574191097219,0.748607451287585
4168,57.66,57.27,0.89,0.0544,936.9540441176471,54.46,17.20444443844376,0,50.60962612417704,0.7222630815845014
4169,82.39,93.57,0.89,0.0278,2995.586330935252,172.98,17.317529951065165,1,94.38345021877942,0.11408635860594522
4170,476.1,364.9,0.78,0.0706,4031.4730878186974,302.55,13.324981285138646,2,413.1425405609534,0.7386464306507458
4171,183.76,166.3,0.84,0.093,1502.0645161290322,334.19,4.4946423176307855,0,147.40004459413453,0.7586514882023715
4172,60.69,55.96,0.87,0.0111,4386.054054054054,184.0,23.837250293772033,1,74.06977579583207,0.1457998781307212
4173,144.63,126.88,0.8,0.0288,3524.4444444444443,199.75,17.6442775691837,1,109.34953047230067,0.11315372645661391
4174,129.56,118.79,0.88,0.052,2010.2923076923078,361.84,5.555749247436181,0,115.5585715494496,0.7355152806961474
4175,318.59,335.5,0.86,0.0739,3904.3301759133965,430.66,9.065922481571068,2,305.68866539603954,0.7194199126739492
4176,81.31,80.18,0.84,0.017,3961.835294117647,381.42,10.387067521675966,1,91.67101666274615,0.12989883918280293
4177,49.57,34.18,0.85,0.0135,2152.074074074074,366.99,5.86412184003399,1,24.254724159883637,0.0979012791941424
4178,122.27,105.37,0.76,0.0631,1269.1156893819334,184.75,6.869367736844024,0,129.1662863950818,0.7209408675791642
4179,297.23,236.73,0.8,0.0242,7825.7851239669435,55.54,140.90358523527087,3,250.49392451079444,0.11062157439421742
4180,351.15,307.01,0.79,0.0765,3170.4300653594773,49.85,63.599399505706664,2,335.3337711128532,0.7261279901864733
4181,459.42,524.21,0.9,0.0923,5111.4734561213445,175.11,29.190071704193617,2,437.8585771919926,0.760657461525217
4182,228.62,178.76,0.81,0.0298,4858.912751677853,322.34,15.073874640683295,1,204.34717000980922,0.14082336570407714
4183,71.31,66.99,0.76,0.0186,2737.2258064516127,419.46,6.5255943509550685,1,83.13861776978864,0.12511975334814993
4184,123.02,104.56,0.82,0.0799,1073.0813516896121,300.82,3.567187526393232,0,110.48038182486678,0.7629488062713996
4185,130.16,109.76,0.77,0.0584,1447.178082191781,44.82,32.28866760802724,0,96.19972036132799,0.7383235703705776
4186,172.0,174.14,0.88,0.018,8513.511111111111,219.12,38.85319053993753,1,155.60201804965956,0.1259737428677878
4187,183.97,168.53,0.8,0.0175,7704.228571428572,47.87,160.94064281237877,1,185.21658640194096,0.12072740412927636
4188,96.33,75.5,0.84,0.0763,831.1926605504585,185.42,4.482756232070211,0,88.3754321911729,0.767712728889104
4189,198.31,201.87,0.85,0.0633,2710.734597156398,392.61,6.9043951941020305,0,179.87641239081043,0.7159862245150869
4190,129.92,124.56,0.8,0.0722,1380.1662049861498,52.13,26.47546911540667,0,134.56915051257573,0.7609628817925504
4191,491.11,449.49,0.82,0.0212,17385.93396226415,56.35,308.5347641927977,3,444.67575151609645,0.10997770917298157
4192,147.52,133.96,0.85,0.0829,1373.534378769602,54.18,25.35131743760801,0,133.8590130823004,0.745381349397073
4193,139.48,111.03,0.8,0.0505,1758.891089108911,343.83,5.115583541601696,0,124.33847595060259,0.734265806942212
4194,109.66,118.37,0.87,0.0268,3842.6082089552247,48.81,78.72583915089581,1,118.95988125170699,0.10639453336275757
4195,90.93,83.12,0.87,0.0564,1282.1702127659576,354.32,3.618678631649237,0,100.50238431033351,0.7777970372716813
4196,226.86,179.19,0.88,0.0294,5363.510204081633,212.39,25.25312022261704,1,204.76880274004833,0.13781043873483273
4197,160.95,135.39,0.75,0.0818,1241.3508557457212,354.95,3.4972555451351495,0,128.13133282335133,0.745647676828319
4198,230.32,177.03,0.78,0.0809,1706.8405438813352,43.5,39.237713652444484,0,187.0147952990047,0.7581544651233374
4199,87.23,75.53,0.77,0.0261,2228.27969348659,434.94,5.1231887007095,1,97.41472763146697,0.1359410658400229
4200,438.8,363.19,0.87,0.0981,3220.9510703363912,435.47,7.396493605383588,2,377.8807927212721,0.7148563450079598
4201,346.66,315.28,0.75,0.0278,8505.755395683453,183.11,46.45161594496997,2,332.1760710038237,0.13073129641524703
4202,386.1,391.45,0.82,0.0116,27671.46551724138,54.96,503.48372484063646,3,349.1874244315917,0.12773503936682812
4203,391.51,333.43,0.83,0.0532,5202.0093984962405,335.95,15.484475066218904,2,334.18934114699584,0.7405686259364731
4204,419.55,477.18,0.81,0.089,4342.874157303371,371.57,11.687903106556965,2,399.50228559436607,0.7359195983110794
4205,73.11,59.28,0.8,0.0566,837.879858657244,347.19,2.413317948838515,0,46.93600448970109,0.7919678655744452
4206,280.16,301.74,0.76,0.0266,8621.142857142859,347.12,24.836203206795513,2,270.92987392206146,0.15241499753244722
4207,141.34,145.95,0.89,0.0126,10309.166666666666,368.11,28.005668595437957,1,128.22610092760937,0.13716975639647166
4208,136.72,155.79,0.87,0.0979,1384.446373850868,216.53,6.3937854978565,0,143.02229185246654,0.7690342927947603
4209,50.7,47.23,0.79,0.0606,615.7046204620461,346.07,1.779133182483446,0,44.08650490752733,0.7656562496487171
4210,389.24,347.6,0.75,0.0731,3566.347469220247,424.83,8.39476371541616,2,370.3572097770467,0.7338337987237058
4211,291.99,233.62,0.88,0.0151,13614.940397350992,56.15,242.47445053162943,3,243.23215594759674,0.12294983934721714
4212,147.51,130.7,0.85,0.0966,1150.0517598343683,417.11,2.7571905728329895,0,134.2189893369642,0.7360827068284376
4213,136.82,130.32,0.79,0.0137,7514.802919708029,218.37,34.413165360205284,1,142.9449254328698,0.13194149999027727
4214,148.67,117.73,0.76,0.0112,7988.821428571429,175.24,45.58788763165618,1,115.46253279116789,0.10972053023676492
4215,129.02,116.79,0.81,0.025,3783.996,179.1,21.127839195979902,1,117.5701451737788,0.1253351118634491
4216,104.9,102.42,0.76,0.0907,858.2050716648291,53.18,16.137741099376253,0,94.88173707693393,0.7228541355563556
4217,97.39,83.34,0.88,0.0901,813.9755826859047,349.49,2.329038263429296,0,71.89820829204139,0.7874183497884046
4218,76.33,83.45,0.82,0.0913,749.4961664841182,330.32,2.2690002618192002,0,88.94746938776117,0.766870031662393
4219,308.99,321.68,0.88,0.0185,15301.535135135135,310.45,49.28824330853643,3,298.3282504892794,0.12291397875360031
4220,71.9,65.82,0.85,0.0164,3411.4024390243894,171.22,19.924088535360294,1,45.318880195816405,0.1048015682794298
4221,170.39,139.0,0.83,0.0802,1438.5286783042393,331.88,4.334484386839337,0,156.46917329375867,0.7453500291861311
4222,162.59,121.61,0.79,0.0259,3709.339768339768,360.2,10.298000467350828,1,127.74198149120032,0.1058666580744949
4223,50.08,46.54,0.85,0.0613,645.3344208809135,195.84,3.2952125249229653,0,44.50357973115128,0.7569413372067768
4224,53.71,46.86,0.79,0.0604,612.9039735099337,340.71,1.79890221452242,0,48.26965307186177,0.7769415653474351
4225,126.37,110.82,0.89,0.0236,4179.228813559322,393.29,10.626328697803965,1,131.63266055761775,0.13983597302473058
4226,203.63,153.66,0.84,0.0691,1867.9363241678727,323.37,5.776467588730781,0,163.38744391821598,0.7459580172227379
4227,479.79,368.66,0.87,0.098,3272.797959183674,48.77,67.1067861222816,2,414.6878990356572,0.7529659547433698
4228,169.77,148.19,0.88,0.0183,7126.0765027322395,55.84,127.61598321511889,1,132.96464746026578,0.10722671648874323
4229,118.47,116.43,0.76,0.0929,952.4951560818085,342.28,2.782795243899172,0,105.16951500652365,0.7324407034169489
4230,115.32,81.94,0.87,0.093,766.5354838709677,365.51,2.097166928048392,0,84.26174232627376,0.760582701778999
4231,123.67,140.39,0.86,0.0611,1976.0294599018,195.52,10.106533653343902,0,130.72007807311502,0.7322456643460683
4232,57.47,45.44,0.75,0.0612,556.8627450980392,305.79,1.821062641348766,0,50.663630803618204,0.7774650075980092
4233,279.84,239.31,0.8,0.08,2393.1,182.0,13.1489010989011,2,233.12865431292562,0.7416380057189665
4234,198.86,146.76,0.85,0.0545,2288.9174311926604,48.88,46.82727968888421,0,159.7349304843661,0.7150513909252904
4235,80.43,55.09,0.8,0.0818,538.7775061124695,395.17,1.3634069036426588,0,53.154480404660134,0.7745842226078489
4236,175.12,175.6,0.86,0.0249,6064.899598393574,170.92,35.4838497448723,1,176.2511415715506,0.13716084249869698
4237,131.31,89.43,0.87,0.0825,943.08,211.61,4.456689192382212,0,99.84833032200962,0.7778360180040954
4238,246.11,217.99,0.81,0.0258,6843.872093023257,454.56,15.056036811473197,1,239.34411817555633,0.12718191783445107
4239,76.68,77.13,0.77,0.0189,3142.333333333333,430.46,7.299942696959841,1,68.46758451544983,0.13860557429949139
4240,317.0,358.23,0.8,0.0102,28096.470588235294,425.34,66.0564973626635,3,303.6326915488111,0.13757786071493877
4241,53.56,49.73,0.9,0.086,520.4302325581396,213.5,2.4376123304830895,0,67.45593981018078,0.7289068631197807
4242,398.9,328.47,0.8,0.0139,18904.74820143885,382.09,49.47721270234461,3,341.0913311741141,0.09995419857904635
4243,492.05,447.71,0.77,0.0167,20642.91616766467,218.63,94.41941255849915,3,427.3216889778715,0.12206612655996041
4244,171.6,137.79,0.86,0.0787,1505.710292249047,206.45,7.293341207309504,0,156.0152718204988,0.7266351668207147
4245,313.23,240.27,0.87,0.0762,2743.240157480315,45.62,60.13240152302313,2,282.8206615849849,0.7534180322796368
4246,122.81,107.37,0.82,0.011,8003.945454545456,53.76,148.882913961039,1,128.73522999270662,0.11789295658586106
4247,362.05,390.79,0.8,0.05,6252.640000000001,325.86,19.188117596513845,2,345.4371550220078,0.7138444657210872
4248,60.94,45.6,0.78,0.087,408.8275862068966,400.98,1.019571016526751,0,34.929467631194484,0.7743067585909845
4249,87.11,83.19,0.83,0.0518,1332.9671814671813,433.44,3.0753211089589825,0,96.72039680933864,0.7705330266182542
4250,182.38,149.59,0.89,0.0257,5180.354085603112,319.51,16.213433337307478,1,146.63211602311168,0.11063974890532402
4251,98.99,103.81,0.84,0.021,4152.4,173.57,23.92348908221467,1,109.79718134024719,0.11984618759487972
4252,116.61,119.77,0.86,0.0885,1163.8666666666668,215.12,5.410313623403992,0,125.72681337263528,0.7300555468231176
4253,84.31,69.8,0.81,0.0773,731.4100905562744,227.21,3.2190928680791973,0,54.78150795171314,0.7737416956147295
4254,93.96,81.25,0.76,0.0676,913.4615384615386,196.1,4.6581414505942815,0,103.33115849979032,0.7480058527816484
4255,123.28,116.13,0.76,0.0697,1266.2668579626973,355.99,3.5570292928528815,0,128.693561319432,0.7271418332560033
4256,118.52,97.13,0.85,0.028,2948.5892857142853,186.01,15.851778322210018,1,89.018091180711,0.10308013638391685
4257,452.86,389.91,0.77,0.0888,3380.9763513513512,46.43,72.81878852792055,2,411.0201333484563,0.7527620412688119
4258,107.66,93.49,0.79,0.0246,3002.3211382113823,399.21,7.520656141407736,1,76.51691959447898,0.11230444351998119
4259,55.14,55.81,0.85,0.0659,719.855842185129,340.73,2.1126870019814192,0,68.45058151458525,0.770336678377005
4260,424.97,427.44,0.76,0.0175,18563.10857142857,173.07,107.25780650273629,3,385.3028636556795,0.12789778235773644
4261,221.67,163.91,0.89,0.0922,1582.2114967462037,306.8,5.157143079355293,0,181.32397862795872,0.7483478915463643
4262,79.3,63.48,0.82,0.0928,560.9224137931035,172.7,3.2479583890741375,0,73.26056138936553,0.7590175820761798
4263,415.54,418.32,0.76,0.0256,12418.875,392.26,31.659804721358284,3,377.87009291765105,0.1232369909729481
4264,389.23,308.13,0.86,0.016,16561.9875,46.59,355.48374114616865,3,330.70572838446367,0.11241581239019632
4265,489.87,552.03,0.89,0.0627,7835.832535885166,54.06,144.94695774852323,2,462.16152028195825,0.7188992099597274
4266,303.51,212.08,0.79,0.0298,5622.255033557048,46.32,121.3785629006271,1,254.50866013124752,0.11234986757938654
4267,79.5,62.32,0.84,0.0298,1756.6711409395973,308.17,5.700331443487676,1,54.65381332085039,0.112241445180598
4268,73.8,64.12,0.83,0.0125,4257.568,213.28,19.962340585146286,1,46.75775676465797,0.11399698270513473
4269,147.1,120.55,0.87,0.0994,1055.11569416499,336.72,3.1335106146501244,0,133.81856843950163,0.7630656029148933
4270,329.48,293.81,0.83,0.0671,3634.311475409835,196.17,18.526336725339426,2,317.18439271965235,0.7447747839309551
4271,136.67,118.91,0.8,0.0142,6699.154929577464,357.59,18.734178611195684,1,143.16969275389445,0.12722218651335004
4272,98.13,89.11,0.77,0.0236,2907.4025423728817,378.4,7.683410524241231,1,87.83146221405232,0.11768992500780236
4273,175.62,144.97,0.86,0.0119,10476.823529411764,55.46,188.9077448505547,3,157.64989141499666,0.13474824333275906
4274,393.77,344.63,0.85,0.0932,3143.0847639484973,356.71,8.81131665484146,2,338.0659498525648,0.7337769879413182
4275,198.74,210.47,0.81,0.0163,10458.93865030675,186.5,56.08010000164477,1,198.7801226620527,0.12981442795708223
4276,462.72,407.01,0.88,0.0775,4621.532903225807,44.39,104.11202755633717,2,400.4865232642019,0.7463775095715637
4277,343.75,267.14,0.81,0.0974,2221.5954825462013,49.25,45.108537716674135,2,292.36928498414113,0.7491323014314546
4278,392.99,311.41,0.8,0.0103,24187.18446601942,172.56,140.16680844934757,3,355.6175802644064,0.13632183741034912
4279,249.44,210.6,0.81,0.0591,2886.3959390862947,199.26,14.485576327844498,0,204.7552042794695,0.7457430761912256
4280,180.1,166.71,0.75,0.0882,1417.6020408163265,193.97,7.308357172842844,0,162.34779008309764,0.7363197774989129
4281,242.5,199.82,0.81,0.0799,2025.709637046308,360.3,5.622285975704435,0,217.0699873805273,0.7411142998575425
4282,125.67,129.85,0.81,0.0203,5181.206896551725,348.67,14.859915956496758,1,131.46260045770714,0.1427846319087225
4283,323.81,260.61,0.82,0.0836,2556.222488038278,44.27,57.74164192541851,2,272.44701509929325,0.7502301798657488
4284,61.9,50.08,0.81,0.0145,2797.572413793103,52.77,53.014447864186145,1,55.143472437678,0.11411419672156663
4285,299.7,241.77,0.79,0.0642,2975.0514018691597,424.17,7.013818520567602,2,269.12109566088145,0.7408200351443773
4286,132.56,145.27,0.82,0.0949,1255.2307692307695,367.68,3.4139218049139726,0,138.51753096050996,0.7470052069018749
4287,244.77,246.86,0.85,0.0194,10816.030927835052,454.4,23.802884964425733,1,237.4936328575119,0.13759325631430008
4288,106.19,102.41,0.77,0.0156,5054.852564102564,365.19,13.84170586298246,1,94.85069699371978,0.1402545482848287
4289,228.65,171.51,0.81,0.0691,2010.4645441389293,214.13,9.388990539106755,0,185.27218434693557,0.7352497082594648
4290,460.9,508.92,0.77,0.0807,4855.866171003718,215.41,22.542436149685333,2,438.57834854662144,0.7649970674603395
4291,453.62,427.1,0.76,0.0694,4677.175792507204,300.3,15.575010964059954,2,410.88957198273613,0.7419921077377032
4292,221.88,214.09,0.8,0.0941,1820.106269925611,51.73,35.184733615418736,0,219.5732553134305,0.7356226277578876
4293,294.29,318.18,0.81,0.0912,2825.9407894736846,43.92,64.34291415012943,2,285.37548407535843,0.7325428048389617
4294,172.5,152.91,0.86,0.0524,2509.591603053435,351.92,7.131142313745837,0,173.94191851617128,0.7139987530199399
4295,184.45,141.73,0.76,0.0558,1930.3727598566306,53.65,35.98085293302201,0,145.896810295877,0.7228964344663984
4296,101.83,93.36,0.82,0.0159,4814.792452830188,448.67,10.731255606192052,1,109.31801662113793,0.1578000138112051
4297,256.18,219.48,0.85,0.0135,13819.111111111111,56.69,243.7662923110092,3,210.6254394272398,0.11222341951050269
4298,174.88,147.77,0.8,0.0146,8096.986301369863,224.72,36.03144491531623,1,156.9816183406864,0.13389622050811784
4299,125.39,89.75,0.81,0.0201,3616.7910447761196,439.3,8.233077725417981,1,92.64148913048368,0.1281788275493602
4300,109.44,112.09,0.81,0.0654,1388.270642201835,223.89,6.200681773200389,0,117.44060421719018,0.7289359167817239
4301,88.25,84.54,0.86,0.0553,1314.7269439421339,219.98,5.976574888363187,0,96.95475044030682,0.7653024134273652
4302,240.06,197.9,0.75,0.0205,7240.243902439025,400.78,18.06538226068922,1,214.79297596413474,0.12151360960156106
4303,74.61,73.7,0.87,0.0864,742.1180555555554,49.21,15.080635146424617,0,65.48023607113049,0.7827898126110813
4304,389.22,299.49,0.88,0.0724,3640.2099447513806,54.77,66.46357394105131,2,330.4721151487712,0.7630671798631588
4305,108.29,115.4,0.81,0.0541,1727.800369685767,354.79,4.869924095058392,0,115.98380485710516,0.7217571672046604
4306,97.35,75.8,0.76,0.0608,947.4999999999999,298.48,3.1744170463682653,0,86.94057998165835,0.7785995240422693
4307,404.83,331.61,0.86,0.0179,15932.100558659216,178.26,89.37563423459676,3,347.3213190175677,0.11967226442478329
4308,91.33,92.66,0.86,0.0103,7736.660194174756,394.12,19.63021464065451,1,82.42869185036942,0.12605483167789672
4309,84.68,83.21,0.86,0.065,1100.9323076923074,45.54,24.175061653322516,0,95.74714320183841,0.7595282575413872
4310,219.59,166.09,0.84,0.02,6975.780000000001,219.34,31.803501413330903,1,175.96096098505865,0.12210248486436233
4311,123.67,93.12,0.75,0.0888,786.4864864864865,215.43,3.6507751310703545,0,92.02299725817684,0.7503017098098097
4312,354.91,408.01,0.79,0.0812,3969.5554187192124,50.16,79.13786719934635,2,340.46212259964284,0.7317400564453771
4313,97.13,69.45,0.82,0.0612,930.5392156862746,398.06,2.3376858154204756,0,67.23820165444809,0.7740885081514374
4314,140.92,130.54,0.81,0.0171,6183.473684210526,204.04,30.305203314107654,1,146.71975091312663,0.126867530914446
4315,292.93,250.86,0.87,0.0732,2981.532786885246,204.79,14.558976448485014,2,283.60002594442926,0.734214814696552
4316,87.15,82.05,0.87,0.0216,3304.791666666666,330.35,10.003909994450328,1,80.41835402068219,0.11916099274313183
4317,79.09,70.81,0.75,0.0895,593.3798882681564,184.72,3.212320746362908,0,52.06875654822879,0.7805748315851788
4318,102.02,105.42,0.8,0.0664,1270.120481927711,55.65,22.823368947488067,0,90.47480595695548,0.7552359056656265
4319,114.15,115.57,0.85,0.0806,1218.7903225806451,212.65,5.731438149920739,0,121.86197535426277,0.7373510448169337
4320,278.98,315.46,0.86,0.0575,4718.184347826086,457.38,10.315677003424037,2,268.5030653799751,0.6291986968958575
4321,185.8,153.99,0.76,0.0762,1535.8582677165355,211.22,7.271367615360929,0,167.21307455881816,0.7168426922399742
4322,415.79,422.22,0.81,0.076,4499.976315789475,375.68,11.97821634313638,2,374.4469996130223,0.7495069161202274
4323,439.25,428.51,0.78,0.0818,4086.0366748166257,398.88,10.24377425495544,2,396.6509297253094,0.739122663191651
4324,80.76,68.39,0.76,0.0886,586.6410835214447,389.63,1.5056363306763973,0,72.85281869054256,0.7521773860703376
4325,232.03,178.71,0.85,0.051,2978.5000000000005,392.68,7.5850565345828675,0,188.90208505653243,0.7447675265711117
4326,118.97,102.55,0.77,0.0219,3605.6392694063925,43.8,82.32053126498613,1,87.16158315100391,0.10647632360242403
4327,69.14,52.98,0.88,0.095,490.76210526315793,226.97,2.1622333579907385,0,63.94495525983072,0.7848941197598718
4328,317.78,289.5,0.88,0.0663,3842.5339366515836,450.12,8.536687853575899,2,305.3425882699954,0.7189641160018426
4329,163.76,168.66,0.79,0.0203,6563.615763546799,312.83,20.98141407009174,1,148.9854851347981,0.11357832700292735
4330,105.05,98.96,0.78,0.05,1543.776,44.03,35.06191233250057,0,93.3524566239717,0.720347322563155
4331,96.67,89.4,0.78,0.0597,1168.0402010050252,48.1,24.283580062474535,0,105.18374392491903,0.7619925007011313
4332,137.33,125.37,0.87,0.0211,5169.284360189574,421.4,12.266930138086318,1,104.03088427915783,0.12621435514602847
4333,69.71,60.13,0.82,0.0993,496.5417925478348,323.73,1.5338145755655477,0,83.88305092132609,0.7694450267701431
4334,396.95,377.24,0.88,0.0915,3628.1005464480872,45.02,80.58863941466208,2,379.0054283582007,0.7572306785859645
4335,204.42,187.49,0.76,0.0693,2056.1673881673883,333.16,6.171711454458483,0,163.6618407426481,0.738133114673828
4336,87.75,90.25,0.84,0.0236,3212.288135593221,222.19,14.457392932144655,1,98.89852082945238,0.14190293223614428
4337,167.31,125.37,0.88,0.0586,1882.689419795222,57.29,32.86244405297996,0,130.22112654376002,0.7439347011968427
4338,136.28,120.33,0.82,0.075,1315.608,438.44,3.000656874372776,0,140.63968170973783,0.7528081638429083
4339,442.26,398.99,0.78,0.0184,16913.706521739132,311.86,54.23493401442676,3,382.660571147194,0.10921193250092609
4340,412.69,415.56,0.87,0.0772,4683.124352331606,55.13,84.94693183986224,2,390.5182316083931,0.7442322293036083
4341,193.8,179.73,0.78,0.0583,2404.620926243568,209.96,11.452757316839246,0,192.95591120396045,0.7329657324413534
4342,88.47,76.88,0.85,0.0181,3610.386740331491,354.97,10.170963011892528,1,61.65011410281339,0.11843359512643113
4343,72.83,81.36,0.85,0.085,813.5999999999998,184.32,4.414062499999999,0,83.64807994072919,0.7729368495724429
4344,81.97,87.33,0.83,0.0589,1230.6264855687605,361.32,3.4059185363909013,0,91.83917704220778,0.768139103877639
4345,54.09,54.29,0.82,0.0704,632.3551136363635,383.8,1.6476162418873463,0,47.400133039862496,0.7944803897966756
4346,161.96,153.1,0.84,0.0877,1466.4082098061572,352.25,4.162975755304918,0,166.80578414158333,0.7198985440614386
4347,99.54,113.58,0.83,0.066,1428.3545454545454,383.96,3.720060801788065,0,108.3016668807984,0.7469290723499149
4348,64.05,62.54,0.8,0.0843,593.4994068801899,180.08,3.2957541474910585,0,57.29812529166655,0.7824158307706466
4349,290.6,223.67,0.86,0.076,2531.0026315789473,50.99,49.63723537122862,2,260.25091000880377,0.7090115898183705
4350,116.87,129.3,0.77,0.0747,1332.8112449799198,177.8,7.496126237232394,0,122.01656225678795,0.7394627809095513
4351,59.83,55.16,0.89,0.0535,917.614953271028,341.27,2.6888239612946583,0,72.09244012563532,0.7496316230475597
4352,228.97,174.04,0.81,0.0765,1842.7764705882353,321.66,5.728957503538628,0,187.9815552038076,0.7515324075394055
4353,52.85,52.2,0.8,0.0956,436.8200836820084,431.28,1.012845677244501,0,46.934601873222434,0.7841549164474901
4354,161.79,146.74,0.76,0.0279,3997.2186379928316,208.99,19.126363165667406,1,145.32202282639793,0.12994040649766336
4355,147.09,112.6,0.84,0.0584,1619.5890410958903,52.77,30.691473206289373,0,131.41170181835142,0.7502331109610035
4356,171.67,180.22,0.85,0.0153,10012.222222222223,208.42,48.03868257471559,1,172.00645201597905,0.13992607108385877
4357,107.67,108.29,0.88,0.0515,1850.3922330097091,196.8,9.402399557976164,0,96.86921568703625,0.7263570200824293
4358,146.99,167.16,0.76,0.0581,2186.602409638554,52.83,41.389407716043046,0,151.02663219949181,0.7228872735610163
4359,143.71,125.97,0.86,0.0724,1496.3287292817677,228.6,6.54561998810922,0,148.06358554185258,0.7650704746987239
4360,160.95,111.1,0.81,0.0655,1373.9083969465648,315.83,4.350151654201833,0,126.45255261182413,0.7704534840617456
4361,305.0,208.34,0.87,0.073,2482.956164383562,393.11,6.316186727337289,2,255.1294196959967,0.7484396854902104
4362,347.15,362.83,0.83,0.0523,5758.105162523901,54.13,106.37548794612785,2,329.30677948169864,0.7207541976679669
4363,57.44,51.34,0.82,0.012,3508.2333333333327,308.19,11.383345771547853,1,32.9045231237653,0.1117108874294928
4364,49.5,43.48,0.84,0.0248,1472.7096774193546,48.17,30.573171630046804,1,62.77386927761293,0.11755699289350688
4365,80.32,73.69,0.87,0.0683,938.6573938506589,52.73,17.8012022349831,0,50.87217823036363,0.7126503141354043
4366,152.8,151.52,0.86,0.0623,2091.60834670947,42.9,48.75543931723706,0,138.2134115710938,0.7309083568936281
4367,155.32,108.71,0.86,0.0104,8989.480769230768,417.13,21.550789368376208,1,119.88444626674986,0.12605000687784526
4368,129.83,102.39,0.9,0.0555,1660.3783783783783,329.19,5.043829941305563,0,95.59070878183027,0.7525744029054929
4369,168.9,125.1,0.88,0.0183,6015.737704918032,399.34,15.064200192612892,1,132.55081396580445,0.13160734683322198
4370,128.53,96.98,0.83,0.0885,909.5299435028248,351.88,2.5847730575844743,0,97.48376234426765,0.7653925096520636
4371,188.62,187.39,0.81,0.0252,6023.25,221.01,27.253291706257638,1,170.98323909060454,0.13341668883162064
4372,61.88,67.0,0.87,0.0791,736.9152970922883,214.97,3.427991334103774,0,74.30560100855206,0.770634993713349
4373,182.9,158.58,0.83,0.0107,12301.065420560748,190.96,64.41697434311241,1,184.1735381518794,0.130914288096227
4374,296.04,302.66,0.79,0.07,3415.734285714286,223.84,15.259713570918004,2,267.06534318540923,0.7360415712643441
4375,495.44,482.42,0.8,0.0202,19105.742574257427,441.66,43.25893803889287,3,448.0956051572701,0.13557464855848805
4376,84.84,83.16,0.78,0.0615,1054.7121951219513,435.8,2.4201748396556937,0,75.69458474179527,0.7783576336245326
4377,52.98,48.05,0.76,0.0557,655.6193895870737,313.63,2.0904230768328085,0,47.15798431152567,0.7460549638518518
4378,80.77,70.57,0.82,0.0551,1050.2250453720505,194.98,5.386321906718897,0,72.11809776952319,0.7610469711844158
4379,444.29,374.17,0.88,0.0264,12472.333333333336,365.05,34.166095968588785,3,383.66007742391844,0.10834175858678792
4380,64.89,53.49,0.8,0.0546,783.7362637362637,50.91,15.394544563666544,0,57.64207143070196,0.7755070324935144
4381,55.22,60.36,0.79,0.0266,1792.6466165413538,46.12,38.86918075761825,1,66.44940630771187,0.12485966256509172
4382,88.0,77.9,0.81,0.0669,943.1838565022423,42.9,21.98563768070495,0,97.50832532129033,0.7681400688966683
4383,81.49,74.81,0.81,0.0976,620.8616803278688,50.0,12.417233606557376,0,73.71792319524282,0.7715059088851313
4384,95.58,79.13,0.81,0.0764,838.9437172774868,216.26,3.8793291282599043,0,66.2442747558716,0.7883829605246909
4385,63.77,67.27,0.75,0.0609,828.448275862069,48.33,17.14149132758264,0,75.98259476675489,0.7590447748701016
4386,79.6,77.88,0.88,0.0802,854.5436408977555,341.18,2.504670968104096,0,93.44504188583758,0.7752819065332173
4387,63.78,63.37,0.77,0.0296,1648.4763513513512,299.85,5.497670006174258,1,57.74844846533449,0.11977770643431299
4388,265.84,305.16,0.82,0.0124,20179.935483870966,342.17,58.97634358322169,3,258.34472881952803,0.12066233920372271
4389,107.75,109.39,0.78,0.024,3555.175,299.02,11.889422112233296,1,97.54036751361268,0.12124720594912652
4390,54.65,40.2,0.85,0.0695,491.6546762589928,192.13,2.558968803721401,0,31.620720017814676,0.792626946495159
4391,54.42,42.28,0.89,0.0721,521.9029126213593,46.29,11.27463626315315,0,30.13724270425419,0.7517900743479312
4392,408.33,306.81,0.86,0.028,9423.45,45.11,208.89935712702285,3,351.31742380449214,0.11072090394391297
4393,172.87,179.92,0.85,0.0552,2770.5072463768115,412.8,6.711500112346927,0,172.9903114763516,0.7205288205109689
4394,250.63,215.14,0.9,0.0679,2851.6347569955815,174.58,16.334257973396618,0,243.05331249749742,0.7720505918818106
4395,120.46,94.04,0.8,0.0602,1249.7009966777412,208.35,5.998084937258177,0,88.39614111923196,0.7488800629653964
4396,404.0,364.88,0.89,0.0862,3767.3225058004646,53.68,70.18111970567185,2,366.75648476736137,0.7543295287882475
4397,63.17,46.65,0.83,0.0726,533.3264462809917,316.32,1.6860345418594833,0,38.138253962879816,0.7887929975346161
4398,453.95,479.29,0.85,0.0845,4821.260355029586,400.6,12.035098240213644,2,430.5748208551966,0.7390133799699597
4399,234.3,210.06,0.75,0.0567,2778.5714285714284,49.31,56.34904539791986,2,189.05320078492974,0.7476394054855976
4400,148.19,131.14,0.78,0.0811,1261.2725030826139,361.06,3.4932490530178195,0,114.16064369338699,0.7547865449847667
4401,290.97,294.98,0.89,0.0292,8990.82876712329,386.8,23.244128146647597,2,282.5689666857728,0.13424290651653517
4402,117.94,113.23,0.79,0.0843,1061.111506524318,397.34,2.6705378429665223,0,105.72383477971734,0.7247971603081783
4403,297.57,266.67,0.76,0.0725,2795.4372413793108,395.02,7.076697993466941,2,247.522037031242,0.7359948588335748
4404,136.2,103.96,0.87,0.0101,8954.970297029704,388.34,23.059613475381635,1,103.01900452212683,0.1160313509764638
4405,78.16,65.36,0.84,0.0156,3519.3846153846152,43.48,80.94260844950817,1,52.795781889891515,0.10910653345234421
4406,385.03,386.02,0.78,0.0106,28405.245283018867,370.02,76.76678364147578,3,367.58724157161384,0.11883820086429714
4407,97.87,94.24,0.78,0.0237,3101.5696202531644,453.84,6.83405962509511,1,85.89259882540291,0.13603660820397118
4408,53.74,53.02,0.84,0.0151,2949.4569536423837,383.29,7.695105412722439,1,47.164706000042585,0.12490122008971807
4409,98.19,106.1,0.8,0.0844,1005.6872037914692,324.05,3.1034939169617934,0,108.55689771730654,0.7681049704306979
4410,97.49,92.72,0.81,0.0143,5251.972027972029,336.91,15.588649870802374,1,107.25080277446875,0.12065504366154237
4411,98.61,70.14,0.85,0.0644,925.7608695652174,377.34,2.4533865202873204,0,69.9695773078914,0.7775597140816705
4412,167.11,140.35,0.79,0.0295,3758.525423728814,227.24,16.53989360908649,1,151.77415907522771,0.12292172733971393
4413,67.1,60.38,0.79,0.061,781.9704918032787,382.01,2.0469895861450715,0,41.05520827225649,0.7778789207131624
4414,373.91,343.4,0.75,0.0269,9574.34944237918,54.02,177.23712407218028,3,354.8001186296324,0.14591910947358466
4415,156.82,154.02,0.82,0.0236,5351.542372881357,313.6,17.064867260463508,1,160.67105317117205,0.1348947396410003
4416,85.43,85.04,0.88,0.0582,1285.828178694158,457.43,2.8109834918876286,0,76.63778996433878,0.6602849236803212
4417,249.66,282.51,0.75,0.0207,10235.869565217392,400.69,25.54560773969251,1,243.74509748452797,0.1259600781705686
4418,129.9,117.93,0.8,0.0841,1121.8073721759813,46.68,24.0318631571547,0,116.77778812478579,0.7438709598856549
4419,154.5,147.36,0.76,0.0162,6913.185185185186,306.81,22.532463691487195,1,139.4448483267679,0.11483970169347042
4420,69.3,48.61,0.76,0.0658,561.452887537994,340.59,1.6484714393787077,0,41.45242443309837,0.7589598042340415
4421,315.98,299.69,0.75,0.0148,15186.993243243242,47.14,322.16786684860506,3,286.24093094029865,0.12432893761289444
4422,81.03,64.04,0.9,0.0209,2757.7033492822975,201.98,13.653348595317842,1,54.454999045135054,0.09703151743424897
4423,403.72,339.04,0.81,0.0894,3071.838926174497,392.55,7.825344354030052,2,346.92377133006516,0.747854825312964
4424,86.2,66.29,0.84,0.0121,4601.950413223141,455.1,10.111954324814636,1,77.62646717492669,0.10663560663792683
4425,83.96,71.45,0.76,0.0227,2392.15859030837,182.43,13.11274785018018,1,75.67854514049276,0.1299535932219479
4426,106.2,92.85,0.85,0.0572,1379.7639860139861,351.09,3.929943849195324,0,113.48054795448373,0.7348204961656987
4427,147.45,146.31,0.85,0.0932,1334.3723175965665,56.08,23.794085549154183,0,133.45569278445055,0.7517137430538053
4428,49.74,44.33,0.83,0.098,375.4479591836734,182.91,2.0526376862045455,0,65.14475114412872,0.7682761584365998
4429,154.2,109.33,0.82,0.0214,4189.280373831776,177.96,23.54057301546289,1,120.57215151467715,0.10779955944214041
4430,192.99,182.7,0.77,0.0768,1831.7578125,301.98,6.06582493045897,0,175.40168644193903,0.732653286228941
4431,302.69,272.02,0.79,0.0157,13687.630573248409,226.37,60.465744459285276,3,254.3172921866083,0.12117062046110315
4432,57.47,58.02,0.84,0.0113,4312.991150442478,173.22,24.898921316490465,1,70.54235372106521,0.12041853394030065
4433,150.74,135.57,0.86,0.0157,7426.127388535032,445.34,16.675186124163634,1,153.85481276726819,0.15284946550625456
4434,373.93,322.59,0.89,0.0797,3602.322459222083,395.76,9.102290426576923,2,338.33541322854046,0.7458478740089954
4435,472.27,415.53,0.78,0.0836,3876.954545454546,47.25,82.05194805194806,2,427.67175040879215,0.7536573811536016
4436,82.59,92.06,0.79,0.0669,1087.1061285500748,220.39,4.932647255093584,0,92.90877151585369,0.7607653497769831
4437,316.51,234.8,0.75,0.023,7656.521739130436,452.84,16.907785838553213,1,264.87848710909003,0.11775797270292873
4438,368.1,356.47,0.76,0.0699,3875.782546494993,54.94,70.5457325536038,2,332.5866630247855,0.7330925944537363
4439,177.07,174.05,0.78,0.0856,1585.9696261682245,51.93,30.540528137266023,0,178.17645734845556,0.7417210666475613
4440,174.21,130.98,0.88,0.0294,3920.4897959183672,209.36,18.7260689526097,1,139.89957114356912,0.10986633946907359
4441,111.37,110.97,0.86,0.0993,961.0694864048339,387.71,2.4788359505940885,0,120.85152662939078,0.7236601754816973
4442,74.35,51.05,0.85,0.0574,755.9668989547039,212.0,3.565881598842943,0,46.18531000830937,0.7852494943233862
4443,236.57,195.82,0.8,0.0263,5956.501901140685,229.95,25.903465540946662,1,212.14150698954654,0.13284622801666945
4444,448.3,443.08,0.78,0.0182,18989.142857142855,45.69,415.60829190507457,3,426.6427065049479,0.10686602336519348
4445,492.2,413.21,0.8,0.0279,11848.315412186379,380.23,31.160916845557633,2,426.7159384381566,0.07975001412252528
4446,72.82,64.71,0.85,0.0805,683.2732919254659,175.46,3.8941826736889653,0,47.6652717010672,0.7632816456658016
4447,425.72,476.94,0.88,0.0238,17634.756302521007,418.61,42.12693510074056,3,404.36284555726326,0.15187373631036
4448,141.83,160.01,0.83,0.0984,1349.677845528455,197.85,6.8217227471744,0,147.17885584894066,0.749891162293995
4449,295.95,276.32,0.83,0.0822,2790.0924574209243,392.89,7.101459587724107,2,268.11628499153244,0.7351600360523136
4450,475.96,486.42,0.84,0.0896,4560.1875,359.31,12.691512899724472,2,431.4528293503913,0.7554964130317796
4451,52.91,43.05,0.83,0.0167,2139.6107784431138,391.51,5.4650220388830775,1,27.50443180425674,0.11276854585269457
4452,126.25,106.31,0.77,0.0984,831.8973577235772,420.79,1.9769893717141025,0,115.69365752637451,0.7078279438317275
4453,99.01,108.03,0.84,0.0193,4701.823834196891,46.34,101.46361316782242,1,107.26303726707377,0.11860266110644271
4454,90.98,84.62,0.87,0.024,3067.475,44.01,69.69950011361054,1,102.5985208505074,0.09441987610470219
4455,416.39,420.33,0.8,0.0589,5709.066213921901,50.7,112.6048562903728,2,375.5328540809661,0.7670383177648817
4456,122.8,102.81,0.82,0.0248,3399.362903225806,190.64,17.831320306471916,1,108.60907917215164,0.11914170139600752
4457,229.82,184.15,0.81,0.0676,2206.5310650887577,390.67,5.6480688690935,0,204.00428271857646,0.7325321535565884
4458,56.57,57.39,0.86,0.0827,596.8004836759372,390.11,1.5298261610210895,0,68.1631923116951,0.759960818667675
4459,247.52,212.32,0.88,0.067,2788.6805970149253,407.23,6.847925243756416,0,222.67839872386207,0.7362136415424132
4460,138.36,142.76,0.75,0.0929,1152.529601722282,342.97,3.3604385273414055,0,124.40607512692768,0.7532427225513182
4461,196.8,141.51,0.82,0.0739,1570.2056833558863,391.57,4.010025495711843,0,159.298812759774,0.7324101982900882
4462,68.18,53.57,0.86,0.0692,665.7543352601157,214.99,3.0966758233411587,0,61.00865431051329,0.7622007027635967
4463,108.03,103.73,0.76,0.0237,3326.362869198312,344.98,9.642190472486266,1,117.0282735246978,0.12286085635296778
4464,158.12,129.0,0.84,0.0227,4773.5682819383255,392.8,12.152668742205513,1,142.35412067054912,0.12949238568374516
4465,91.47,82.68,0.87,0.02,3596.58,51.58,69.72818922062815,1,82.90433447132578,0.12029299693837842
4466,101.72,101.7,0.8,0.0276,2947.8260869565224,211.54,13.9350765196016,1,110.08832624665106,0.1410614080406295
4467,60.47,65.99,0.86,0.0104,5456.865384615385,53.36,102.26509341483104,1,72.16910586304515,0.12219750000614212
4468,420.03,307.92,0.84,0.0871,2969.607347876005,370.52,8.014701899697735,2,361.1726997256486,0.7625693140217702
4469,179.52,162.17,0.84,0.0961,1417.5109261186262,406.87,3.4839406348922903,0,163.8290116095211,0.7203238947119488
4470,310.94,264.48,0.85,0.0217,10359.815668202766,50.39,205.59269037909834,3,281.52731403212874,0.12783583849421581
4471,490.18,440.44,0.86,0.0206,18387.300970873785,42.93,428.30889752792416,3,464.1927800354469,0.10999445449265641
4472,150.89,136.35,0.78,0.098,1085.2346938775509,189.12,5.738339117372837,0,117.68907666516117,0.7406575429814279
4473,123.36,111.01,0.82,0.0222,4100.369369369369,48.73,84.144661797032,1,91.44580349933467,0.08497541528679951
4474,96.63,80.44,0.78,0.0824,761.4466019417475,377.54,2.016863383857995,0,68.91957869441157,0.7720099150075164
4475,109.03,109.51,0.89,0.0888,1097.5664414414416,429.91,2.5530144482367043,0,118.33902047962536,0.7160872637712715
4476,50.54,34.84,0.81,0.0129,2187.6279069767443,361.0,6.059911099658572,1,25.06123507984219,0.10834860592430279
4477,302.02,228.96,0.76,0.0217,8018.875576036866,172.88,46.38405585398465,1,252.8170500836998,0.10965743929734934
4478,399.82,319.57,0.82,0.0299,8764.127090301003,209.27,41.87951971281599,2,342.49915526769337,0.11607359454842099
4479,70.66,67.81,0.78,0.0693,763.2294372294373,180.7,4.2237378928026414,0,83.29214324226866,0.7769227097149809
4480,81.38,75.46,0.84,0.0245,2587.2,49.58,52.18233158531666,1,92.44039729210179,0.12349721790601235
4481,178.79,126.7,0.82,0.0987,1052.6241134751772,42.61,24.703687244195663,0,141.5883939942228,0.711058942516337
4482,364.73,361.53,0.86,0.0978,3179.0981595092026,206.45,15.398877013849372,2,347.9399104953243,0.7398609613236212
4483,209.58,166.85,0.9,0.0179,8389.106145251397,324.08,25.885911334397054,1,187.07576984659426,0.12966326637626988
4484,107.92,110.34,0.84,0.0638,1452.7523510971787,344.13,4.221521957101034,0,96.48404074191367,0.7445401871915724
4485,460.62,461.14,0.78,0.0255,14105.458823529414,313.06,45.056726581260506,3,437.3093510234345,0.12108405173868332
4486,164.41,149.5,0.78,0.0751,1552.729693741678,200.55,7.742356986994155,0,148.6358248625912,0.7378683541278676
4487,124.83,104.25,0.88,0.0884,1037.782805429864,413.38,2.5104814103968844,0,111.81250145520636,0.7459002570446228
4488,179.11,182.56,0.8,0.0176,8298.181818181818,398.85,20.805269695830056,1,178.27689163193418,0.15302052376164044
4489,60.96,55.01,0.75,0.017,2426.9117647058824,431.45,5.625012781795996,1,71.9805669025109,0.13832803715398068
4490,59.39,45.69,0.87,0.0618,643.2087378640775,46.52,13.826499094240702,0,53.317026028073,0.7509503669252724
4491,139.07,119.81,0.85,0.0284,3585.8626760563375,53.37,67.18873292217233,1,106.18487299395541,0.08852191345374495
4492,136.17,128.48,0.8,0.086,1195.1627906976744,194.37,6.148905647464497,0,144.24942394098795,0.7525908152520111
4493,471.85,443.66,0.9,0.0944,4229.809322033899,55.46,76.26774832372699,2,428.624404652835,0.7755656931999928
4494,404.5,414.19,0.79,0.0136,24059.56617647059,399.33,60.24983391298072,3,365.21057302981797,0.1084371363825274
4495,264.93,180.37,0.77,0.0695,1998.3438848920864,213.35,9.366505202212732,0,218.5310620604824,0.7284307687590277
4496,137.57,129.68,0.83,0.0657,1638.2709284627094,50.6,32.37689581942114,0,141.64366615316558,0.7472868984648541
4497,119.12,84.98,0.79,0.0664,1011.0572289156627,192.48,5.252791089545214,0,86.93050518146164,0.7490353463868696
4498,113.45,107.86,0.87,0.0788,1190.8401015228428,407.27,2.9239573293462393,0,121.66785784607605,0.7273756010797026
4499,58.72,52.35,0.89,0.0183,2545.9836065573772,224.88,11.321520840258703,1,33.03262844026523,0.12441370078300037
4500,425.47,453.23,0.79,0.0859,4168.23864959255,316.32,13.177284552328498,2,405.96289178398206,0.7453346691806263
4501,256.93,286.38,0.77,0.0977,2257.037871033777,401.43,5.622494260602787,2,251.5288728194471,0.7393487192623311
4502,473.73,326.04,0.77,0.0853,2943.15123094959,205.06,14.352634501851117,2,410.15487774774857,0.7313051732958199
4503,187.72,144.03,0.79,0.0207,5496.797101449276,207.95,26.433263291412725,1,168.58342738164637,0.12281575675766
4504,449.26,386.95,0.77,0.0519,5740.876685934489,174.3,32.93675666055358,2,425.42183364169296,0.7279252576352812
4505,471.38,378.32,0.83,0.0275,11418.385454545454,190.41,59.96736229476107,3,428.6766785855239,0.11671502630700527
4506,64.28,55.89,0.75,0.0114,3676.9736842105262,347.5,10.581219235138205,1,39.993982283085245,0.11964723354114783
4507,291.36,268.41,0.76,0.0665,3067.542857142858,383.1,8.007159637543351,2,261.7994405667289,0.7306596232710132
4508,131.26,95.73,0.84,0.0114,7053.78947368421,384.06,18.366373675165885,1,96.94805581528362,0.11768087813161181
4509,59.52,45.36,0.9,0.0967,422.1716649431231,52.63,8.02150227898771,0,34.78410178067415,0.75575808849419
4510,76.73,79.36,0.87,0.0149,4633.7718120805375,324.61,14.274889288932988,1,88.35231276397909,0.11571047218890669
4511,223.16,180.46,0.78,0.0544,2587.4779411764707,442.56,5.846615015311982,0,198.7380224944274,0.7257076090678019
4512,439.79,384.09,0.79,0.0262,11581.339694656488,372.15,31.120085166348215,2,397.75631601985305,0.13057066099467138
4513,93.92,64.38,0.88,0.0665,851.945864661654,190.82,4.464657083438078,0,65.13774404601772,0.7553554375062163
4514,181.77,185.01,0.89,0.0232,7097.366379310345,183.27,38.726285694932855,1,166.87392886137823,0.1225470213249857
4515,350.16,283.78,0.77,0.066,3310.766666666666,446.31,7.418087577393887,2,295.4497177147465,0.7476719034224096
4516,95.76,95.29,0.84,0.0131,6110.198473282442,388.31,15.735362141800216,1,104.62835834258573,0.1272654808056429
4517,95.89,92.29,0.9,0.0185,4489.783783783784,368.62,12.179978796006143,1,107.26614604294346,0.10637551909554364
4518,55.01,46.33,0.82,0.0817,465.001223990208,306.51,1.517083370820554,0,31.676815516803288,0.7930166618917065
4519,145.48,115.62,0.88,0.0569,1788.1476274165202,46.19,38.712873509775285,0,131.33784891374202,0.7272317547338037
4520,362.89,269.93,0.77,0.0795,2614.4163522012577,327.32,7.987340682516368,2,309.55124573210844,0.7312012300669175
4521,63.29,45.93,0.8,0.0958,383.5490605427975,209.53,1.8305209781071805,0,37.42900328503171,0.7813212900854454
4522,388.54,348.06,0.88,0.0688,4451.930232558139,47.44,93.84338601513785,2,351.82910990031826,0.7429995614987945
4523,87.51,78.52,0.76,0.0683,873.7218155197658,398.7,2.1914266754947724,0,57.93649643165007,0.7722546726917026
4524,72.62,50.86,0.83,0.0243,1737.1934156378602,353.58,4.9131552000618255,1,47.31783134456279,0.11107191728450326
4525,70.63,62.55,0.84,0.0168,3127.4999999999995,320.81,9.748760948848226,1,82.2011602770179,0.12620062674976645
4526,139.81,142.93,0.84,0.0899,1335.4972191323695,331.14,4.033028988139064,0,145.59516663099413,0.7766467351733881
4527,94.24,88.59,0.79,0.0622,1125.17845659164,367.88,3.058547506229314,0,82.3058433540831,0.7713075026346702
4528,58.64,55.05,0.83,0.0853,535.6565064478311,311.84,1.7177286635705207,0,52.8994565957091,0.7790632992035191
4529,128.39,137.61,0.79,0.0664,1637.2274096385543,50.1,32.679189813144795,0,133.7104656075855,0.7462644867310376
4530,91.73,81.93,0.85,0.0785,887.1401273885351,399.58,2.2201815090558465,0,62.43367363197204,0.7855587539174597
4531,121.71,86.18,0.89,0.0274,2799.277372262774,319.62,8.758142082043594,1,90.93980578984568,0.11001380617626974
4532,130.04,109.21,0.83,0.0116,7814.1637931034475,200.95,38.88610994328663,1,114.5616413619742,0.12448854767961476
4533,60.85,49.55,0.77,0.0688,554.5566860465116,363.11,1.5272415687987428,0,53.49926569524082,0.764283089407371
4534,429.42,354.02,0.89,0.0278,11333.73381294964,218.42,51.88963379246242,3,372.0513338536618,0.10177764257566901
4535,384.89,353.94,0.82,0.0189,15356.126984126984,49.31,311.4201375811597,3,367.3640176617275,0.14461443485181738
4536,91.99,67.38,0.83,0.0601,930.539101497504,46.64,19.951524474646313,0,60.7497857061356,0.7743086522682645
4537,98.34,76.31,0.76,0.0125,4639.648,42.53,109.09118269456854,1,89.06332575016641,0.1046697705205784
4538,66.01,59.54,0.89,0.0907,584.2403528114663,360.47,1.6207738586053382,0,60.64294540897194,0.748628484288546
4539,166.83,140.09,0.84,0.0228,5161.210526315789,218.26,23.647074710509436,1,150.30121704632418,0.12719160123449785
4540,80.6,68.38,0.85,0.0972,597.9732510288065,333.55,1.792754462685674,0,74.89446906073377,0.768864596986527
4541,142.79,130.01,0.85,0.0168,6577.886904761904,451.93,14.555101243028574,1,146.49144010931883,0.15164739803033717
4542,347.16,388.87,0.83,0.0553,5836.5660036166355,205.2,28.443304111192184,2,331.83789571819403,0.7254236173749179
4543,160.43,141.54,0.77,0.0916,1189.801310043668,213.27,5.57884986188244,0,125.8460825005515,0.7376248543461643
4544,50.83,41.51,0.85,0.0885,398.683615819209,351.13,1.1354302276057557,0,27.354393568692018,0.780746383921888
4545,92.07,66.18,0.86,0.029,1962.5793103448275,355.19,5.525435148356731,1,65.42999150097182,0.11002695282526248
4546,175.36,136.11,0.78,0.0179,5931.05027932961,51.6,114.94283487072887,1,157.07980953690497,0.12619262596800507
4547,170.9,194.73,0.75,0.084,1738.660714285714,302.24,5.752583093851621,0,175.34286027713483,0.7256810463256965
4548,298.12,303.08,0.84,0.0509,5001.713163064832,42.82,116.80787396228006,2,286.31197597246376,0.7170389870924799
4549,487.97,513.53,0.89,0.0867,5271.530565167243,191.05,27.592413321995515,2,463.14286887538,0.7361417476516983
4550,102.99,96.29,0.9,0.0711,1218.860759493671,401.46,3.0360702423496013,0,111.03417180870426,0.7652841822522977
4551,292.58,263.27,0.81,0.0818,2606.952322738386,174.25,14.960988939675099,2,246.11751824259795,0.7328585931812286
4552,305.79,279.85,0.79,0.0528,4187.149621212122,414.3,10.106564376567999,2,292.82950591263386,0.7202872917072943
4553,84.05,65.99,0.82,0.0109,4964.385321100917,433.39,11.454775885693987,1,74.20445601533075,0.12934740794357114
4554,89.26,71.76,0.82,0.0761,773.2352168199737,42.79,18.07046545501224,0,80.19737126012417,0.7779413646020579
4555,197.09,157.09,0.83,0.0763,1708.8427260812582,210.4,8.121876074530695,0,159.27163798650417,0.738153678545671
4556,323.72,276.81,0.83,0.0266,8637.304511278197,201.91,42.77799272585903,2,273.2143648073969,0.11804226011155651
4557,98.75,92.8,0.85,0.0236,3342.3728813559323,44.14,75.72208612043345,1,90.082764950573,0.1102799144778254
4558,81.39,65.01,0.78,0.075,676.1040000000002,185.98,3.635358640714056,0,74.09839921777612,0.7825932772261426
4559,53.75,44.24,0.87,0.0267,1441.5280898876404,52.05,27.695064166909518,1,28.712480063515358,0.10294740349870724
4560,54.32,55.75,0.85,0.0187,2534.0909090909086,391.78,6.4681477081293295,1,48.507048658875064,0.13384805176465103
4561,136.14,100.89,0.75,0.0514,1472.1303501945524,170.02,8.65857163977504,0,101.78986209662251,0.7285858284188476
4562,50.16,45.53,0.78,0.0788,450.6776649746194,50.72,8.88560065013051,0,63.91406479150295,0.7598836815218852
4563,76.17,70.48,0.84,0.0605,978.5652892561985,303.99,3.2190706577722903,0,68.14617935121997,0.7761156640893709
4564,132.3,93.83,0.8,0.0797,941.8318695106651,209.5,4.495617515564034,0,100.11322074443278,0.7572683124532033
4565,181.3,185.5,0.84,0.0992,1570.7661290322578,193.25,8.128155907023327,0,164.38116386802406,0.74946293799309
4566,359.78,284.87,0.8,0.0835,2729.2934131736524,361.97,7.540109437725922,2,305.8555034698602,0.7395494119765442
4567,408.2,374.15,0.87,0.0154,21137.045454545452,408.86,51.69751370773725,3,349.5021610523242,0.12061848701149877
4568,317.19,285.97,0.86,0.019,12943.905263157898,403.39,32.08781889277845,3,268.62402930121317,0.11649371739574793
4569,65.13,55.06,0.81,0.0174,2563.1379310344832,393.78,6.50906072181036,1,57.208308612945956,0.12513832574741046
4570,179.45,176.72,0.81,0.0645,2219.274418604651,362.37,6.124332639580128,0,181.08393821307632,0.7293393943984101
4571,56.2,51.53,0.81,0.0582,717.1701030927836,338.68,2.1175448892547055,0,32.55098794610723,0.8035591235431282
4572,434.11,380.49,0.84,0.0281,11374.078291814947,179.07,63.517497580917784,3,374.09762968930244,0.11610541150499915
4573,150.56,147.23,0.77,0.0561,2020.8039215686276,395.87,5.1047159965863225,0,134.36856675758955,0.7198945093286803
4574,92.88,71.78,0.86,0.0111,5561.333333333333,317.07,17.539765141241155,1,84.88447728680754,0.11491761688850642
4575,53.99,52.79,0.83,0.0195,2246.9589743589745,357.11,6.292063998092953,1,67.0793290417059,0.13189925337028666
4576,131.1,128.06,0.83,0.088,1207.8386363636366,54.76,22.05695099276181,0,116.40168305695727,0.7561268392305799
4577,269.24,238.9,0.78,0.0858,2171.818181818182,209.77,10.35333070419117,2,260.29305401161383,0.7313830922425218
4578,92.04,81.56,0.79,0.0774,832.4599483204134,192.88,4.315947471590696,0,62.05705257870815,0.7795094168305934
4579,245.09,187.69,0.87,0.0886,1843.005643340858,178.92,10.30072458831242,0,219.29063019978415,0.7601264563294573
4580,284.36,298.63,0.78,0.0138,16879.08695652174,430.0,39.25369059656219,3,273.802263687449,0.14501929688487197
4581,248.77,251.7,0.83,0.0502,4161.573705179282,425.32,9.784570923491211,2,221.44427679160782,0.740103653434629
4582,174.45,151.79,0.81,0.0285,4314.031578947368,207.21,20.81961092103358,1,136.55703980671345,0.11215928199339835
4583,78.1,55.12,0.81,0.0116,3848.896551724138,49.31,78.05509129434472,1,50.2734907647645,0.11076255638527982
4584,348.86,327.79,0.89,0.0702,4155.742165242165,313.91,13.238642175280065,2,315.63824751363904,0.7538924514139161
4585,192.73,176.94,0.88,0.0837,1860.3010752688172,215.43,8.635292555673848,0,174.76100922055625,0.7310918640535833
4586,306.04,314.56,0.83,0.0139,18783.07913669065,396.14,47.41525505298796,3,276.71759911673774,0.13562848603547872
4587,183.36,159.44,0.88,0.0952,1473.81512605042,56.56,26.05755173356471,0,148.42451892142213,0.7365919708915766
4588,139.7,133.31,0.83,0.0293,3776.358361774744,312.62,12.079708149749678,1,145.95401297880846,0.1192325227807985
4589,162.36,137.16,0.8,0.0808,1358.019801980198,195.04,6.962775851005937,0,127.12736579478994,0.7457535852777895
4590,72.59,70.34,0.82,0.0259,2226.980694980695,170.35,13.072971499739918,1,65.75390790859251,0.11035970656599532
4591,229.07,205.01,0.79,0.0207,7824.053140096618,48.38,161.72081728186478,3,187.2065387531725,0.10050108213668
4592,97.2,82.25,0.82,0.0807,835.7496902106568,312.98,2.670297431818828,0,90.54436611513447,0.7849162166026262
4593,141.17,116.05,0.87,0.0598,1688.3528428093646,327.86,5.1496152101792365,0,107.4613588625488,0.7726178986187265
4594,418.41,390.66,0.76,0.0287,10345.00348432056,317.82,32.54988195934982,2,378.92494722884203,0.12127197487883518
4595,221.81,169.31,0.88,0.0139,10718.906474820145,358.83,29.87182363464634,1,179.72123956029813,0.12605155962404246
4596,246.1,221.53,0.78,0.0116,14895.982758620692,48.06,309.94554221016836,3,220.6439997039992,0.12383576186472078
4597,128.44,126.76,0.76,0.012,8028.133333333333,46.06,174.29729338543927,1,132.00073722365414,0.11738956204372608
4598,85.79,58.89,0.8,0.095,495.91578947368424,454.42,1.0913159400415569,0,57.90287257219984,0.7447253716267608
4599,177.03,193.07,0.83,0.0256,6259.69140625,340.49,18.384361967311815,1,180.18838998454805,0.1444141914094929
4600,113.17,97.07,0.79,0.0295,2599.501694915254,56.2,46.25447855721092,1,120.30859697626116,0.14600986479392145
4601,185.77,139.36,0.81,0.0587,1923.0255536626921,387.22,4.966235095456567,0,145.67105608602037,0.7471133410823182
4602,106.36,75.64,0.82,0.0504,1230.6507936507937,420.14,2.929144555745213,0,75.43607549712975,0.722651660546289
4603,271.34,262.98,0.81,0.0855,2491.3894736842108,369.47,6.743144162406178,2,264.8745459858758,0.724106414152041
4604,126.95,101.7,0.83,0.0939,898.9456869009585,315.7,2.8474681244883073,0,115.82671042203917,0.7517490096505548
4605,80.69,88.73,0.78,0.0243,2848.123456790124,418.16,6.811085366343322,1,92.42591540290036,0.13233888717415473
4606,425.51,422.27,0.79,0.0124,26902.685483870966,375.02,71.73666866799363,3,384.3894201653661,0.15305657902908038
4607,88.94,68.26,0.85,0.0155,3743.2903225806454,424.64,8.815208935994361,1,59.562275737368424,0.12056429687510367
4608,128.47,109.36,0.83,0.0536,1693.44776119403,49.88,33.95043627093083,0,133.72072767257256,0.7355151584639854
4609,170.79,131.91,0.84,0.0197,5624.588832487309,45.13,124.63081835779546,1,154.27307757191772,0.10884603537600125
4610,78.32,53.28,0.86,0.0189,2424.3809523809523,381.21,6.359699253379902,1,51.397231549517244,0.11808949686639575
4611,471.05,382.21,0.83,0.0111,28579.66666666666,415.38,68.80366571974255,3,408.5630225455569,0.1011452479009817
4612,57.51,47.8,0.81,0.0872,444.01376146788994,367.26,1.2089902561343189,0,33.45573099851049,0.7920545124320756
4613,60.68,47.89,0.77,0.0641,575.2776911076443,215.15,2.6738447181391787,0,34.7646650874282,0.7758015898368636
4614,143.02,117.77,0.87,0.0977,1048.7195496417603,208.75,5.023806225828792,0,110.12886032294783,0.7776897899076701
4615,184.12,171.21,0.84,0.0613,2346.10766721044,42.82,54.78999689888931,0,185.02579305845526,0.6957536012633443
4616,230.46,177.01,0.76,0.0239,5628.769874476987,57.44,97.99390449994755,1,207.28388767162008,0.12642269498777758
4617,52.71,40.35,0.81,0.0243,1345.0000000000002,420.44,3.1990295880506143,1,27.88089946153923,0.12469281520615218
4618,335.31,231.4,0.82,0.0662,2866.283987915408,425.92,6.729629949087641,2,281.70345619055536,0.7413499217469771
4619,189.51,159.39,0.75,0.0254,4706.397637795275,53.96,87.22011930680642,1,152.45779481949555,0.10690422156648967
4620,124.94,94.21,0.85,0.0718,1115.2994428969357,46.04,24.224575214963853,0,93.90819879450949,0.7409188592908015
4621,297.51,298.99,0.83,0.0906,2739.0916114790284,356.61,7.680916439468967,2,268.46121235050526,0.7394856607890542
4622,50.51,41.76,0.77,0.0543,592.1767955801106,358.35,1.6525095453609895,0,25.59792680444326,0.7269567326189135
4623,92.69,81.98,0.75,0.0236,2605.296610169492,206.04,12.644615657976567,1,103.13656699829717,0.12578639044704965
4624,468.53,451.8,0.88,0.0258,15410.232558139534,186.95,82.42970076565678,3,425.91680148975564,0.12281198342693156
4625,151.42,138.63,0.85,0.0652,1807.2929447852762,210.44,8.58816263441017,0,154.60732744310587,0.7615623166058445
4626,189.82,156.02,0.8,0.0578,2159.4463667820073,198.9,10.856945031583747,0,171.4713200967466,0.7265590736975726
4627,378.42,313.41,0.76,0.0596,3996.5033557046986,191.81,20.83574034567905,2,322.23400915229684,0.7333631681578717
4628,396.11,350.81,0.88,0.0167,18485.79640718563,182.9,101.0705107008509,3,340.5033679867631,0.1231145786885691
4629,116.28,106.83,0.82,0.0105,8342.914285714285,44.44,187.73434486305774,1,103.01209514305187,0.10621753588782429
4630,116.04,99.78,0.85,0.0137,6190.7299270073,187.09,33.08958216370356,1,103.47486990126221,0.1282946312618479
4631,137.28,115.86,0.82,0.0245,3877.763265306122,54.32,71.38739442757957,1,123.08760613317483,0.10169283596595642
4632,494.16,537.9,0.88,0.0964,4910.290456431535,318.75,15.40483280449109,2,468.7222475949762,0.7674459109434519
4633,180.77,169.43,0.77,0.0685,1904.541605839416,429.79,4.431330663438926,0,182.02275155260958,0.7073081453249358
4634,134.61,106.9,0.8,0.084,1018.0952380952381,455.12,2.2369819785885876,0,100.86409368577924,0.7492100419793646
4635,91.14,90.73,0.84,0.0218,3496.0183486238534,322.76,10.831634491956418,1,80.78599360706167,0.11945048406203992
4636,220.71,191.11,0.77,0.0793,1855.6708701134933,222.21,8.35097821931278,0,198.66947141334862,0.7514612998185389
4637,112.07,94.72,0.86,0.0976,834.6229508196719,445.66,1.8727795871733426,0,80.99378498099941,0.7503942575352737
4638,133.0,152.01,0.79,0.0171,7022.684210526316,207.32,33.87364562283579,1,139.71142889205046,0.132069923726292
4639,166.14,175.48,0.82,0.0178,8083.910112359551,346.67,23.318747259236595,1,168.62295015448427,0.14192970344290864
4640,341.51,285.59,0.75,0.0154,13908.603896103894,198.33,70.12859323402357,3,288.95149261420863,0.10554246484525583
4641,101.48,92.49,0.79,0.0288,2537.052083333333,385.64,6.578809468243266,1,71.48093017319249,0.10793508696702737
4642,185.08,189.67,0.78,0.0204,7252.088235294117,47.43,152.90086939266533,1,166.71358832063493,0.126610376589794
4643,252.47,201.16,0.82,0.0632,2609.987341772152,454.52,5.742293720347074,0,206.3091502341187,0.7347195456058447
4644,255.79,198.47,0.81,0.0575,2795.838260869565,338.41,8.261689255251218,0,228.83742886993474,0.7399210869131901
4645,482.17,430.88,0.76,0.0501,6536.303393213573,54.32,120.32959118581688,2,453.88629138345425,0.7133371286423569
4646,303.2,259.18,0.76,0.0575,3425.6834782608694,433.45,7.903295601017117,2,290.7238764002594,0.7331097266710026
4647,134.71,138.2,0.9,0.0257,4839.688715953307,395.54,12.235649279347998,1,121.28182321849201,0.12612632064176213
4648,75.53,58.86,0.86,0.0112,4519.607142857143,210.84,21.436193999512156,1,48.3660576081752,0.11468751329152094
4649,69.02,66.61,0.88,0.0507,1156.1499013806704,371.17,3.114879708437294,0,62.05560218798844,0.7665314860733596
4650,152.6,156.33,0.76,0.099,1200.109090909091,405.34,2.960746758052724,0,155.56161512274673,0.7525785695844103
4651,417.97,454.65,0.78,0.097,3655.9484536082473,204.28,17.8967517799503,2,398.52515112322374,0.7336072434024833
4652,77.93,59.8,0.89,0.0769,692.0936280884266,51.03,13.562485363284864,0,50.92075248963533,0.7595087899560269
4653,334.24,286.32,0.82,0.063,3726.7047619047617,53.65,69.46327608396574,2,301.97015305962884,0.7522979434138733
4654,122.86,113.97,0.85,0.051,1899.5,175.75,10.80796586059744,0,129.98395416360546,0.7333309041221121
4655,424.74,355.99,0.89,0.0161,19678.950310559005,322.61,60.999195035984634,3,386.17883606360505,0.12844638674533498
4656,318.73,246.4,0.89,0.0504,4351.111111111111,50.26,86.57204757483309,2,266.5264012532207,0.7379971024655895
4657,197.71,165.79,0.85,0.0515,2736.339805825243,353.18,7.747720159197131,0,177.3799999660049,0.7004984150428561
4658,145.6,145.26,0.79,0.093,1233.9290322580644,313.53,3.9356011617965247,0,151.2464800553402,0.753392304631304
4659,220.59,174.24,0.82,0.0647,2208.2967542503866,57.41,38.46536760582454,0,197.04400611293232,0.7425720314154244
4660,73.48,75.04,0.85,0.0761,838.1603153745073,349.96,2.3950174744956776,0,85.94794086837938,0.769114647309383
4661,94.02,97.18,0.89,0.0908,952.5352422907489,394.66,2.4135591199785864,0,105.14980100884523,0.7708614159305022
4662,49.48,41.47,0.88,0.0162,2252.6913580246915,213.12,10.570060801542283,1,25.223497939960794,0.11078248599389118
4663,161.68,141.97,0.79,0.014,8011.164285714286,202.72,39.5183715751494,1,126.223142752923,0.11363584725050586
4664,123.11,129.27,0.83,0.0755,1421.1139072847682,56.66,25.081431473433963,0,130.65453220012267,0.7397508623431865
4665,96.47,84.77,0.8,0.0612,1108.104575163399,52.08,21.27696956918969,0,105.20045983758449,0.7684313264399045
4666,146.1,145.79,0.81,0.0553,2135.441229656419,46.64,45.785618131569876,0,130.0010349456849,0.7383446037940042
4667,97.3,104.01,0.84,0.0289,3023.1280276816606,206.08,14.66968181134346,1,107.13625619589597,0.13681733345070407
4668,93.98,94.99,0.84,0.0101,7900.1584158415835,49.98,158.0663948747816,1,84.0585719230533,0.11416958833613243
4669,199.43,167.2,0.89,0.014,10629.142857142857,437.26,24.308518632261944,1,158.2415528718078,0.12808164617881837
4670,142.1,132.83,0.85,0.0159,7100.974842767296,220.22,32.24491346275223,1,128.24436948417986,0.13056009599347676
4671,257.63,207.84,0.85,0.0677,2609.5125553914327,54.53,47.85462232516839,2,211.9692570438385,0.7546650658462984
4672,113.23,113.1,0.81,0.0246,3724.0243902439024,376.03,9.90353001155201,1,101.51580715392161,0.1323255959209301
4673,490.94,418.41,0.81,0.0238,14240.004201680675,52.37,271.91147988697105,3,424.8141066275358,0.13040633152719572
4674,384.83,358.65,0.76,0.0737,3698.42605156038,53.55,69.06491226069805,2,347.5319383617219,0.7545420986345489
4675,82.83,83.14,0.79,0.0584,1124.6678082191781,395.63,2.842726305434821,0,74.64251769930979,0.7575785662896436
4676,173.64,150.45,0.85,0.0537,2381.424581005587,53.57,44.45444429728555,0,156.70887694415384,0.7383528401333771
4677,186.05,167.99,0.8,0.0229,5868.646288209608,411.11,14.275124147331878,1,150.40616669219398,0.11407094269910446
4678,197.82,162.04,0.81,0.0598,2194.85618729097,54.02,40.63043663996612,0,159.32963225076708,0.7272755943398884
4679,344.47,392.79,0.89,0.0108,32368.80555555555,51.68,626.3313768489851,3,329.53713850579663,0.13508658019377023
4680,182.77,162.58,0.8,0.0754,1724.986737400531,345.07,4.998947278524737,0,145.14870882586013,0.7589735420677364
4681,87.14,73.66,0.78,0.0764,752.0261780104712,42.58,17.661488445525393,0,78.43951161124144,0.7519669485372883
4682,66.85,56.69,0.78,0.0141,3136.04255319149,361.83,8.667171194183705,1,40.46210808999584,0.12096019042656798
4683,179.65,146.99,0.82,0.0846,1424.725768321513,54.81,25.99390199455415,0,163.49320024790717,0.7389017302129222
4684,185.77,155.17,0.82,0.0548,2321.8868613138684,48.46,47.91347216908519,0,167.74718350044898,0.7184356020724602
4685,457.01,383.71,0.78,0.0103,29057.650485436887,309.39,93.91916508431717,3,392.84002613211993,0.11440417221586494
4686,227.96,161.53,0.79,0.017,7506.394117647059,455.34,16.485250840354592,1,183.821989817901,0.11017345978184662
4687,334.51,290.89,0.8,0.0638,3647.523510971787,209.09,17.444753507923796,2,320.5060499234256,0.7228129390495223
4688,111.43,85.2,0.8,0.0111,6140.540540540541,54.66,112.34066118808161,1,79.48789301117012,0.09867016872153388
4689,72.91,69.93,0.79,0.0864,639.40625,357.05,1.79080310880829,0,86.20048795088172,0.7712466997981966
4690,137.47,111.72,0.79,0.0605,1458.823140495868,395.25,3.690887135979426,0,105.27388389804291,0.7484480706588557
4691,80.79,77.47,0.78,0.0807,748.7806691449815,183.82,4.073445050293666,0,72.9691878538216,0.7577544940049877
4692,63.17,64.18,0.84,0.053,1017.1924528301888,349.03,2.914341038965673,0,75.69606904063275,0.7734145840493809
4693,277.67,256.69,0.89,0.0843,2710.013048635825,455.56,5.9487510945557664,2,249.49808037518585,0.6778937351934857
4694,99.7,80.06,0.89,0.021,3393.0190476190473,51.28,66.166518089295,1,90.0974128022471,0.09867883196448554
4695,172.6,135.22,0.89,0.0254,4738.023622047244,304.3,15.57023865280067,1,157.0334107502036,0.12054811300948684
4696,369.75,401.11,0.78,0.0113,27687.2389380531,399.85,69.24406386908365,3,351.44135260322145,0.14952537672424288
4697,236.65,202.28,0.78,0.0663,2379.764705882353,46.73,50.92584433730694,0,232.0569867643279,0.7513420874850474
4698,160.51,160.22,0.84,0.0681,1976.2819383259914,380.45,5.194590454267293,0,143.80593321308774,0.746220353055149
4699,64.3,56.93,0.8,0.0504,903.6507936507937,375.65,2.4055658023447193,0,58.18639194697758,0.7770126751618857
4700,160.71,148.38,0.85,0.0283,4456.643109540636,321.69,13.853844103144754,1,145.62089299296557,0.11707914673543188
4701,54.62,54.4,0.86,0.0564,829.5035460992908,222.32,3.7311242627711896,0,67.97840772658168,0.7568504162531553
4702,396.39,405.82,0.76,0.0964,3199.410788381743,407.75,7.846501013811754,2,358.3340201934231,0.7378541978645967
4703,319.41,280.53,0.9,0.0206,12256.165048543688,191.91,63.86412927176118,3,270.63277128314763,0.08673407707825474
4704,194.63,152.78,0.86,0.0532,2469.7518796992485,440.32,5.608993186090227,0,153.26383907019186,0.7017845244374502
4705,81.91,75.85,0.89,0.0577,1169.9566724436743,189.23,6.182722995527529,0,93.74707263660183,0.7310210257987524
4706,319.8,274.71,0.85,0.0142,16443.90845070422,313.19,52.50457693637799,3,308.11574310228036,0.13133262717942315
4707,125.23,122.71,0.76,0.0251,3715.521912350597,51.82,71.70053864049783,1,131.0195171498709,0.12788080424208237
4708,145.74,101.56,0.76,0.096,804.0166666666667,56.21,14.30380122160944,0,113.54302793106488,0.7364752947295184
4709,129.38,132.32,0.88,0.014,8317.257142857143,174.36,47.70163536853144,1,116.52699482147419,0.11956303858853479
4710,420.77,437.65,0.75,0.0159,20643.8679245283,362.98,56.8732930864739,3,399.8792132756978,0.13951688877510726
4711,79.59,71.72,0.89,0.0844,756.2890995260664,229.35,3.297532590041711,0,72.43111619482886,0.7435258478006073
4712,57.99,62.54,0.82,0.0144,3561.305555555555,45.81,77.74078925028498,1,70.54198024343036,0.1130147318297086
4713,166.37,171.56,0.8,0.0597,2298.961474036851,55.97,41.07488786915939,0,148.87152016675083,0.7383142833439016
4714,54.49,42.19,0.75,0.0124,2551.814516129032,216.45,11.789394853910983,1,28.36668409506018,0.1295124687884042
4715,388.97,331.66,0.87,0.0736,3920.437500000001,299.39,13.094750993687168,2,350.48253479830703,0.7506235017302744
4716,255.12,249.27,0.88,0.0728,3013.153846153846,396.94,7.590955424381131,2,231.4408108668949,0.7543445695684936
4717,191.24,168.48,0.82,0.0574,2406.8571428571427,43.2,55.71428571428571,0,153.0235847076169,0.7237870696407996
4718,234.11,191.42,0.83,0.0794,2000.9899244332491,57.45,34.83011182651435,0,191.71592485555885,0.7299588501992994
4719,75.5,66.32,0.9,0.0501,1191.377245508982,49.99,23.83231137245413,0,85.33427730071139,0.7242383425331991
4720,422.05,411.66,0.81,0.0809,4121.688504326329,203.42,20.261962955099445,2,382.63383175595504,0.7608412517642036
4721,72.7,64.78,0.78,0.0698,723.9025787965617,348.55,2.076897371385918,0,84.28108145947033,0.7603253707363372
4722,150.87,118.94,0.84,0.0884,1130.1990950226243,175.91,6.424871212680486,0,117.68800817716104,0.7566165941587496
4723,93.46,77.36,0.85,0.0955,688.5445026178011,423.27,1.6267264455732773,0,67.52882120479332,0.7886375108843527
4724,458.96,356.9,0.88,0.0713,4404.936886395512,455.26,9.675651026656224,2,395.2414665872974,0.7305411908357822
4725,91.3,100.29,0.8,0.0128,6268.125000000001,395.17,15.861844269554878,1,99.18126178341831,0.12168788694221297
4726,59.41,54.74,0.85,0.0863,539.1541135573581,49.8,10.82638782243691,0,73.57432073926798,0.7759417561372678
4727,287.77,274.91,0.85,0.0875,2670.554285714286,52.07,51.287771955334854,2,260.1444207732342,0.7400149369516044
4728,415.31,364.62,0.83,0.0163,18566.539877300616,381.15,48.71189788088841,3,375.2324731553563,0.14381793899403314
4729,353.74,250.25,0.77,0.0797,2417.7227101631115,215.17,11.236337361914355,2,299.8440557272254,0.7186520762909072
4730,119.76,95.97,0.88,0.0115,7343.791304347826,348.29,21.085277511119543,1,107.28440403439231,0.12788479166705016
4731,418.95,333.22,0.85,0.0539,5254.860853432282,402.18,13.065942745617091,2,376.22834885669795,0.7116283671261473
4732,449.89,351.95,0.77,0.0523,5181.673040152964,366.74,14.129009762101118,2,405.7966537093185,0.7307579029911949
4733,432.66,394.85,0.89,0.0895,3926.4413407821235,340.27,11.539193407535556,2,392.2900503194844,0.7527634642134059
4734,348.57,372.24,0.86,0.0724,4421.635359116021,185.65,23.817050143366664,2,333.5633134714584,0.7370250703341528
4735,442.88,407.29,0.8,0.0164,19867.80487804878,344.96,57.59451785148649,3,420.2468485666677,0.1376823843705564
4736,176.71,190.97,0.81,0.0983,1573.6083418107835,393.6,3.9979886732997545,0,179.3344379541423,0.7077235655258686
4737,68.07,61.58,0.9,0.0114,4861.57894736842,353.12,13.767498151813603,1,80.44227359712656,0.11679015011695444
4738,345.75,339.85,0.9,0.0969,3156.5015479876165,383.11,8.239152065953947,2,312.9624028404679,0.7572060753991114
4739,197.17,169.25,0.76,0.0565,2276.6371681415926,345.91,6.5815881823063584,0,197.71773733366282,0.6848312795658602
4740,390.6,365.23,0.78,0.0929,3066.516684607105,54.67,56.091397194203495,2,353.1582911913605,0.7519967391952853
4741,152.04,117.52,0.77,0.0579,1562.8739205526767,193.45,8.078955391846351,0,116.45679770147702,0.7410820525451786
4742,113.84,128.63,0.83,0.0912,1170.645833333333,45.83,25.543221325187282,0,123.89095888681469,0.7182742186414895
4743,116.24,126.54,0.78,0.051,1935.317647058824,400.92,4.827191577019914,0,122.02897611479854,0.7063880123531748
4744,53.12,39.27,0.89,0.08,436.8787500000001,449.92,0.9710142914295876,0,26.099770383372572,0.7559272861017563
4745,196.62,168.13,0.81,0.0268,5081.5410447761205,198.66,25.579085094010473,1,196.95072503382733,0.1309334687075761
4746,53.6,52.69,0.77,0.0668,607.3547904191616,398.92,1.5224977198916114,0,48.834540059934824,0.7837446230847853
4747,99.27,93.79,0.79,0.0808,917.006188118812,304.38,3.012701846766581,0,88.89385334593761,0.7556980724543776
4748,341.63,363.99,0.82,0.0176,16958.624999999996,201.52,84.15355795950772,3,328.76694270950884,0.1377959205141003
4749,247.38,206.16,0.83,0.0766,2233.8485639686683,376.44,5.934142397111541,0,222.23450288152395,0.7375144005505005
4750,158.61,162.3,0.87,0.0137,10306.642335766424,47.01,219.2436148854802,3,161.25504202572967,0.11787525813607455
4751,416.77,409.78,0.83,0.0804,4230.315920398009,214.39,19.73187145108452,2,376.9556120017379,0.754518327773242
4752,78.85,73.27,0.75,0.028,1962.5892857142858,349.52,5.615098665925514,1,71.25876817289446,0.1228528720930948
4753,92.98,93.49,0.89,0.0284,2929.7922535211264,57.0,51.39986409686187,1,103.73377663138476,0.12395608946837083
4754,285.29,224.1,0.88,0.0227,8687.577092511012,348.52,24.927054666908678,1,237.8646200161694,0.10947647493572614
4755,264.93,247.02,0.9,0.0596,3730.1677852349,55.38,67.35586466657458,2,257.1910833680292,0.7497555778216711
4756,429.46,350.89,0.75,0.0197,13358.756345177668,53.01,252.00445850174813,3,369.65309663950893,0.09921326623830869
4757,264.25,249.26,0.8,0.0614,3247.6872964169384,178.15,18.230071829452363,2,236.87110109782748,0.7453527099500827
4758,460.18,397.58,0.76,0.0906,3335.108167770419,331.24,10.068555028892703,2,434.7539283328088,0.7252938403550018
4759,146.02,126.25,0.78,0.0881,1117.7639046538027,43.65,25.607420496077953,0,131.023577196631,0.7334876068619258
4760,120.65,130.75,0.79,0.0856,1206.6880841121497,53.52,22.546488866071556,0,125.78463236024456,0.7538010398371741
4761,395.74,428.4,0.83,0.0195,18234.461538461535,330.15,55.2308391290672,3,377.49348817865734,0.1200823077709015
4762,57.85,40.3,0.88,0.0767,462.3728813559321,177.89,2.5992067083924457,0,31.34013271198367,0.7740853124674422
4763,176.22,194.58,0.76,0.0121,12221.553719008267,415.07,29.444560481384507,1,177.11420057359794,0.15250159647409675
4764,54.85,48.5,0.76,0.0783,470.7535121328225,183.09,2.571159059112035,0,28.072896292811663,0.7689027152578349
4765,193.43,171.56,0.85,0.0153,9531.111111111111,390.53,24.40557988147162,1,155.08211474644125,0.1181065773735518
4766,62.39,63.66,0.76,0.0154,3141.6623376623374,190.14,16.52289017388418,1,74.43262494094313,0.12517206058720157
4767,78.53,82.6,0.88,0.0164,4432.195121951219,49.26,89.97554043749938,1,90.58463004960187,0.13498288525091853
4768,109.08,84.39,0.76,0.0641,1000.5678627145084,43.5,23.00156006240249,0,79.54137007720954,0.7409297080616847
4769,301.34,265.49,0.76,0.0868,2324.5668202764978,380.48,6.109563762291047,2,271.5726939661097,0.7222761678817808
4770,64.77,50.34,0.78,0.0226,1737.398230088496,45.87,37.876569219282665,1,58.065542927646106,0.11573064813334785
4771,88.71,77.95,0.86,0.077,870.6103896103897,377.81,2.3043603652904627,0,99.90704660459376,0.7686593839850439
4772,79.0,88.65,0.88,0.0809,964.3016069221261,49.04,19.663572734953632,0,89.04157793255789,0.7249027732281205
4773,86.57,70.84,0.8,0.0821,690.2801461632156,196.23,3.5177095559456535,0,78.77759019688473,0.7819006468170758
4774,138.02,126.91,0.86,0.0609,1792.1609195402298,199.63,8.977412811402242,0,142.9077305055241,0.7421780758061673
4775,91.19,80.74,0.79,0.0813,784.5584255842558,383.88,2.0437595748261326,0,62.68899279819394,0.786832722185998
4776,55.68,60.52,0.85,0.0295,1743.7966101694917,185.08,9.421853307593969,1,70.047777319813,0.13546330365428413
4777,202.16,152.63,0.77,0.0822,1429.7457420924575,50.78,28.155686138094868,0,161.63698330211207,0.750123065114101
4778,353.64,304.42,0.79,0.0124,19394.5,52.88,366.76437216338877,3,298.75939884749135,0.11906372690118937
4779,136.1,106.35,0.77,0.0521,1571.7754318618042,429.4,3.6603992358216217,0,121.30021350114212,0.7148587699082737
4780,379.07,302.05,0.83,0.0232,10806.099137931036,48.11,224.61232878676026,3,342.2138912710651,0.12724988199482648
4781,80.98,55.68,0.88,0.0278,1762.5323741007194,224.78,7.84114411469312,1,54.96607785346825,0.11915844074906355
4782,378.17,274.9,0.85,0.0149,15682.214765100669,177.32,88.4401915469246,3,321.00302864366023,0.12540293100074462
4783,171.14,184.58,0.82,0.0293,5165.720136518772,346.99,14.887230572981274,1,172.61185923284688,0.1296451285556782
4784,308.44,313.15,0.8,0.0517,4845.647969052224,427.21,11.342543407345858,2,293.69388266208784,0.7147354433629803
4785,433.41,368.97,0.8,0.0207,14259.71014492754,382.29,37.30076681296278,3,412.5784023389703,0.12428585054281133
4786,65.62,61.77,0.81,0.0281,1780.55871886121,373.88,4.762380225904596,1,60.14983374330728,0.1395473985523323
4787,62.68,58.01,0.8,0.0586,791.9453924914676,55.52,14.264146118362168,0,76.19981243500175,0.7845044833185869
4788,141.14,128.78,0.9,0.0501,2313.4131736526947,225.98,10.237247427439131,0,125.15250547115187,0.7494659325715632
4789,131.54,118.77,0.89,0.0629,1680.5294117647059,308.25,5.451839129812509,0,98.78045778183439,0.7830803775653327
4790,94.96,93.68,0.86,0.0217,3712.663594470046,373.45,9.941527900575837,1,106.34760758223912,0.12832563805027816
4791,195.86,191.43,0.83,0.0226,7030.3938053097345,417.11,16.855011400613108,1,197.00455716647707,0.15376708549220633
4792,80.6,61.8,0.79,0.0144,3390.416666666667,355.87,9.527121327076367,1,53.93961646781639,0.11019977408771718
4793,83.36,79.13,0.82,0.0891,728.2446689113355,53.14,13.704265504541503,0,96.63003255793157,0.7768560543724067
4794,78.84,77.99,0.83,0.0976,663.2346311475408,175.4,3.7812692767818743,0,71.93507118721466,0.7646080058850591
4795,194.57,169.97,0.8,0.0635,2141.3543307086616,365.86,5.852933719752532,0,192.2306621659407,0.7196122889528547
4796,84.19,91.85,0.79,0.0877,827.3831242873432,48.73,16.978927237581434,0,96.07055942550787,0.7661636143639814
4797,278.92,298.2,0.85,0.0154,16459.090909090904,56.7,290.2837902837902,3,270.8567608402838,0.13574658982472054
4798,422.87,479.96,0.89,0.016,26697.775,45.37,588.445558739255,3,402.6069480612835,0.12254307153885177
4799,174.25,152.78,0.88,0.0761,1766.706964520368,47.53,37.170354818438206,0,176.17219357845076,0.7201031638031777
4800,102.28,108.15,0.75,0.0803,1010.1183063511833,350.37,2.8830045561868403,0,110.95143275343777,0.7529784746486208
4801,149.06,147.46,0.78,0.0847,1357.9551357733178,396.76,3.4226109884396556,0,133.97703798755572,0.7380945330580393
4802,114.99,81.27,0.76,0.0884,698.7013574660633,398.48,1.7534163758935537,0,84.02781891584348,0.7424620248563895
4803,415.97,315.94,0.85,0.0816,3291.041666666666,57.08,57.65665148329828,2,358.0454697160544,0.7571508797495305
4804,356.24,394.7,0.9,0.0212,16756.132075471698,307.72,54.452528517716416,3,342.0825487821173,0.11418934895033596
4805,142.2,140.6,0.88,0.0605,2045.0909090909092,390.08,5.242747408457007,0,146.31697101706413,0.7489310507322248
4806,129.24,109.65,0.8,0.016,5482.500000000001,54.72,100.1918859649123,1,115.2496397392284,0.11093494997026179
4807,68.22,65.03,0.76,0.0619,798.4297253634896,408.6,1.9540619808210709,0,78.35391843345349,0.7630449551712811
4808,180.9,187.63,0.76,0.0942,1513.787685774947,212.85,7.1119928859523,0,184.2795824891554,0.7255316944527662
4809,195.8,212.08,0.79,0.0774,2164.6408268733853,229.68,9.424594335046088,0,196.4239821600522,0.7407582045237839
4810,184.3,153.85,0.88,0.0844,1604.1232227488154,52.4,30.613038602076628,0,147.31484162604295,0.7308349384801152
4811,56.51,57.23,0.87,0.0956,520.8169456066944,446.37,1.1667830400938557,0,50.86567991783602,0.7783011644554523
4812,155.18,144.16,0.85,0.0917,1336.2704471101415,435.44,3.0687820299240802,0,159.17525382648202,0.729598535302586
4813,482.32,490.6,0.86,0.0148,28507.837837837837,406.66,70.10238980435213,3,455.58772078584917,0.11840019654881072
4814,198.5,202.53,0.82,0.0507,3275.6331360946742,346.12,9.463865526680557,0,176.54150901093118,0.7110328135729751
4815,54.52,51.18,0.85,0.0681,638.8105726872247,49.61,12.876649318428235,0,68.258435834442,0.783174185350806
4816,297.86,299.45,0.8,0.0267,8972.284644194755,44.81,200.2295167193652,3,287.69327952701656,0.12370732252204665
4817,433.44,430.61,0.85,0.0604,6059.90894039735,225.65,26.8553465118429,2,410.7347964695417,0.7496196869559344
4818,66.23,62.97,0.83,0.0106,4930.669811320755,46.34,106.40202441348197,1,58.116814225987625,0.10992912532876511
4819,84.82,87.56,0.85,0.0197,3777.9695431472087,387.42,9.75161205706264,1,75.53798352649497,0.13050654267353243
4820,129.67,115.81,0.83,0.0213,4512.784037558685,444.8,10.145647566453878,1,134.1726397543677,0.16246278001843223
4821,111.21,107.75,0.84,0.0943,959.8091198303287,309.16,3.104570836558185,0,121.37626457374876,0.7350494718009056
4822,172.99,137.65,0.82,0.0139,8120.359712230217,358.26,22.66610760964165,1,136.24602835064343,0.1235294778117591
4823,62.06,60.34,0.87,0.053,990.4867924528303,372.32,2.6603104653331284,0,55.11645796399915,0.7700325326219013
4824,252.12,262.17,0.88,0.0684,3372.947368421053,360.83,9.347746496746538,2,246.04229117493185,0.7392016286268251
4825,181.58,140.07,0.86,0.0503,2394.8349900596418,190.18,12.592464980858354,0,143.53228464573735,0.7526741361112609
4826,282.29,279.42,0.79,0.0747,2955.0441767068273,53.55,55.18289779097717,2,270.92316968601654,0.7390133759400538
4827,72.0,77.97,0.78,0.0526,1156.2091254752852,56.66,20.40609116617164,0,80.24975154068055,0.7761355411257
4828,77.47,61.06,0.82,0.071,705.2,373.94,1.885864042359737,0,49.981688362029914,0.7725029958068906
4829,71.0,59.52,0.8,0.0982,484.8879837067211,298.97,1.621861670758675,0,45.876474281716966,0.7805823175989185
4830,177.79,183.96,0.85,0.0937,1668.794023479189,406.5,4.10527435050231,0,161.5133836692121,0.7309846712605929
4831,142.64,100.65,0.75,0.0589,1281.6213921901528,387.35,3.3086908279079714,0,110.04976278720369,0.7623818071322206
4832,190.64,189.21,0.85,0.0116,13864.525862068966,212.51,65.24175738585933,1,192.33207507928054,0.13289182453250872
4833,74.7,59.81,0.82,0.0555,883.6792792792793,316.7,2.7902724322048607,0,48.41231604897075,0.7978760656766651
4834,123.51,116.14,0.76,0.0928,951.146551724138,51.34,18.52642290074285,0,130.05994805431453,0.7225367807243539
4835,84.68,94.91,0.79,0.0232,3231.8491379310344,402.76,8.024255482001774,1,95.04909143134563,0.13012847137012679
4836,105.11,115.52,0.76,0.0712,1233.0786516853932,212.78,5.795087187166995,0,112.4702122527504,0.7216491759418362
4837,155.04,166.14,0.82,0.0239,5700.200836820082,43.37,131.43188463961454,1,160.09574439547464,0.1053654344775257
4838,218.92,185.78,0.85,0.0642,2459.704049844237,450.29,5.462488729139525,0,173.82145541564694,0.7465212994196208
4839,56.41,63.86,0.81,0.056,923.6892857142858,221.33,4.17335781735095,0,68.4963558524424,0.7576098891164742
4840,64.77,60.35,0.77,0.0914,508.4190371991248,48.87,10.40349984037497,0,56.541276934455766,0.774943121454398
4841,309.33,212.58,0.75,0.0529,3013.894139886578,195.48,15.417915591807747,2,258.9309654350293,0.7126513900688238
4842,314.47,243.2,0.85,0.0251,8235.85657370518,364.34,22.604865163597683,2,282.1244971232349,0.1570736845735289
4843,343.45,259.47,0.78,0.0283,7151.469964664312,393.48,18.174926208865283,2,290.0728208962041,0.12973545928841826
4844,418.85,425.24,0.84,0.0221,16162.968325791853,57.34,281.87946155897896,3,378.46699831026865,0.1483202334508862
4845,124.49,113.01,0.81,0.0111,8246.675675675677,351.5,23.461381723117146,1,131.32550691226487,0.14783582636441867
4846,103.76,94.25,0.82,0.0112,6900.446428571428,454.36,15.187178511689911,1,73.53231048304774,0.12187461216288505
4847,190.36,149.24,0.79,0.0161,7322.956521739131,366.09,20.003159118629657,1,150.814467696644,0.11480516367458836
4848,378.94,296.19,0.78,0.0868,2661.615207373272,366.71,7.258092790960901,2,323.37823188937386,0.7408211368276718
4849,70.45,55.95,0.76,0.0163,2608.7116564417183,209.51,12.451489935763059,1,62.451528951382286,0.12456394641853556
4850,66.38,55.47,0.79,0.0217,2019.4147465437788,434.71,4.645429703811228,1,56.70271294460301,0.1465168678455944
4851,367.39,318.76,0.86,0.0811,3380.192355117139,55.61,60.7838941758162,2,312.8273492808539,0.7322396129310077
4852,76.56,59.83,0.88,0.0263,2001.9163498098858,458.78,4.3635649980598235,1,50.42105984909391,0.10997692605728458
4853,201.16,182.45,0.76,0.0514,2697.7042801556418,396.71,6.800192281907797,0,197.4758443144391,0.7125361903045286
4854,121.66,127.17,0.81,0.0585,1760.8153846153848,366.11,4.809525510407759,0,128.64236811846803,0.7138419883214128
4855,424.2,461.79,0.85,0.0775,5064.793548387097,397.61,12.73809398251326,2,403.64829186287795,0.7381938649298828
4856,174.56,178.06,0.83,0.0645,2291.31472868217,297.86,7.692589567857953,0,158.10199865806362,0.7371883195908815
4857,53.18,46.58,0.8,0.0532,700.451127819549,386.8,1.810887093638958,0,46.21410577800445,0.7423686068077882
4858,397.04,365.2,0.81,0.0853,3467.901524032826,53.73,64.54311416402058,2,358.8333431518415,0.7550721100562854
4859,177.98,155.15,0.79,0.087,1408.8333333333337,351.44,4.008744973063208,0,180.79606502314095,0.7275631541877919
4860,127.4,121.36,0.83,0.0816,1234.4215686274508,403.09,3.062396905473842,0,113.70144251958561,0.7518102018360948
4861,80.27,74.66,0.76,0.0809,701.3794808405439,54.33,12.909616801776991,0,90.47516867058205,0.7443519627499116
4862,113.08,113.81,0.87,0.0535,1850.7420560747664,330.44,5.6008414722030215,0,118.47724925187049,0.7375524794935514
4863,53.86,40.69,0.86,0.0599,584.1969949916527,55.43,10.539364874466042,0,28.511699789300025,0.7753345336813559
4864,493.2,372.21,0.88,0.0677,4838.180206794683,312.5,15.482176661742985,2,427.2894191639069,0.7562013240538298
4865,75.74,61.57,0.77,0.0114,4158.675438596491,175.96,23.63420913046426,1,68.54866080442207,0.12825196700595085
4866,443.8,331.18,0.86,0.0237,12017.502109704641,371.85,32.3181447080937,3,383.809534887833,0.10632519418549329
4867,405.09,406.39,0.84,0.0538,6345.122676579925,317.95,19.956353755558816,2,385.53517944832754,0.7139713103922262
4868,154.15,139.08,0.77,0.0657,1630.0091324200916,50.72,32.137404030364586,0,156.51073873548444,0.7315357642898843
4869,200.38,174.73,0.85,0.0945,1571.6455026455026,52.39,29.998959775634713,0,181.30978054479317,0.7478002532818708
4870,391.12,302.23,0.83,0.0905,2771.8331491712706,350.62,7.905519220726914,2,352.90142695942905,0.7463365330062892
4871,68.96,56.55,0.78,0.0632,697.9272151898734,44.66,15.627568633897749,0,62.0724644497534,0.7661067109576873
4872,478.17,339.16,0.82,0.071,3917.0591549295777,192.7,20.327240035960447,2,413.21025001089833,0.7553554849154389
4873,87.38,63.61,0.79,0.0626,802.7460063897763,317.01,2.5322419052704217,0,60.12325238234902,0.782504072065486
4874,101.74,115.64,0.89,0.0731,1407.9288645690835,310.7,4.531473654873137,0,111.01444772949122,0.7604923120815157
4875,61.74,47.93,0.77,0.0157,2350.707006369427,360.08,6.528290953036622,1,35.4416952172073,0.118341807434881
4876,458.51,400.5,0.84,0.0941,3575.1328374070135,215.59,16.583017938712434,2,415.4369490189351,0.7728274443709755
4877,247.14,237.08,0.75,0.075,2370.8,45.93,51.61767907685609,2,222.4223240247221,0.7523522657568366
4878,145.43,133.36,0.89,0.0227,5228.651982378855,370.89,14.097581445654654,1,129.19541030037934,0.15141240680694895
4879,145.88,134.04,0.76,0.0817,1246.8837209302324,422.75,2.949458831295641,0,131.5672675148017,0.7135775156141407
4880,298.61,239.62,0.82,0.0539,3645.4248608534317,43.94,82.96369733394246,2,268.79633298234353,0.7390950579769059
4881,401.78,391.18,0.77,0.0185,16281.545945945945,376.28,43.269761735797665,3,363.6161853692913,0.1261867141816261
4882,49.37,42.82,0.82,0.0602,583.2624584717609,334.16,1.7454586379930597,0,62.50763050136413,0.732458775824303
4883,49.77,55.89,0.89,0.0146,3406.9931506849316,373.72,9.11643249139712,1,64.52272115448845,0.11239636359077347
4884,385.01,327.29,0.78,0.0555,4599.751351351352,328.87,13.986533740843957,2,327.84159826583425,0.7330045759959881
4885,201.24,229.53,0.82,0.0732,2571.2377049180327,412.25,6.237083577727186,0,198.78049829458197,0.7182088122107697
4886,255.4,274.57,0.83,0.0605,3766.8280991735537,415.49,9.065989793192504,2,245.88638239871807,0.7246872118050497
4887,156.64,144.09,0.8,0.0202,5706.534653465347,53.08,107.5081886485559,1,140.44242133953156,0.11644395071148442
4888,78.32,60.7,0.89,0.1,540.23,350.12,1.5429852621958187,0,52.046165920234756,0.7757520178949423
4889,96.43,75.04,0.77,0.0521,1109.0364683301345,389.34,2.848503797015808,0,85.61533581835432,0.742632836876526
4890,166.63,125.32,0.9,0.0607,1858.1219110378916,46.57,39.899547155634345,0,130.48596547233058,0.7455162469588908
4891,143.56,135.09,0.84,0.069,1644.5739130434781,435.69,3.7746423214750813,0,128.78655933990933,0.7563278758903184
4892,178.42,130.49,0.84,0.0219,5005.095890410959,196.8,25.432397817128855,1,142.9720854114606,0.11111827500562481
4893,233.74,249.86,0.79,0.0553,3569.4285714285716,229.26,15.569347341134833,2,228.31015994794606,0.7360405094677673
4894,109.57,94.72,0.85,0.0269,2993.0111524163567,298.99,10.01040554003932,1,80.09914568182435,0.11125894082063331
4895,315.2,280.8,0.78,0.0658,3328.6322188449853,353.1,9.426882522925474,2,264.0460063301364,0.7423812792149372
4896,97.52,87.49,0.86,0.0219,3435.6803652968038,390.71,8.793428285164966,1,68.8885978819821,0.1033563848809777
4897,53.08,55.33,0.84,0.0268,1734.2238805970148,221.77,7.819921001925485,1,64.83858162722771,0.1496766519149074
4898,238.55,199.39,0.89,0.0795,2232.1647798742138,306.42,7.284657593741315,0,195.55293978257413,0.760432793586107
4899,167.83,159.2,0.78,0.0249,4986.987951807229,413.1,12.072108331656327,1,168.37206602810858,0.152467730787011
4900,497.15,360.39,0.77,0.0679,4086.896907216494,49.17,83.11769182868606,2,431.2630910121258,0.7711965001383403
4901,140.69,126.66,0.8,0.095,1066.6105263157897,225.41,4.731868711750986,0,107.67988507136766,0.7735216864231128
4902,229.49,258.03,0.78,0.0114,17654.684210526313,185.64,95.1017249004865,3,224.4904372835629,0.13758743889336306
4903,456.12,473.47,0.82,0.0238,16312.83193277311,347.15,46.99073003823451,3,431.2102831323983,0.13574618340737965
4904,453.07,406.54,0.89,0.0765,4729.681045751634,51.98,90.99040103408299,2,392.27662112512553,0.7662436270806897
4905,75.04,72.7,0.77,0.0194,2885.515463917526,55.95,51.57310927466534,1,67.16274731092565,0.12587284185215455
4906,169.69,139.18,0.8,0.0886,1256.704288939052,51.21,24.540212633060964,0,134.15287746371285,0.7472160780826423
4907,98.89,72.75,0.81,0.017,3466.323529411765,171.05,20.26497240229035,1,70.64641974476022,0.10476564013318133
4908,217.33,172.2,0.78,0.02,6715.8,53.98,124.41274546128197,1,192.36401419915438,0.13000835274099937
4909,185.85,206.01,0.81,0.0787,2120.3062261753494,227.53,9.318798515252272,0,186.6792274238394,0.7244229935010673
4910,397.89,376.8,0.79,0.0109,27309.35779816514,315.41,86.58367774694885,3,379.0001051885193,0.11981339682014452
4911,148.0,127.64,0.87,0.0793,1400.3379571248424,179.81,7.787875852982829,0,134.23764587496225,0.7489026502787898
4912,196.62,175.12,0.86,0.0236,6381.49152542373,308.61,20.6781748012823,1,159.97880199947068,0.1290881011038402
4913,179.4,170.36,0.77,0.0563,2329.9680284191836,404.34,5.762398052181787,0,159.49528053265257,0.7135002659618137
4914,182.57,164.24,0.88,0.0922,1567.583514099783,200.75,7.808635188541883,0,186.37387057567832,0.7268584808716554
4915,64.63,49.82,0.9,0.0273,1642.4175824175823,54.19,30.30849939873745,1,37.63007018599316,0.11324615474772301
4916,96.61,82.95,0.8,0.0219,3030.1369863013697,225.14,13.458901067341964,1,86.09631091851223,0.13753934781399793
4917,185.21,166.23,0.77,0.0523,2447.363288718929,338.82,7.223196059025232,0,185.56167930164008,0.7111071221539929
4918,90.87,62.05,0.87,0.0158,3416.677215189873,309.26,11.047911838549677,1,63.01524096839839,0.10530292685123654
4919,51.19,50.95,0.89,0.0836,542.4102870813398,53.07,10.220657378581869,0,64.6189184057256,0.7319682720596142
4920,158.74,124.77,0.88,0.0525,2091.382857142857,388.35,5.385304125512699,0,141.33823398925168,0.7392432012022173
4921,184.67,131.33,0.82,0.0801,1344.4519350811483,391.32,3.4356841845066657,0,147.94182212363785,0.752436785943492
4922,109.38,88.22,0.77,0.0239,2842.234309623431,227.24,12.507632061359931,1,78.60085379719214,0.12106002133616428
4923,317.75,271.6,0.82,0.0869,2562.8538550057538,356.92,7.180471408174811,2,306.86051732923363,0.7216994306861599
4924,257.05,207.75,0.87,0.0911,1984.0010976948408,304.8,6.509189953067063,0,232.4086173539019,0.7478863868546854
4925,171.27,154.94,0.78,0.0239,5056.619246861924,310.22,16.30010717188422,1,135.29856868319638,0.1250501550577244
4926,366.82,398.6,0.89,0.0245,14479.755102040817,363.1,39.87814679713802,3,351.99104534536315,0.12940045702526753
4927,95.35,80.75,0.86,0.0157,4423.248407643312,45.86,96.45112096910842,1,66.48503376124536,0.10409334585548645
4928,194.27,173.63,0.8,0.0882,1574.8752834467118,46.65,33.759384425438625,0,175.44774791658412,0.73534660694603
4929,377.31,302.44,0.87,0.0863,3048.931633835458,42.75,71.32003821837328,2,341.18292024262246,0.7429348548975055
4930,97.97,93.11,0.76,0.0516,1371.3875968992247,423.72,3.2365420487567844,0,87.17750965528258,0.743560650665049
4931,71.26,59.36,0.84,0.0974,511.9342915811089,387.04,1.3226909145853372,0,45.591555119452124,0.783529896195676
4932,350.64,261.69,0.87,0.0704,3233.9531249999995,225.85,14.319030883329642,2,299.3134784116987,0.7613357188894547
4933,106.08,99.14,0.75,0.0978,760.2760736196319,54.43,13.967960198780672,0,95.03394023983208,0.7422050599828771
4934,490.52,460.49,0.86,0.0924,4285.945887445888,377.44,11.355303856098686,2,465.2332975341546,0.6969617155116452
4935,94.09,92.47,0.75,0.02,3467.6249999999995,183.6,18.886846405228756,1,84.40146591444747,0.1257245407797679
4936,96.34,84.43,0.83,0.0726,965.2465564738293,49.37,19.551277222479833,0,105.42905158286345,0.774909021983705
4937,58.85,51.87,0.88,0.011,4149.6,177.16,23.422894558591107,1,52.79566393723741,0.13866796830467937
4938,173.44,170.26,0.88,0.0269,5569.843866171003,333.79,16.686670859435583,1,158.70797644294092,0.12574433134120605
4939,134.24,102.16,0.88,0.0884,1016.9773755656108,56.18,18.102124876568368,0,100.30047378677637,0.7640276039176895
4940,63.76,66.68,0.77,0.0675,760.645925925926,44.77,16.99008099008099,0,75.8157840802626,0.7617315458940284
4941,61.46,57.93,0.86,0.0249,2000.7951807228917,420.95,4.753047109449796,1,54.865352564737634,0.13795597992208647
4942,165.07,170.51,0.87,0.0293,5062.9249146757675,51.69,97.94786060506418,1,149.22947081598164,0.11160131291709954
4943,67.47,66.27,0.79,0.058,902.6431034482757,323.44,2.7907590386107954,0,80.15744997335943,0.7710196840503066
4944,129.8,89.87,0.8,0.0263,2733.6882129277565,398.5,6.859945327296754,1,97.16785454330326,0.10659755823182397
4945,51.79,43.02,0.83,0.0147,2429.0204081632655,47.35,51.29926944378597,1,26.841937577030933,0.09398824550894991
4946,170.68,118.17,0.83,0.0588,1668.045918367347,309.37,5.391750713926195,0,134.30166614039598,0.7640597836717384
4947,122.47,104.55,0.89,0.0679,1370.3902798232693,441.1,3.1067564720545664,0,128.66576294835204,0.7194766181096646
4948,98.07,106.03,0.84,0.0506,1760.1818181818182,53.34,32.99928418038654,0,105.94465155564882,0.7615239327984658
4949,495.17,464.74,0.76,0.0808,4371.316831683169,316.24,13.822782796873161,2,468.9334468883609,0.7418280023194906
4950,64.59,50.63,0.84,0.0501,848.8862275449103,57.32,14.809599224440166,0,57.34906590530109,0.7681017567927568
4951,62.66,49.51,0.88,0.0704,618.8749999999999,370.68,1.6695667422035174,0,36.406603580831415,0.7893697384438855
4952,63.24,47.0,0.89,0.0965,433.47150259067354,391.79,1.106387356978671,0,36.870547671841166,0.763787824644415
4953,65.43,57.52,0.82,0.0535,881.6149532710281,52.1,16.921592193301883,0,37.47385485156266,0.7625330580796811
4954,146.23,112.88,0.87,0.0127,7732.724409448819,380.24,20.336430700212546,1,130.67368188670173,0.13743925785820593
4955,94.27,74.81,0.85,0.0153,4156.111111111112,203.8,20.39308690437248,1,66.91631275144408,0.11568120383146052
4956,186.25,165.66,0.89,0.0918,1606.0718954248366,173.14,9.276145867071946,0,151.28926097019468,0.7389990482943151
4957,70.92,50.96,0.88,0.0717,625.4504881450488,366.52,1.7064566412338995,0,45.24976158147018,0.7664998823461334
4958,348.66,285.94,0.78,0.0887,2514.466741826381,435.15,5.778390766003404,2,295.284739690591,0.7305300639336942
4959,223.87,191.52,0.84,0.0194,8292.61855670103,53.82,154.0806123504465,3,182.24029695606126,0.11189025273811913
4960,97.48,91.14,0.79,0.0127,5669.338582677166,365.25,15.52180310110107,1,88.41329304477698,0.11151314881320262
4961,339.35,299.52,0.89,0.0825,3231.1854545454544,43.02,75.10891340180042,2,324.2364842998466,0.7085629087872668
4962,482.07,425.04,0.82,0.0929,3751.6986006458565,52.7,71.18972676747356,2,436.5950776134136,0.7462278497615107
4963,409.4,366.13,0.76,0.0902,3084.909090909091,453.29,6.805597059077171,2,369.20384041801077,0.7625193739693036
4964,96.66,91.61,0.82,0.0615,1221.4666666666667,54.93,22.23678621275563,0,86.16826032910153,0.7732393993921258
4965,294.2,264.35,0.84,0.0163,13622.944785276075,201.39,67.64459399809363,3,266.25658702957594,0.13595747563874025
4966,56.24,51.35,0.75,0.0712,540.9058988764045,342.14,1.5809490234301882,0,67.78163715716444,0.7959446248744689
4967,96.39,82.59,0.78,0.0994,648.0905432595574,208.62,3.106559981111866,0,67.74978830596805,0.7652539950361633
4968,94.81,74.77,0.77,0.0653,881.6676875957121,172.3,5.117049840950157,0,86.26413103599101,0.749700203347554
4969,63.33,50.59,0.81,0.0933,439.2057877813506,224.22,1.9588162865995478,0,37.827809839137956,0.7675907544375028
4970,154.0,105.35,0.77,0.0164,4946.310975609756,208.9,23.67788882532195,1,118.26235380967591,0.1186851713869217
4971,247.82,225.81,0.77,0.0978,1777.8496932515338,183.56,9.685387302525244,0,223.42467520358525,0.7303065027690937
4972,135.24,123.31,0.87,0.0266,4033.0714285714294,206.29,19.550494103308107,1,104.1407304999683,0.10737145909728793
4973,239.16,185.87,0.8,0.0691,2151.895803183792,204.82,10.506277722799492,0,215.62467582068138,0.7371851307495144
4974,269.83,300.09,0.88,0.0626,4218.517571884983,200.14,21.077833376061676,2,262.6798758540667,0.7559912081886333
4975,85.01,73.0,0.81,0.086,687.5581395348838,48.7,14.118236951434985,0,77.55497757550845,0.7523906852819243
4976,72.25,65.74,0.81,0.0141,3776.553191489362,211.83,17.828226367791917,1,43.55083061124543,0.12934604689649043
4977,100.21,97.67,0.79,0.0244,3162.2663934426228,52.07,60.73106190594628,1,90.25213314230935,0.11208017623395229
4978,78.52,76.47,0.8,0.0137,4465.401459854015,189.1,23.613968587276656,1,89.90707368658713,0.13146875981468475
4979,124.4,142.5,0.87,0.0112,11069.19642857143,174.49,63.43742580418035,1,131.3631806577107,0.12519916435147427
4980,398.88,351.52,0.79,0.0889,3123.7435320584923,199.45,15.66178757612681,2,341.7407383322005,0.7407936360319464
4981,80.12,68.47,0.8,0.0821,667.1863580998782,203.15,3.2842055530390266,0,71.99694409121541,0.7676142007421896
4982,93.23,94.51,0.82,0.018,4305.455555555555,209.33,20.567790357595925,1,103.66339502554146,0.14460475723232638
4983,205.42,168.21,0.76,0.0554,2307.5740072202166,51.37,44.92065421880897,0,162.96299184876912,0.73683651497965
4984,110.3,98.93,0.89,0.0245,3593.783673469388,402.13,8.9368703490647,1,100.1182925982826,0.12423886140850984
4985,105.22,96.04,0.85,0.0181,4510.165745856353,363.61,12.403855080598314,1,76.12589584436675,0.12348987949166318
4986,112.37,112.12,0.9,0.0134,7530.44776119403,313.78,23.99913238955329,1,101.6912914038964,0.09751115700738469
4987,147.36,130.38,0.79,0.0899,1145.7196885428255,450.83,2.541356361694709,0,132.31861051152248,0.7575128429785961
4988,436.34,434.07,0.77,0.0209,15992.052631578948,47.54,336.391515178354,3,394.5464969770755,0.12661872670413307
4989,94.7,87.68,0.78,0.016,4274.400000000001,366.69,11.656712754642887,1,103.74082571593283,0.13013702714913328
4990,277.28,203.28,0.8,0.0623,2610.3370786516857,220.85,11.819502280514765,2,230.42508800148337,0.7334794890279055
4991,167.35,130.11,0.82,0.0522,2043.8735632183907,350.86,5.825325096102122,0,150.77467079596676,0.7143440750172616
4992,246.16,247.3,0.89,0.0808,2723.9727722772277,399.08,6.825630881721028,2,220.99871064816836,0.7441412135485769
4993,341.23,292.88,0.87,0.0246,10357.951219512195,221.58,46.74587606964615,3,309.56809099492386,0.13809233466210283
4994,156.76,152.35,0.84,0.0574,2229.512195121951,44.1,50.55583208893313,0,161.58083453974305,0.7145495028130837
4995,57.77,46.03,0.77,0.0252,1406.4722222222224,176.26,7.979531500182812,1,50.185259993774494,0.13630951229582774
4996,186.8,139.13,0.85,0.0609,1941.8801313628899,340.41,5.704533155203695,0,151.35992656220253,0.7574528428758511
4997,187.16,151.25,0.88,0.0186,7155.913978494624,225.51,31.732135951818652,1,149.8588749015559,0.10949379527620817
4998,50.44,37.56,0.82,0.0587,524.6882453151618,350.88,1.4953495363519202,0,25.232892476925485,0.7769760286209612
4999,59.73,57.44,0.86,0.071,695.7521126760563,392.97,1.7704967622873407,0,53.80415647786408,0.7661635754434433
5000,209.33,206.53,0.88,0.0708,2567.0395480225984,404.39,6.347930334633889,0,187.6695160270798,0.7408457785934661
5001,97.43,99.26,0.82,0.0833,977.109243697479,195.01,5.010559682567453,0,89.53040523906876,0.7606965884350924
5002,213.73,147.41,0.81,0.0997,1197.6138415245737,54.48,21.9826329207888,0,173.65622490862083,0.7529423898105264
5003,53.41,59.04,0.79,0.0202,2308.9900990099013,45.83,50.38162991511895,1,67.04122373615326,0.12458261030020246
5004,75.14,53.73,0.88,0.0502,941.8804780876493,46.91,20.0784582836847,0,46.837864017365874,0.741749965942854
5005,348.25,241.65,0.8,0.0184,10506.521739130436,323.99,32.42853711265914,2,297.63389628856225,0.11316824985908908
5006,256.1,208.17,0.9,0.0249,7524.216867469879,52.15,144.28028509050583,3,211.70473834257996,0.09650665722936172
5007,436.37,367.26,0.87,0.0546,5851.945054945054,190.14,30.77703300170955,2,374.8377577786348,0.7220544782547598
5008,65.99,53.11,0.8,0.0675,629.4518518518518,180.59,3.4855299399294077,0,39.73783514934425,0.7771974455240154
5009,218.37,171.89,0.81,0.0579,2404.6787564766837,381.26,6.307188680891475,0,175.68090190365587,0.734097464701804
5010,478.81,380.39,0.8,0.0852,3571.737089201878,357.3,9.996465404987063,2,413.5896333896774,0.7568287417163451
5011,128.19,90.63,0.86,0.0292,2669.2397260273974,436.03,6.121688246284425,1,96.68886727112417,0.12888181699246476
5012,49.42,45.82,0.78,0.0707,505.5106082036775,221.32,2.2840710654422445,0,43.79156508020304,0.6804873463224997
5013,477.16,547.85,0.86,0.0936,5033.664529914529,55.78,90.24138633765739,2,453.0553492330596,0.7247633574436866
5014,331.63,274.45,0.77,0.0794,2661.5428211586905,56.06,47.47668250372263,2,280.883908040636,0.7457034315125809
5015,410.24,415.02,0.8,0.069,4811.826086956522,53.98,89.14090564943538,2,368.3672818219694,0.7439129009386154
5016,148.41,143.01,0.89,0.0718,1772.6866295264622,190.25,9.317669537589815,0,134.26246732571082,0.7461370456247216
5017,129.64,93.93,0.83,0.0959,812.9499478623566,170.64,4.7641229949739605,0,99.12420321826619,0.7577338364559536
5018,91.63,82.21,0.89,0.027,2709.885185185185,436.67,6.205796563045744,1,102.88320274257991,0.12853527953360586
5019,439.9,407.1,0.85,0.0264,13107.386363636366,359.17,36.49354445982784,3,398.8828063472996,0.14254995122791134
5020,230.5,158.35,0.84,0.0992,1340.8669354838707,352.53,3.8035541244259234,0,190.063785317186,0.753431008991482
5021,77.96,74.93,0.77,0.0906,636.8222958057396,418.39,1.5220781945212352,0,90.37764122400326,0.7526745827979733
5022,262.35,255.66,0.89,0.0159,14310.52830188679,407.74,35.09719012578307,3,254.89555919048652,0.13860512101116337
5023,325.6,277.73,0.76,0.0566,3729.2367491166083,46.69,79.87227991254248,2,273.6734557783879,0.7315123294347795
5024,330.61,372.42,0.9,0.0961,3487.8043704474503,174.97,19.933727898768076,2,317.15374685467964,0.7654216331714961
5025,127.79,113.72,0.89,0.0539,1877.7513914656772,55.03,34.12232221453166,0,132.39700501283988,0.7252820146528728
5026,53.03,60.8,0.76,0.0631,732.2979397781298,439.89,1.6647296819162287,0,64.93113837137952,0.7628485374562013
5027,91.0,80.62,0.82,0.0173,3821.294797687862,180.49,21.171781249309443,1,63.4160974947478,0.1114703962274281
5028,469.1,430.38,0.88,0.0612,6188.470588235295,355.54,17.405835034694533,2,425.6257907738699,0.7408808687392741
5029,52.18,47.82,0.89,0.0954,446.119496855346,413.81,1.078078095878171,0,66.14739992871723,0.7573031720286565
5030,59.81,65.99,0.86,0.0237,2394.573839662447,43.84,54.62075364193537,1,72.56530179153437,0.1138223980719927
5031,169.44,125.5,0.9,0.02,5647.5,54.22,104.15898192548875,1,135.7783068455537,0.09566716218818212
5032,61.26,55.85,0.79,0.0563,783.6856127886324,45.98,17.044054214628805,0,54.07802692263451,0.7586316060926619
5033,150.2,114.42,0.82,0.0156,6014.384615384615,48.82,123.19509658714902,1,115.65518904810776,0.08296050311285122
5034,116.86,100.16,0.79,0.0964,820.8132780082989,328.56,2.4982142622604666,0,88.08792430479406,0.7562297174641621
5035,335.85,291.83,0.78,0.0248,9178.524193548386,57.21,160.43566148485206,3,302.8196677890742,0.13147971272508102
5036,90.35,78.8,0.82,0.0618,1045.5663430420711,43.6,23.98087942757044,0,80.24129016904777,0.7681162825637096
5037,99.89,85.32,0.81,0.052,1329.0230769230768,367.79,3.6135378257241273,0,107.8137919490464,0.7354194581079712
5038,49.46,42.86,0.76,0.0276,1180.2028985507247,54.29,21.738863484080397,1,25.8067497675018,0.0911949676895805
5039,251.46,226.34,0.76,0.0247,6964.307692307693,46.4,150.0928381962865,3,226.66460689966195,0.11115522546399731
5040,142.11,136.63,0.79,0.0149,7244.140939597316,43.84,165.24044114044972,1,127.83214717546032,0.11633184897771016
5041,486.58,429.93,0.81,0.0522,6671.327586206897,364.94,18.28061485780374,2,421.20272159900867,0.7173907216660795
5042,149.23,121.4,0.76,0.0677,1362.8360413589367,225.69,6.038530911245233,0,114.41404604399985,0.7329665931466743
5043,140.54,142.77,0.83,0.0999,1186.177177177177,399.86,2.9664812113669212,0,127.53764955966561,0.7383033345313454
5044,156.23,151.27,0.9,0.0238,5720.294117647059,226.59,25.24513048963793,1,141.493901315837,0.09770026415518174
5045,76.15,55.7,0.8,0.0281,1585.7651245551604,394.21,4.02264053310459,1,49.45259040050564,0.11415381098415825
5046,91.06,92.36,0.84,0.0221,3510.5158371040716,43.95,79.87521813661141,1,102.44441101564377,0.09746001303418168
5047,182.92,129.51,0.75,0.0723,1343.4647302904561,322.74,4.162684297857273,0,146.82597969217022,0.7256619416187574
5048,173.21,143.27,0.84,0.0136,8849.029411764706,397.17,22.28020598676815,1,136.18324074214988,0.12342936855266316
5049,72.91,82.58,0.84,0.0878,790.0592255125284,351.36,2.248574753849409,0,86.79106003427766,0.7707221717949468
5050,302.85,333.96,0.87,0.0198,14673.999999999996,312.21,47.00041638640658,3,291.54872067880285,0.14129254437661895
5051,216.81,248.17,0.81,0.0761,2641.4940867279893,44.32,59.60049834675066,2,213.05998675809332,0.7231707648732977
5052,130.88,118.35,0.89,0.0145,7264.241379310343,50.8,142.9968775454792,1,136.6927461946556,0.11235857611061173
5053,213.94,160.78,0.76,0.0827,1477.5429262394198,325.76,4.535679415027689,0,172.4794854669036,0.7398360895271968
5054,247.52,223.71,0.86,0.0615,3128.3024390243904,43.98,71.13011457536132,2,202.85951704313646,0.7566535952281641
5055,55.79,53.51,0.83,0.081,548.3123456790123,342.95,1.5988113301618672,0,49.854183289412546,0.787091749044437
5056,215.63,219.39,0.85,0.0571,3265.8756567425567,43.22,75.56399020690783,0,192.90109885063416,0.7218792908172256
5057,329.78,264.19,0.83,0.0122,17973.58196721311,229.15,78.435880284587,3,278.1857900336658,0.11728900740493313
5058,50.02,39.84,0.75,0.0715,417.902097902098,421.17,0.9922408953678988,0,24.537630455569058,0.758166162878592
5059,376.15,280.89,0.89,0.0699,3576.424892703862,52.41,68.23936066979321,2,320.5451200664021,0.7673975254543458
5060,146.5,133.1,0.8,0.0189,5633.862433862434,49.63,113.51727652352274,1,131.54527495897864,0.10930068170385301
5061,51.97,51.64,0.86,0.0744,596.9139784946237,331.7,1.7995597783980215,0,66.42588302528075,0.7614344927798389
5062,75.94,65.05,0.79,0.0177,2903.3615819209035,401.64,7.228766014144267,1,47.713968493544,0.11846692944261969
5063,480.57,367.68,0.86,0.0559,5656.615384615385,400.85,14.111551414782049,2,414.08684597829483,0.6894796309099711
5064,160.49,159.41,0.78,0.068,1828.526470588235,398.52,4.588292860052783,0,142.22468066853202,0.7423151627788287
5065,87.53,69.85,0.82,0.0647,885.2704791344668,448.54,1.9736711979633181,0,56.50663149203292,0.776744418087076
5066,54.96,42.31,0.88,0.0129,2886.2635658914733,51.53,56.01132477957449,1,28.899317631061535,0.10986117764598965
5067,196.97,163.23,0.87,0.0889,1597.4139482564676,201.61,7.923287278688892,0,180.09548610615542,0.7412813904054742
5068,188.2,149.43,0.78,0.0789,1477.2547528517111,218.33,6.766155603223154,0,148.63195061662165,0.7492632227874005
5069,70.9,50.57,0.79,0.0108,3699.1018518518513,209.37,17.667774045239774,1,43.87829945575926,0.11466297583475367
5070,52.71,46.13,0.77,0.0229,1551.0960698689955,194.65,7.968641509730262,1,29.016031233596635,0.11998321823064483
5071,117.36,113.76,0.82,0.0203,4595.231527093596,177.19,25.933921367422517,1,123.03968568912062,0.128246188333184
5072,81.27,77.78,0.85,0.0118,5602.796610169492,390.65,14.34224141858311,1,92.6521855272447,0.12502924573561108
5073,56.77,43.74,0.78,0.0758,450.09498680738784,385.29,1.1681979465010455,0,30.734804240459027,0.7838324064686003
5074,149.45,143.53,0.81,0.069,1684.9173913043478,377.66,4.4614663753226385,0,153.1703147099868,0.7428093825153312
5075,109.55,112.52,0.87,0.0902,1085.2815964523281,55.12,19.689433897901456,0,97.27686462432413,0.7325391118813483
5076,163.17,168.53,0.85,0.0268,5345.167910447761,351.7,15.198089026010125,1,147.24014670420252,0.1421470067122052
5077,191.66,150.59,0.83,0.0141,8864.517730496455,379.26,23.37319445893702,1,172.06322913567723,0.1428844670403273
5078,73.64,66.69,0.78,0.0685,759.3897810218978,424.79,1.7876828103813596,0,83.56372972859569,0.7661273957122217
5079,497.64,415.6,0.82,0.0109,31265.32110091743,187.61,166.65061084652964,3,451.87726914489747,0.11719024971537788
5080,133.39,135.45,0.87,0.0953,1236.5320041972718,412.04,3.0009999131086103,0,121.39671401073261,0.7391387848481865
5081,210.53,213.99,0.85,0.0628,2896.361464968153,55.35,52.328120414962115,0,207.06625500665672,0.7291217024601268
5082,58.43,55.97,0.81,0.0101,4488.683168316832,51.42,87.29449957831257,1,50.83075556271933,0.11169079034815979
5083,71.21,60.13,0.8,0.0667,721.1994002998501,198.44,3.634344891654153,0,45.464048116952796,0.7725386627483333
5084,52.6,41.93,0.85,0.0707,504.10891089108907,50.94,9.896130955851769,0,27.85856310255369,0.7692709151960573
5085,135.89,93.98,0.84,0.0689,1145.7648766328011,325.77,3.517097573849038,0,102.9427341235712,0.7687496511850718
5086,76.13,57.86,0.79,0.0969,471.71723426212594,348.2,1.3547307129871509,0,49.69804014945073,0.794361069074753
5087,95.76,88.65,0.82,0.0761,955.2299605781865,356.55,2.6790911809793476,0,87.47845318837597,0.7857424142515629
5088,221.76,199.48,0.76,0.0965,1571.0341968911914,308.78,5.087875500003859,0,179.2735092465751,0.7559756982117221
5089,493.03,398.49,0.9,0.0162,22138.333333333336,193.18,114.59950995617214,3,428.34685630410377,0.07211034006639612
5090,88.14,69.62,0.76,0.0217,2438.304147465438,348.88,6.988947911790409,1,61.153678349834905,0.11232831838993873
5091,104.24,85.47,0.78,0.0283,2355.7102473498235,186.79,12.61154369800216,1,74.78968355625386,0.12129740581498921
5092,139.61,95.12,0.85,0.0688,1175.1744186046512,380.86,3.085581102254506,0,105.6062880798627,0.7658163075252529
5093,101.39,90.89,0.83,0.0756,997.8664021164021,430.0,2.320619539805586,0,110.4643115001627,0.7340012718276714
5094,371.22,326.07,0.86,0.0693,4046.467532467532,369.42,10.953569196219835,2,354.71514382922254,0.7276893614387319
5095,111.09,85.12,0.89,0.0178,4256.0,446.48,9.53234187421609,1,80.25759426276346,0.14332774033533147
5096,448.05,459.1,0.77,0.0966,3659.4927536231885,380.52,9.617083868451562,2,405.8211752547399,0.7311469654634037
5097,286.3,213.58,0.87,0.0638,2912.454545454546,303.54,9.594961275135223,2,241.0633555343705,0.7665841157430983
5098,179.07,154.21,0.78,0.0677,1776.717872968981,191.26,9.289542366250032,0,162.4364802892763,0.725479659572987
5099,90.13,75.91,0.81,0.0101,6087.831683168317,329.84,18.456923608926502,1,80.78146783851189,0.12785521166248764
5100,418.03,456.72,0.84,0.0833,4605.579831932774,56.84,81.02709063921137,2,395.52745234741224,0.7493947597734705
5101,147.29,133.03,0.76,0.0695,1454.7165467625898,308.4,4.716979723614105,0,112.60509914971,0.7685198009570149
5102,70.27,60.87,0.84,0.018,2840.6,391.41,7.257351626172044,1,80.43147696195041,0.12351059281378703
5103,85.15,95.07,0.89,0.0108,7834.472222222221,360.96,21.704544055358546,1,95.9016870999948,0.11586513803849995
5104,286.36,296.62,0.78,0.0854,2709.175644028103,171.36,15.809848529575762,2,277.76929728036555,0.7064093601569498
5105,90.22,91.59,0.79,0.0656,1102.9893292682927,54.74,20.149604115241008,0,99.27876896674559,0.7715135196678727
5106,417.49,372.39,0.8,0.0864,3448.0555555555547,297.57,11.587376266275346,2,379.75462316422386,0.7604894838287727
5107,181.01,190.34,0.77,0.0547,2679.3747714808046,410.69,6.524080867517603,0,180.56495445678962,0.7150816029556547
5108,78.1,54.27,0.82,0.0589,755.541595925297,360.22,2.0974448834748123,0,49.75506538602352,0.7905847007316941
5109,144.58,107.61,0.88,0.0627,1510.315789473684,313.98,4.8102292804436075,0,111.15681636297583,0.764049491908525
5110,85.13,96.53,0.88,0.0983,864.1546286876908,55.3,15.62666597988591,0,96.52087558526046,0.7605757910570081
5111,400.72,443.41,0.84,0.0204,18258.058823529413,374.84,48.708939343531675,3,380.2919477308674,0.13491801506275874
5112,351.41,401.16,0.88,0.098,3602.25306122449,362.27,9.94355884071132,2,338.99091597597686,0.7420182836817675
5113,53.53,41.23,0.77,0.0891,356.30864197530866,314.46,1.1330809704741738,0,30.43161917290999,0.7883222650337054
5114,72.11,66.13,0.76,0.0274,1834.2627737226276,56.78,32.30473359849643,1,83.39741451760308,0.12727886530582963
5115,309.46,253.87,0.87,0.0546,4045.1813186813188,51.46,78.6082650346156,2,277.1293421846533,0.7480617926291451
5116,95.59,103.17,0.82,0.0831,1018.0433212996392,321.81,3.1634918781257237,0,107.17154834097593,0.7814234471824792
5117,216.34,184.37,0.75,0.0916,1509.5796943231442,185.01,8.159449188277089,0,175.33310975380434,0.7074092394532958
5118,52.5,43.6,0.79,0.0582,591.8213058419244,361.21,1.6384410892332009,0,45.728988631347974,0.7550598745092971
5119,180.95,174.87,0.8,0.0982,1424.602851323829,342.92,4.154330022523705,0,164.97873785816282,0.7365286739140912
5120,128.15,110.09,0.79,0.0287,3030.351916376307,47.17,64.24320365436309,1,134.9107416655499,0.12951906397509177
5121,299.33,245.34,0.88,0.0197,10959.350253807108,46.04,238.03975355793023,3,251.78960319102265,0.10831569200048205
5122,476.31,374.16,0.81,0.0767,3951.363754889179,174.37,22.660800337725405,2,410.77923354147543,0.7523345560682689
5123,79.66,65.95,0.79,0.0899,579.5383759733038,45.66,12.692474287632585,0,70.18597425015716,0.7252640082654029
5124,375.05,313.09,0.83,0.0144,18046.15972222222,341.1,52.90577461806572,3,320.459253240364,0.11190166519420172
5125,79.84,68.6,0.84,0.0799,721.2015018773467,212.49,3.394049140558834,0,53.67794154663234,0.7691230267692641
5126,112.18,125.42,0.84,0.0876,1202.6575342465753,359.3,3.3472238637533405,0,121.20207618891516,0.7286386255273638
5127,137.64,136.61,0.86,0.0924,1271.4783549783551,372.37,3.4145563686074474,0,144.10151037604257,0.7425132228549856
5128,101.58,96.18,0.76,0.0668,1094.2634730538923,454.13,2.409581998665343,0,109.68093682718444,0.68710487236632
5129,155.06,154.15,0.76,0.0118,9928.305084745765,220.85,44.95496981999441,1,158.20566609482614,0.130396197236683
5130,50.76,47.51,0.89,0.0121,3494.5371900826444,171.64,20.359689991159662,1,64.41910778134607,0.1102014625738153
5131,318.56,262.82,0.9,0.0554,4269.638989169675,219.76,19.42864483604694,2,266.57084631327064,0.7552615000818566
5132,257.58,231.04,0.86,0.0171,11619.555555555555,196.97,58.99149898743745,3,232.09705806679844,0.13628404566752894
5133,190.39,192.16,0.79,0.0178,8528.449438202248,379.18,22.491822981703272,1,191.0232482852799,0.13799492565663626
5134,113.57,107.07,0.76,0.0172,4731.0,56.26,84.0917170280839,1,102.29251960580088,0.11836713931113925
5135,162.07,115.65,0.75,0.0744,1165.826612903226,427.86,2.7247852402730475,0,124.38730585276483,0.7625123310052409
5136,81.55,86.17,0.82,0.097,728.4474226804122,386.7,1.88375335578074,0,93.31446511020725,0.766322175476523
5137,87.33,74.03,0.89,0.01,6588.67,228.99,28.77274116773658,1,60.29248367383994,0.11559473053786279
5138,358.13,322.42,0.83,0.0537,4983.400372439479,346.29,14.390829571860229,2,303.5570544206108,0.7320002822317514
5139,97.87,81.65,0.8,0.0955,683.9790575916231,54.32,12.591661590420161,0,89.99904623894537,0.7647676358284023
5140,269.52,201.27,0.85,0.0872,1961.920871559633,221.56,8.8550319171314,0,223.57301039190537,0.730552786970483
5141,83.96,77.85,0.9,0.0197,3556.5989847715737,322.95,11.012847142813358,1,75.825389338238,0.10330196507199318
5142,60.5,55.34,0.83,0.0973,472.06783144912646,388.97,1.2136355797339806,0,36.17369313335044,0.7911463690983119
5143,158.71,142.49,0.84,0.0653,1832.9494640122514,50.79,36.0887864542676,0,122.54998915495754,0.7600077821760058
5144,446.94,382.94,0.88,0.0159,21194.163522012575,47.17,449.31446940878897,3,424.20378966512664,0.11969005957389216
5145,402.76,293.72,0.78,0.0133,17225.68421052632,387.66,44.43503124007202,3,344.2042771439947,0.13010974827248853
5146,313.34,241.88,0.84,0.0718,2829.793871866295,187.33,15.105930026510942,2,280.90786612804396,0.7427947671431654
5147,473.41,435.34,0.85,0.0222,16668.42342342342,53.93,309.0751608274322,3,429.5892868692618,0.12375374104205608
5148,189.2,151.78,0.83,0.0117,10767.299145299145,395.11,27.251396181567525,1,171.6327190963543,0.13012748104159694
5149,83.06,64.22,0.85,0.0916,595.9279475982532,44.67,13.340674895864186,0,57.10290985823603,0.7885955780608943
5150,141.02,152.86,0.87,0.0889,1495.93025871766,181.68,8.233874167314289,0,147.1609611256864,0.7446165295294791
5151,56.03,49.77,0.76,0.0829,456.2750301568155,397.43,1.1480638858586807,0,50.27488593963707,0.7719556814875206
5152,51.25,58.57,0.81,0.0241,1968.5352697095439,206.33,9.540712788782745,1,63.037609443749744,0.14437837267955228
5153,185.47,177.8,0.87,0.0665,2326.105263157895,51.27,45.36971451448986,0,167.8785488409447,0.729040726849474
5154,77.92,71.81,0.83,0.0106,5622.858490566038,189.98,29.597107540615003,1,69.78152796551657,0.12333491581958869
5155,375.41,363.44,0.78,0.0944,3003.0000000000005,226.14,13.279384452109316,2,339.49214330153256,0.7374322345467121
5156,96.67,92.59,0.89,0.0961,857.4932362122789,203.34,4.217041586565746,0,87.86036107857103,0.7710212996569729
5157,98.06,101.04,0.77,0.0666,1168.1801801801803,401.94,2.9063546304925616,0,87.0464949921862,0.7592118725413312
5158,51.88,44.64,0.88,0.0684,574.3157894736842,394.04,1.4575063178197243,0,64.44543371774724,0.7786693061706577
5159,63.33,55.87,0.76,0.02,2123.06,186.61,11.376989443223835,1,57.47387095762707,0.12474361248791681
5160,489.11,538.94,0.81,0.0286,15263.685314685317,299.66,50.93667928547459,3,463.4605055466644,0.10940206451519138
5161,283.84,306.32,0.89,0.0844,3230.1516587677725,416.26,7.759937680218547,2,274.97694268004034,0.7283996576636382
5162,96.22,73.75,0.85,0.0885,708.3333333333334,311.51,2.2738702877382218,0,69.20770443565254,0.7821516001139921
5163,151.11,152.79,0.75,0.0852,1344.9823943661972,48.0,28.020466549295776,0,135.96156548749303,0.7291369617637153
5164,188.76,193.41,0.88,0.069,2466.678260869565,216.86,11.374519325230862,0,188.74027309876664,0.7421787350506394
5165,82.98,93.95,0.89,0.077,1085.9155844155844,373.59,2.906704099187838,0,94.64566519194068,0.7393799898529424
5166,168.86,155.94,0.87,0.0147,9229.102040816328,52.28,176.53217369579815,1,172.09552627768534,0.12721892484947095
5167,343.59,254.82,0.89,0.0559,4057.062611806798,173.49,23.3849940158326,2,290.3822039658893,0.7205521186923458
5168,255.51,246.11,0.8,0.0186,10585.376344086024,181.79,58.22859532474847,1,230.13189322482216,0.1358903936617353
5169,50.83,35.94,0.85,0.0523,584.1108986615678,328.49,1.778169498802301,0,25.2778670836704,0.7649867545386538
5170,83.9,92.27,0.76,0.0882,795.0702947845804,393.25,2.0217935023129825,0,92.89569783386516,0.7572958157345743
5171,397.2,344.23,0.88,0.0778,3893.6041131105408,227.94,17.081706208258932,2,359.3454905231233,0.7471213051793381
5172,257.03,179.97,0.77,0.019,7293.52105263158,434.91,16.770184756918855,1,211.2309836033315,0.13016199927007427
5173,110.84,117.54,0.88,0.0198,5224.0,325.81,16.0338847794727,1,117.54750859284317,0.12693450530329034
5174,174.74,191.28,0.85,0.0638,2548.4012539184955,50.0,50.96802507836991,0,176.55703376215018,0.7349635913945753
5175,87.4,75.65,0.79,0.0937,637.8175026680897,390.49,1.6333773020258897,0,98.81147444089547,0.7738798730615195
5176,96.49,74.51,0.78,0.0163,3565.5092024539886,216.27,16.4863790745549,1,68.20898744046957,0.11885712271744786
5177,95.28,70.74,0.81,0.0952,601.8844537815125,348.32,1.727964095606088,0,67.90944190505623,0.7680391380500518
5178,67.21,54.91,0.88,0.0191,2529.8848167539268,312.67,8.091229784609737,1,41.92027467419291,0.11521331452936412
5179,152.91,153.27,0.8,0.0142,8634.929577464789,442.28,19.523671831113298,1,157.0163862334522,0.14170408989980093
5180,146.17,130.67,0.81,0.0711,1488.6455696202531,55.33,26.904853960243145,0,131.35144912596257,0.753503323592214
5181,133.83,126.21,0.81,0.0289,3537.3737024221455,51.4,68.82050004712346,1,140.4887381832954,0.12310464889865973
5182,146.24,135.63,0.77,0.0279,3743.193548387097,215.65,17.357725705481553,1,132.2567937943011,0.12966679587447044
5183,75.48,75.24,0.78,0.0738,795.2195121951219,375.49,2.1178180835578093,0,67.86256647239831,0.7671199195060859
5184,149.52,143.84,0.78,0.0218,5146.568807339449,425.5,12.09534384803631,1,152.5049590516539,0.15004317312488832
5185,58.63,51.91,0.85,0.0222,1987.5450450450446,458.26,4.337155861399739,1,33.36772719718934,0.11094120362410517
5186,313.59,311.96,0.89,0.0249,11150.37751004016,48.34,230.66564977327593,3,302.6408372186673,0.11769381180575357
5187,147.21,134.04,0.76,0.0111,9177.513513513511,375.51,24.440130791492933,1,150.2419669671649,0.14468314202086016
5188,127.71,109.71,0.9,0.0936,1054.903846153846,56.17,18.780556278330888,0,116.15193058471033,0.7615567147850207
5189,61.88,58.71,0.87,0.0634,805.6419558359621,51.12,15.759819167370152,0,54.473823817887066,0.768950266981441
5190,204.32,190.31,0.81,0.0147,10486.469387755104,374.47,28.003496642601817,1,200.20018321761899,0.14713715790087933
5191,127.81,126.48,0.8,0.0897,1128.0267558528428,52.03,21.680314354273357,0,114.48222207959928,0.752359788730163
5192,117.04,132.47,0.79,0.0999,1047.5605605605606,57.17,18.323606096913775,0,124.8453945865824,0.7447536253305985
5193,60.96,50.83,0.83,0.0119,3545.285714285714,356.86,9.93466825725975,1,55.62175432891564,0.1341819580093432
5194,168.82,169.94,0.84,0.0173,8251.421965317919,301.96,27.326208654516886,1,153.8573402936188,0.12766582360816078
5195,92.77,86.84,0.87,0.0288,2623.291666666667,366.42,7.1592480395902705,1,84.07107486559919,0.11527134211065271
5196,432.24,451.86,0.78,0.0748,4711.90909090909,215.48,21.867036805778216,2,410.42497065650656,0.7331396946691342
5197,431.99,447.54,0.8,0.0169,21185.325443786987,452.99,46.76775523474467,3,407.577437596453,0.13139454499749903
5198,435.33,349.21,0.79,0.0612,4507.77614379085,48.28,93.36736006194802,2,374.25276852503566,0.7616322943183502
5199,71.51,67.12,0.79,0.0639,829.8090766823162,350.0,2.3708830762351893,0,64.08439347200887,0.7745246535181394
5200,56.56,52.24,0.9,0.0966,486.70807453416154,360.22,1.351141176320475,0,70.96601941472326,0.7404779888270461
5201,87.7,95.04,0.84,0.0686,1163.7551020408166,45.67,25.48182837838442,0,98.92856245635235,0.7601079058214227
5202,124.42,142.12,0.76,0.0841,1284.3186682520811,430.61,2.982556532017559,0,131.22195386010333,0.706617366562601
5203,183.95,189.41,0.89,0.0116,14532.318965517241,442.58,32.83546243733843,1,165.29663434196166,0.15661796616539683
5204,106.08,108.87,0.88,0.0795,1205.1018867924527,201.89,5.96910142549137,0,116.76248580854421,0.7207653515740868
5205,122.25,103.59,0.89,0.0132,6984.477272727274,407.31,17.147816829263395,1,108.97003741456203,0.13622550580458181
5206,425.21,316.65,0.82,0.0649,4000.816640986132,175.69,22.77202254531352,2,365.64449418319384,0.7514177408965093
5207,450.43,400.0,0.83,0.0954,3480.0838574423483,50.8,68.50558774492812,2,408.47243493294843,0.7493038707775797
5208,141.79,157.28,0.76,0.0709,1685.935119887165,52.64,32.027642854999335,0,144.0098965035023,0.7465917865911136
5209,114.46,107.57,0.89,0.0132,7252.825757575758,377.27,19.224496401982023,1,104.72841122989776,0.11934464936060517
5210,158.46,136.97,0.81,0.0893,1242.3930571108622,357.16,3.4785335902980794,0,162.23842673504822,0.7356509967277161
5211,82.4,84.91,0.83,0.05,1409.5059999999999,44.41,31.738482323800945,0,91.9586945030486,0.7571978279674175
5212,264.31,183.42,0.82,0.0895,1680.4960893854745,310.22,5.417110725889609,0,219.7955937454958,0.7473141668032697
5213,405.44,348.59,0.87,0.0225,13478.81333333333,47.5,283.7644912280701,3,347.5699428050239,0.10817973782383199
5214,177.78,128.37,0.84,0.024,4492.95,44.35,101.30665163472378,1,139.58837890837117,0.0992224949340002
5215,65.68,56.08,0.8,0.0708,633.6723163841808,427.08,1.4837321260283338,0,37.80340521336137,0.7727408850171216
5216,416.22,303.18,0.8,0.0765,3170.5098039215686,186.86,16.96730067388188,2,357.50677927359413,0.7493119510003354
5217,476.02,498.17,0.86,0.0218,19652.577981651375,191.94,102.38917360451899,3,450.84716803519666,0.13050921129591858
5218,97.9,86.51,0.78,0.0135,4998.355555555556,216.81,23.054082171281564,1,106.07848435071774,0.1398975642678635
5219,266.32,228.41,0.76,0.085,2042.2541176470586,454.8,4.490444409953954,2,217.63733134276876,0.7425342736942266
5220,64.82,73.99,0.78,0.0954,604.9496855345911,374.66,1.6146631226567851,0,78.92489080680838,0.7573805245493649
5221,97.55,96.17,0.84,0.0292,2766.5342465753424,346.1,7.993453471757706,1,88.25267069096503,0.11094073166153363
5222,169.9,154.86,0.84,0.0513,2535.719298245614,320.91,7.901652482769667,0,134.7317928239891,0.7437786792741501
5223,238.89,202.63,0.83,0.0957,1757.3970741901776,346.67,5.069365893184232,0,213.81450473858192,0.7545906057644458
5224,287.82,213.02,0.79,0.0539,3122.1855287569574,224.9,13.882550150097632,2,238.37878241106156,0.740279396542864
5225,184.04,201.46,0.85,0.0953,1796.8625393494233,403.35,4.454847004709119,0,185.66521060140136,0.7329796687990995
5226,126.29,116.48,0.88,0.0905,1132.6232044198896,341.05,3.320988724292302,0,115.9491138092838,0.7481824923666962
5227,268.81,233.17,0.77,0.0726,2473.0151515151515,177.6,13.924634862134862,2,223.08608821867597,0.7337609620793103
5228,311.38,250.82,0.76,0.0925,2060.7913513513513,57.36,35.9273248143541,2,262.0640568302268,0.7415255166400069
5229,96.95,82.06,0.83,0.0202,3371.7722772277225,176.65,19.087304145076267,1,69.73053765359691,0.10600615446605571
5230,86.15,76.51,0.88,0.016,4208.05,48.89,86.07179382286766,1,57.884290528794764,0.10372369549694022
5231,53.14,47.28,0.78,0.0526,701.1102661596958,326.06,2.1502492368266446,0,65.5305199454279,0.7452634734889796
5232,75.0,67.14,0.88,0.0664,889.8072289156626,417.29,2.1323473577503953,0,46.56832280014751,0.7782413003657445
5233,122.15,97.92,0.79,0.0544,1422.0000000000002,319.02,4.457400789919128,0,110.257259410965,0.7419691208846831
5234,107.59,93.97,0.79,0.0562,1320.9306049822064,220.52,5.990071671423029,0,76.88899956810945,0.7486376542578678
5235,130.11,119.73,0.76,0.0236,3855.71186440678,206.84,18.641035894443917,1,117.67666371314466,0.1181725076673347
5236,110.28,96.06,0.81,0.0772,1007.8834196891194,415.53,2.4255370723873595,0,117.81917732146604,0.7166444188607882
5237,96.28,81.87,0.75,0.0778,789.2352185089976,42.59,18.53099832141342,0,105.58284739905673,0.7712514338143349
5238,124.73,121.83,0.83,0.0156,6481.980769230769,43.78,148.0580349298942,1,112.49834403807199,0.11559488746773938
5239,353.11,403.88,0.85,0.0208,16504.71153846154,47.11,350.3441209607629,3,338.9667654697171,0.12742099772887452
5240,72.61,80.97,0.81,0.0504,1301.3035714285716,399.41,3.25806457381781,0,84.19834791057686,0.764946008671768
5241,89.51,69.16,0.83,0.0983,583.9552390640895,400.94,1.4564654039609155,0,63.52299164400935,0.797338401157371
5242,142.54,131.09,0.8,0.0277,3785.9927797833943,211.99,17.859298928173,1,148.91764662463615,0.12478593643754846
5243,121.21,122.85,0.77,0.0126,7507.5,47.24,158.9225232853514,1,125.18359466250539,0.11320608388641942
5244,143.49,130.04,0.85,0.0138,8009.710144927536,328.65,24.37155072243279,1,110.76343857443683,0.12223712697979072
5245,338.71,342.34,0.75,0.0114,22522.36842105263,201.54,111.75135665898894,3,305.11767424567637,0.12566092634306508
5246,64.48,60.78,0.85,0.0576,896.9270833333333,55.34,16.207572882785204,0,56.44816080286037,0.7639126640741708
5247,67.41,63.93,0.87,0.0943,589.8101802757158,392.91,1.5011330337118316,0,81.31465185207604,0.7878510885248735
5248,85.83,81.72,0.77,0.0665,946.2315789473683,50.86,18.604631910093754,0,78.40319444560274,0.7829156245618537
5249,447.13,384.81,0.87,0.0984,3402.2835365853657,42.86,79.3813237654075,2,386.3611055381851,0.7465430323388585
5250,490.02,429.93,0.79,0.0838,4053.0393794749402,56.42,71.83692625797484,2,425.52161099725686,0.7498038750910778
5251,139.3,158.96,0.78,0.0931,1331.780880773362,316.05,4.213829712935808,0,146.25518057518903,0.7436173194552467
5252,78.89,61.3,0.86,0.0573,920.0349040139615,402.06,2.2883025021488375,0,51.695718299359825,0.7639213427973894
5253,161.21,177.76,0.8,0.0819,1736.3614163614163,43.58,39.843079769651595,0,165.74370880433443,0.7236389992233753
5254,94.36,78.51,0.75,0.0826,712.863196125908,315.57,2.258970105288551,0,84.15552720063802,0.7951729454085691
5255,85.98,60.35,0.81,0.0951,514.0220820189276,55.48,9.264997873448587,0,56.72475754326197,0.7921240141888736
5256,128.19,130.29,0.87,0.0874,1296.937070938215,437.75,2.9627345995161964,0,113.72940655329911,0.7674547134838867
5257,81.75,84.03,0.76,0.0292,2187.082191780822,192.5,11.361465931328945,1,72.08894027392304,0.13368901780672438
5258,50.48,38.69,0.85,0.0106,3102.5,309.86,10.012586329310011,1,24.06351684631312,0.09808894848445751
5259,167.45,151.91,0.81,0.0724,1699.545580110497,218.84,7.766156004891688,0,130.65945643120548,0.7657462370508346
5260,68.48,59.17,0.87,0.0688,748.2252906976744,393.63,1.90083400832679,0,80.50410419636327,0.7706442088363091
5261,112.88,111.73,0.86,0.0794,1210.1738035264484,367.52,3.2928107409840237,0,102.18204803329895,0.7454397390138131
5262,405.49,308.26,0.79,0.0701,3473.971469329529,45.4,76.51919535968126,2,346.9554161978142,0.7720041295994627
5263,79.03,54.4,0.79,0.077,558.1298701298701,49.34,11.311914676324891,0,52.03324145886104,0.7732686419725286
5264,115.04,86.39,0.9,0.0151,5149.072847682119,45.01,114.39841918867182,1,83.52059514404772,0.08005723684553327
5265,364.73,268.34,0.77,0.0966,2138.942028985507,44.57,47.99062214461537,2,310.87380361022883,0.7506402425779539
5266,335.95,248.06,0.78,0.0726,2665.107438016529,43.44,61.35146035949653,2,284.66985342560656,0.7594506348185105
5267,119.85,112.83,0.87,0.0217,4523.599078341013,434.41,10.41320199429344,1,107.46834417041809,0.14302137127409437
5268,385.11,369.3,0.87,0.0109,29476.238532110092,47.77,617.0449765984947,3,347.7411721783285,0.1262095588559918
5269,259.36,213.37,0.87,0.0625,2970.1104,192.57,15.423536376382614,2,213.83336204355408,0.7439702663956546
5270,86.89,87.33,0.8,0.0633,1103.696682464455,202.43,5.452238711971818,0,98.02510527103863,0.7623123215971042
5271,52.92,41.1,0.81,0.071,468.88732394366207,47.44,9.883796879082253,0,46.39844736492641,0.7588002820704068
5272,176.51,120.77,0.78,0.0522,1804.6091954022986,331.91,5.437043763075227,0,138.88913034804955,0.739055726887827
5273,472.53,467.61,0.88,0.0576,7144.041666666667,44.52,160.4681416591794,3,427.18139350106514,0.7260324075788561
5274,87.84,72.99,0.85,0.068,912.3749999999999,46.93,19.441189004900913,0,78.69589530599411,0.7646261688434015
5275,411.41,389.5,0.86,0.0202,16582.673267326732,200.45,82.72723006897847,3,392.5421388343601,0.13180122845315667
5276,128.63,130.27,0.85,0.0773,1432.4644243208281,313.3,4.572181373510463,0,117.57511998509626,0.7502846318171027
5277,109.2,87.98,0.77,0.0212,3195.5000000000005,392.79,8.135390412179538,1,78.12716267433504,0.12182142698215795
5278,155.45,142.62,0.87,0.0543,2285.07182320442,57.41,39.80267937997596,0,138.63063748589943,0.7292042748461198
5279,134.77,126.86,0.76,0.0563,1712.4973357015986,302.07,5.669206924559203,0,140.75220147583966,0.7285191209643891
5280,460.99,439.09,0.78,0.0154,22239.623376623374,393.37,56.53614504569076,3,433.8864471130853,0.14548240862731357
5281,90.22,89.18,0.84,0.0995,752.8763819095477,186.7,4.032546234116485,0,103.0731542412144,0.7872217095711252
5282,109.39,91.24,0.77,0.0876,801.9954337899544,173.45,4.623784570711758,0,79.10756302969425,0.7280851683969507
5283,75.97,69.9,0.9,0.0911,690.5598243688255,50.09,13.786381001573677,0,69.93973748892651,0.7563451471098199
5284,65.23,58.01,0.76,0.0964,457.34024896265566,202.22,2.261597512425357,0,78.72617043430239,0.7553310494952001
5285,57.33,55.55,0.83,0.0741,622.2199730094467,344.04,1.8085686926213425,0,53.34380243156275,0.7944446084401242
5286,60.81,47.18,0.8,0.0266,1418.9473684210527,401.23,3.5364937029161645,1,34.92643406214074,0.1132534563644864
5287,158.15,139.79,0.87,0.0283,4297.43109540636,302.5,14.206383786467306,1,124.67632387445315,0.10840734065154164
5288,426.16,384.32,0.76,0.0936,3120.5470085470083,390.5,7.991157512284272,2,366.0406948503238,0.7410685303578275
5289,297.65,251.77,0.81,0.0797,2558.7666248431624,358.15,7.144399343412432,2,248.48152871901019,0.7461583277023646
5290,74.61,73.62,0.87,0.0276,2320.630434782609,427.67,5.426217491950824,1,86.1352463822636,0.12474228891988476
5291,369.34,321.06,0.86,0.0661,4177.1800302571855,451.87,9.244207471744495,2,331.9580365869647,0.736693816353086
5292,127.86,113.43,0.78,0.0165,5362.145454545454,46.3,115.81307677204006,1,113.94574674817812,0.11032036483875536
5293,70.42,62.82,0.82,0.0909,566.6930693069307,199.57,2.8395704229439835,0,64.01940363434163,0.765553724023738
5294,170.91,135.11,0.78,0.065,1621.3200000000002,459.04,3.5319797838968285,0,134.55787330303303,0.5755944978821484
5295,81.9,80.52,0.83,0.0795,840.6490566037735,43.02,19.54088927484364,0,92.89271889946451,0.7662471466165622
5296,175.71,148.97,0.84,0.0632,1979.9810126582277,448.87,4.411034403409066,0,137.72565944782014,0.7429819353008628
5297,92.49,104.22,0.78,0.08,1016.145,408.03,2.490368355267995,0,102.0692024953384,0.7633859378919202
5298,61.58,64.43,0.89,0.073,785.5164383561646,375.52,2.0918098592782397,0,74.26806692249816,0.7534563258312772
5299,105.3,87.9,0.82,0.0286,2520.2097902097903,205.33,12.273948230700775,1,73.72357755254168,0.11373918071085963
5300,108.5,105.0,0.78,0.0891,919.1919191919193,52.4,17.541830518929757,0,114.81259140290993,0.7358611290212221
5301,280.11,224.58,0.85,0.0133,14352.857142857145,354.43,40.4956046126376,3,233.6545776943682,0.12072875866137471
5302,494.97,371.34,0.88,0.0727,4494.899587345255,339.72,13.23118917739684,2,428.9004804397385,0.75121399503082
5303,479.93,415.84,0.83,0.0141,24478.52482269503,345.69,70.81062461365684,3,434.86889885382124,0.13041208244916427
5304,108.48,93.13,0.81,0.0211,3575.132701421801,186.92,19.126539168744923,1,117.09854145528543,0.1400373973765108
5305,389.29,348.29,0.83,0.0295,9799.345762711864,379.75,25.804728802401222,2,332.9245849248137,0.1079014406459157
5306,483.13,412.03,0.86,0.0604,5866.652317880794,371.36,15.797749671156812,2,437.7439935464072,0.7527538259787369
5307,236.19,223.81,0.9,0.0224,8992.366071428572,57.35,156.79801345123929,3,211.94520152760364,0.10739551776980742
5308,66.93,48.19,0.85,0.0115,3561.869565217391,189.94,18.752603797080084,1,40.66147845443666,0.12206429892135486
5309,340.01,312.39,0.81,0.0924,2738.4837662337663,346.56,7.901903757599741,2,308.24099570521275,0.7387281875256025
5310,455.57,405.04,0.89,0.0628,5740.216560509555,445.22,12.892988995349613,2,392.506698589131,0.721031767589453
5311,62.23,44.66,0.79,0.0984,358.55081300813004,417.19,0.8594424914502505,0,36.21979003923374,0.7811402026886443
5312,87.38,68.08,0.89,0.0121,5007.537190082645,379.08,13.209710852808497,1,78.97267536565427,0.12293643909715549
5313,337.72,321.15,0.85,0.074,3688.885135135135,229.77,16.054685708034707,2,302.96315744011815,0.7445268343287558
5314,120.38,94.82,0.88,0.0293,2847.8361774744026,50.61,56.27022678273864,1,88.64398177238708,0.10153196632531145
5315,142.66,153.47,0.87,0.0856,1559.8002336448599,54.93,28.396144796010557,0,148.84715831508825,0.7480854153518486
5316,174.35,118.84,0.81,0.0925,1040.652972972973,374.46,2.7790764647037682,0,137.19874245894096,0.7476765938223723
5317,398.37,343.7,0.75,0.0229,11256.55021834061,384.15,29.302486576443084,2,378.60833761278036,0.13737920443045545
5318,381.86,332.15,0.84,0.0926,3013.023758099352,344.21,8.753446320848761,2,327.11706502903223,0.7475942589726943
5319,193.68,166.73,0.84,0.0196,7145.5714285714275,43.27,165.13915943081642,1,175.72255270951075,0.11859694123069385
5320,203.12,198.02,0.82,0.0239,6793.991631799162,226.98,29.93211574499587,1,181.029173083134,0.13810015571686637
5321,125.48,107.75,0.81,0.0513,1701.3157894736842,366.16,4.646372595241654,0,92.14922929759953,0.7377733007921553
5322,185.21,181.33,0.89,0.0196,8233.86224489796,201.25,40.913601216884274,1,166.9986909405771,0.13072237290307226
5323,64.58,48.38,0.89,0.0591,728.5651438240272,223.97,3.2529586276020326,0,38.89633168059137,0.7557740609794472
5324,262.79,272.49,0.76,0.019,10899.6,53.11,205.22688759179064,3,256.1905367506771,0.12735006139053712
5325,111.32,96.55,0.75,0.0585,1237.8205128205127,50.84,24.347374367043916,0,98.06389121430489,0.7320750831870404
5326,170.46,190.62,0.75,0.023,6215.869565217392,192.94,32.21659357944124,1,172.60012472318164,0.1376616438540016
5327,218.83,185.53,0.79,0.0949,1544.4541622760803,362.4,4.261738858377705,0,196.84264316783126,0.7390794416597356
5328,58.54,58.57,0.83,0.0658,738.8009118541033,321.78,2.295981452713355,0,72.84058730603837,0.783073353105941
5329,137.92,112.54,0.76,0.0151,5664.264900662251,355.53,15.931890137716232,1,104.60316948311745,0.1120645675139929
5330,450.22,335.93,0.9,0.0932,3243.9592274678107,355.16,9.13379667605533,2,390.64983798836613,0.7585967048195228
5331,74.57,63.86,0.79,0.0866,582.5565819861432,406.86,1.4318354765426515,0,47.35648505326208,0.7671395388060865
5332,89.1,69.73,0.81,0.0887,636.7677564825254,46.3,13.753083293359081,0,61.34721123190167,0.7726434190188811
5333,50.86,56.81,0.79,0.026,1726.15,354.2,4.873376623376624,1,66.10797905872734,0.13519917106011875
5334,409.05,330.18,0.81,0.0501,5338.2395209580845,46.4,115.04826553788976,2,366.51000451794664,0.7353870770965248
5335,49.19,51.7,0.81,0.0201,2083.432835820896,52.3,39.83619188950088,1,60.951872884157396,0.12223526370630075
5336,67.8,46.93,0.84,0.088,447.96818181818185,182.38,2.4562352331296298,0,43.38522791095214,0.7908892028057819
5337,164.2,177.28,0.89,0.0254,6211.779527559055,46.8,132.7303317854499,1,167.3272897300516,0.11222256252216012
5338,68.12,59.13,0.83,0.0961,510.69614984391256,308.64,1.6546661153574151,0,44.701569106880726,0.7879845321052587
5339,399.3,377.41,0.88,0.0648,5125.3209876543215,381.24,13.443817510372263,2,362.6713937855145,0.7557111352055241
5340,138.15,100.5,0.84,0.0684,1234.2105263157896,56.47,21.856039070582426,0,103.86311842077461,0.7638448462157507
5341,72.34,78.39,0.89,0.0514,1357.3365758754862,315.88,4.297000683409796,0,83.56473204042433,0.7504357480743731
5342,74.64,76.65,0.85,0.0253,2575.197628458498,45.33,56.81000724594084,1,65.74285535277266,0.10350534199847018
5343,83.21,72.53,0.79,0.0707,810.4483734087695,400.32,2.024501332455959,0,91.52431612256065,0.7670122287041327
5344,115.15,85.02,0.89,0.0935,809.2812834224599,208.26,3.8859180035650622,0,85.51911345553559,0.7348221336498226
5345,82.69,83.94,0.9,0.0175,4316.914285714286,215.8,20.004236727128294,1,93.44949010508579,0.12206978336656803
5346,160.69,183.22,0.84,0.0787,1955.5883100381193,360.25,5.428420013985064,0,165.0111874956654,0.7416110083077259
5347,110.64,97.65,0.8,0.012,6510.0,197.56,32.952014577849766,1,117.95535811886563,0.12347763612646592
5348,68.96,70.79,0.82,0.0564,1029.2163120567377,452.02,2.27692649010384,0,58.339883348607174,0.7465623147393748
5349,426.34,376.44,0.83,0.0122,25610.262295081964,186.18,137.5564630738101,3,403.14125455695626,0.1400850965424376
5350,96.68,83.6,0.88,0.0159,4626.9182389937105,181.87,25.44079968655474,1,104.96275603188478,0.13458302997673222
5351,87.92,79.44,0.86,0.0179,3816.6703910614524,352.11,10.83942629025433,1,79.59184685963007,0.1279077165193997
5352,143.71,126.56,0.79,0.0855,1169.3847953216375,51.69,22.62303724746832,0,128.52991642339526,0.7669599991702435
5353,113.26,111.16,0.76,0.087,971.0528735632184,184.52,5.262588735981023,0,101.36218845346299,0.7317697017362735
5354,169.58,133.71,0.8,0.0267,4006.2921348314608,388.05,10.324164759261592,1,152.83351575654845,0.10926458819970197
5355,53.58,48.07,0.83,0.0799,499.35043804755946,47.51,10.510428079300347,0,27.731624584053492,0.7729780117977847
5356,104.43,91.61,0.78,0.0563,1269.197158081705,387.76,3.273151325772914,0,73.94375422557376,0.7321729525084879
5357,120.47,104.25,0.82,0.0775,1103.032258064516,45.51,24.237140366172625,0,88.74227774476456,0.754686266513451
5358,107.93,86.13,0.88,0.0256,2960.71875,56.64,52.27257680084746,1,77.04482738188045,0.11029975932115473
5359,90.79,104.32,0.76,0.027,2936.4148148148147,459.57,6.389483244804524,1,100.97340181201811,0.11246408877833951
5360,135.01,152.19,0.87,0.0112,11821.901785714288,415.78,28.43306985837291,1,141.08171187908565,0.14591830522938903
5361,185.54,184.53,0.86,0.0229,6929.947598253275,47.05,147.28900315097292,1,167.02350616230493,0.11752120824871815
5362,93.07,71.54,0.89,0.076,837.7710526315791,381.58,2.1955318743948298,0,62.732433972441854,0.7803850277002679
5363,469.39,463.96,0.75,0.0703,4949.786628733997,407.76,12.138970543295068,2,443.2462021881407,0.7340439060526808
5364,92.91,68.42,0.85,0.0552,1053.56884057971,356.87,2.952248271302463,0,63.952315811488404,0.7785634349483697
5365,376.42,324.59,0.79,0.0144,17807.368055555555,44.03,404.43715774598127,3,359.98727283892896,0.12033864441685325
5366,400.1,399.05,0.89,0.0803,4422.8455790784565,186.01,23.777461314329642,2,361.92579020365,0.7522685638059169
5367,163.53,163.94,0.86,0.0274,5145.56204379562,200.91,25.61127889998318,1,166.4004469500066,0.14226435010220156
5368,382.74,294.44,0.87,0.0274,9349.007299270073,379.1,24.66105855782135,2,327.0668235101598,0.12002910963035951
5369,88.85,78.36,0.87,0.0109,6254.422018348623,325.44,19.218356742713322,1,79.45217979420792,0.11629771577769273
5370,133.22,115.42,0.79,0.0586,1556.0034129692833,445.91,3.489501049470259,0,119.20606702700567,0.7364584082264208
5371,87.91,82.89,0.75,0.0237,2623.101265822785,46.44,56.483662054754205,1,98.3272218479467,0.10815263982749418
5372,89.6,80.77,0.85,0.0879,781.0523321956769,340.07,2.2967398835406736,0,81.7483925821046,0.7731531786104096
5373,100.74,76.29,0.81,0.0241,2564.1037344398346,189.65,13.520188423094304,1,71.71293071347033,0.10991646210255081
5374,145.44,106.33,0.75,0.0729,1093.9300411522634,54.32,20.138623732552713,0,113.02629532818572,0.7563681788078965
5375,90.29,78.19,0.85,0.0231,2877.1212121212125,193.85,14.841997483214922,1,81.79606301121878,0.12513832953920778
5376,74.5,75.42,0.83,0.0559,1119.8318425760287,202.61,5.527031452425985,0,85.27440588433284,0.7561224718445794
5377,198.15,176.21,0.84,0.0998,1483.1302605210421,299.73,4.94822093391066,0,161.83909071120533,0.7483905995303631
5378,268.18,257.44,0.79,0.0903,2252.2436323366555,386.12,5.833014690605655,2,261.0644392140952,0.7147524523164935
5379,407.13,399.06,0.86,0.0653,5255.6140888208265,49.41,106.36741730056319,2,367.3856077772673,0.7546198432112061
5380,62.4,48.46,0.78,0.0132,2863.545454545455,397.78,7.198817071108289,1,54.614456351897175,0.132957029176973
5381,157.11,158.25,0.85,0.0902,1491.2694013303767,214.29,6.959118023847948,0,142.67307797650182,0.7412569531028655
5382,237.38,248.36,0.77,0.0174,10990.64367816092,363.69,30.21981269257038,1,234.24932701001555,0.13306445371010714
5383,387.0,411.82,0.88,0.0617,5873.607779578605,224.72,26.137450069324515,2,369.7431286491111,0.7432052634429551
5384,96.43,78.5,0.86,0.0179,3771.5083798882683,356.33,10.584313360896552,1,86.98052819562898,0.12095547219737927
5385,93.31,106.63,0.82,0.0885,987.9841807909603,45.21,21.853222313447475,0,103.67085848121725,0.7619405817387768
5386,110.91,104.45,0.87,0.0274,3316.478102189781,377.36,8.788631816275654,1,119.1808897834365,0.12303177906246392
5387,95.61,96.05,0.77,0.06,1232.6416666666669,440.34,2.799295241555768,0,103.72586483822519,0.7542373143912069
5388,60.2,51.88,0.76,0.0776,508.1030927835052,391.33,1.2984005641875276,0,35.306782238439354,0.7658058961024854
5389,97.7,86.51,0.8,0.0608,1138.2894736842106,374.8,3.0370583609504016,0,106.23538599528038,0.7658067924639076
5390,63.28,43.44,0.84,0.0731,499.17373461012306,181.63,2.7483000308876457,0,38.50398555637216,0.7700572079211158
5391,313.06,215.8,0.78,0.013,12948.0,51.51,251.36866627839257,3,261.4454381395206,0.11367916269119409
5392,320.36,279.86,0.78,0.0758,2879.8258575197888,226.51,12.713901626947106,2,309.9133690435848,0.746631511010483
5393,99.35,93.55,0.89,0.0635,1311.1732283464569,51.77,25.326892569952808,0,87.67847918977398,0.7385778151896502
5394,192.07,144.77,0.83,0.0573,2097.017452006981,226.12,9.273914081049801,0,152.71052091924412,0.7501457980526546
5395,145.43,129.47,0.82,0.099,1072.3777777777775,202.63,5.292295206917917,0,132.58120964683587,0.7631398120588102
5396,173.93,139.64,0.86,0.0839,1431.3516090584026,350.11,4.088291134381773,0,140.39528711197926,0.7376360692504339
5397,81.42,78.57,0.89,0.0888,787.4695945945945,44.49,17.69992345683512,0,74.8763418216304,0.7633932624299433
5398,81.64,92.86,0.82,0.0832,915.2067307692307,345.0,2.652773132664437,0,92.68957444198482,0.7713340127570537
5399,232.16,255.07,0.82,0.0216,9683.212962962962,192.49,50.3050182501063,1,227.80756176518597,0.13426836488896768
5400,176.62,149.33,0.8,0.0901,1325.9045504994451,57.04,23.24517094143487,0,138.71640516744404,0.7737397370321927
5401,293.13,265.64,0.85,0.089,2537.0112359550562,218.79,11.595645303510473,2,246.74975056908335,0.7407018876798331
5402,235.87,218.89,0.82,0.0763,2352.422018348623,46.79,50.27617051396929,0,229.06766558878397,0.7387715794755694
5403,309.92,250.04,0.86,0.0831,2587.6582430806257,305.25,8.477176881509012,2,280.6062723854618,0.7321635151095393
5404,224.52,174.5,0.87,0.0967,1569.9586349534645,45.68,34.3686216058114,0,203.61637044236505,0.7491328593838462
5405,148.72,124.5,0.77,0.024,3994.375,350.12,11.40858848394836,1,134.7549423723206,0.12770043430775713
5406,284.4,311.82,0.9,0.0296,9481.013513513511,441.57,21.471145035925247,2,276.2312818823599,0.11399862131702258
5407,69.71,65.85,0.82,0.0809,667.4536464771322,223.04,2.992528902784847,0,82.71658864292108,0.7595490932234261
5408,128.59,92.41,0.82,0.0282,2687.0992907801415,417.01,6.443728665452007,1,97.3378075699956,0.1272208866196962
5409,118.19,102.93,0.86,0.0215,4117.200000000001,55.95,73.58713136729223,1,86.41572586163475,0.10611670379715936
5410,81.76,67.83,0.87,0.0191,3089.638743455497,198.0,15.604236078058067,1,73.52485465942364,0.12647838800839417
5411,211.43,171.67,0.81,0.0598,2325.2959866220735,182.33,12.753227590753433,0,170.2143780164133,0.7482364511743519
5412,140.24,146.56,0.84,0.0753,1634.9322709163346,446.12,3.664781383745034,0,144.69247977323997,0.7341806392376716
5413,190.96,168.67,0.87,0.0883,1661.8674971687428,218.87,7.592943286739812,0,192.10185264811582,0.7492863311293757
5414,68.19,58.07,0.78,0.0591,766.4060913705584,452.07,1.6953261472129504,0,58.69019629999697,0.765998498618403
5415,79.38,78.7,0.77,0.0845,717.1479289940829,186.49,3.8455033996143646,0,90.33185160735046,0.7639039287888028
5416,218.62,200.19,0.88,0.0808,2180.2871287128714,211.53,10.307224170154926,0,216.92575771167816,0.7542293345074919
5417,228.16,183.09,0.84,0.0973,1580.63309352518,55.95,28.25081489767971,0,186.37254560177726,0.7595541426502799
5418,269.97,224.21,0.76,0.097,1756.6969072164948,53.15,33.05168216776096,2,225.35865463465984,0.7504989320362825
5419,88.44,71.85,0.83,0.0544,1096.2408088235293,48.23,22.729438292007657,0,60.43170787490368,0.7616567679502785
5420,440.14,357.02,0.81,0.0624,4634.3942307692305,48.79,94.98655935169565,2,378.587926707806,0.7637726051018433
5421,154.77,131.44,0.89,0.0508,2302.7874015748034,47.33,48.65386438991767,0,119.13611226882998,0.7306842918985262
5422,175.97,125.39,0.77,0.0198,4876.277777777777,450.84,10.81598300456432,1,138.54600830778995,0.13275857400159563
5423,256.16,248.4,0.82,0.0621,3280.0,48.46,67.68468840280644,2,227.70890092485456,0.7406571401503678
5424,113.6,104.62,0.81,0.0598,1417.0936454849502,366.63,3.8651873700595973,0,100.87251627089995,0.7442802480864111
5425,54.34,42.43,0.8,0.0237,1432.2362869198314,173.2,8.269262626557918,1,49.21000782404144,0.1331860140926538
5426,180.44,147.31,0.79,0.0259,4493.239382239382,390.34,11.511091310753145,1,162.35655402644443,0.1216894389234823
5427,318.99,317.34,0.9,0.0255,11200.235294117647,56.66,197.67446689229877,3,287.7347347612531,0.11501008501976666
5428,97.46,105.8,0.86,0.0183,4972.021857923497,50.67,98.1255547251529,1,106.32198500193815,0.12971063068193256
5429,155.23,161.19,0.83,0.0539,2482.1465677179963,44.5,55.778574555460594,0,157.55493318314936,0.7266304915407638
5430,166.18,142.12,0.82,0.0536,2174.223880597015,393.72,5.522259170468899,0,127.49329443365971,0.7413753332782386
5431,439.67,502.32,0.78,0.0235,16672.748936170214,456.93,36.48862831543172,3,414.7743250177333,0.12929298477289794
5432,91.54,71.27,0.9,0.1,641.4300000000001,48.29,13.282874301097538,0,83.71911982172443,0.7495404379780919
5433,305.98,267.25,0.89,0.0886,2684.5654627539507,50.58,53.075631924751896,2,293.7030009769437,0.7297194361994902
5434,177.52,136.99,0.77,0.0621,1698.5877616747184,192.19,8.838065256645603,0,159.20406639048755,0.7169958018326894
5435,52.35,47.62,0.77,0.06,611.1233333333333,400.6,1.525520053253453,0,25.973183390471547,0.7819966196351155
5436,91.31,83.78,0.82,0.0942,729.2951167728238,203.6,3.5819995912221207,0,101.79499247706444,0.7754344560906317
5437,160.39,128.68,0.78,0.0187,5367.401069518716,183.1,29.314041887049243,1,145.08574567328358,0.12947066080022662
5438,185.97,184.33,0.87,0.0106,15128.97169811321,226.93,66.66801083203282,3,187.7085626265036,0.13257745432045806
5439,409.9,404.17,0.84,0.0833,4075.6638655462184,451.09,9.035145681673765,2,370.8801295354133,0.7536720353042284
5440,83.83,78.86,0.76,0.0253,2368.9169960474305,226.46,10.460642038538507,1,76.44601278808133,0.13790972248372285
5441,63.56,64.68,0.88,0.0865,658.0161849710984,454.47,1.4478759543448376,0,56.783994638192695,0.7340516449087403
5442,114.68,111.16,0.87,0.0737,1312.200814111262,378.47,3.467119756153095,0,102.38851127496172,0.7683498531658353
5443,96.46,89.73,0.81,0.0231,3146.376623376624,55.26,56.93768771944669,1,88.83651473779015,0.11388624003041305
5444,413.47,461.49,0.84,0.081,4785.822222222222,186.43,25.670880342338798,2,393.15248721510545,0.7592547147770686
5445,87.43,62.83,0.89,0.0982,569.4368635437883,339.7,1.6762933869407957,0,59.77432046266554,0.7798330955538876
5446,88.31,88.52,0.84,0.0957,776.9780564263323,209.96,3.7006003830554977,0,79.91492928932412,0.7825156244502423
5447,241.71,263.05,0.87,0.0509,4496.139489194498,51.22,87.78093497060715,2,236.06054775702808,0.7469384765968071
5448,80.12,55.02,0.76,0.0253,1652.7747035573125,354.43,4.66319076702681,1,53.946727491131554,0.11326561102431168
5449,399.37,363.09,0.9,0.0262,12472.557251908396,204.13,61.101049585599355,3,381.9142330826584,0.11101249840328528
5450,252.12,251.62,0.77,0.0248,7812.395161290322,350.02,22.31985361205166,1,245.48926490051164,0.13465474217325452
5451,247.55,186.8,0.81,0.0128,11820.937500000002,46.29,255.3669799092677,3,200.62480082170026,0.10931673845928018
5452,393.64,439.97,0.88,0.0154,25141.142857142855,386.09,65.11731165568354,3,375.7550380740056,0.1286203867003056
5453,107.0,114.83,0.9,0.075,1377.96,380.77,3.6188775376211364,0,116.21377679251886,0.7604915031910268
5454,73.4,65.99,0.79,0.0156,3341.801282051282,187.37,17.835305983088446,1,46.579953231060614,0.11347624535458621
5455,294.68,295.66,0.85,0.0221,11371.538461538461,193.79,58.679696896323144,3,265.9271539149345,0.1315684862641707
5456,318.33,268.03,0.79,0.0233,9087.71244635193,192.1,47.30719649324274,2,266.04680690072666,0.11850094153810627
5457,373.25,286.02,0.9,0.0871,2955.4305396096443,43.1,68.5714742368827,2,336.52585272103795,0.7526975777754433
5458,179.14,151.7,0.82,0.0893,1392.9899216125416,310.47,4.486713439664191,0,163.8775662948541,0.7478495243513592
5459,112.35,114.37,0.88,0.0156,6451.641025641025,315.36,20.45801948769985,1,120.60848034052981,0.11925420281190652
5460,78.92,68.66,0.82,0.0998,564.1402805611222,46.73,12.072336412606937,0,54.69924919318785,0.775409956548316
5461,62.58,63.39,0.81,0.0839,611.989272943981,369.53,1.6561287931804751,0,54.744485885692114,0.7893185409147763
5462,196.33,149.04,0.84,0.083,1508.3566265060238,431.37,3.496665569015054,0,157.3169560948537,0.7498572811708324
5463,335.17,383.16,0.81,0.0128,24246.843750000004,359.21,67.50046978090812,3,319.5430970945318,0.1493415623558584
5464,103.63,91.31,0.81,0.0219,3377.219178082192,54.65,61.79724022108311,1,112.89319263345315,0.12427379060935329
5465,67.5,61.33,0.76,0.0732,636.75956284153,430.73,1.4783264756147239,0,41.07496133023767,0.7591359205817534
5466,254.11,233.58,0.85,0.0721,2753.71705963939,434.3,6.340587289061455,2,228.03209172513561,0.740767945787415
5467,429.18,381.54,0.79,0.0991,3041.5398587285576,184.17,16.51484964287646,2,409.29001478330076,0.7502686368032837
5468,393.16,323.89,0.76,0.0563,4372.227353463588,225.77,19.365847337837568,2,353.83714347260695,0.7347649913192137
5469,487.47,424.05,0.79,0.0997,3360.075225677031,44.75,75.08547990339734,2,424.03785782776106,0.7510941339506626
5470,177.28,161.2,0.86,0.0298,4652.080536912751,431.84,10.772694833532677,1,140.7939796063948,0.13341341306000626
5471,55.67,40.05,0.86,0.0812,424.17487684729065,47.34,8.960179063102887,0,30.752226892000238,0.7661946003457512
5472,98.78,89.14,0.84,0.0129,5804.46511627907,179.73,32.29547163121944,1,89.15303772751544,0.12216551024027869
5473,278.53,285.11,0.88,0.0755,3323.1364238410597,325.95,10.195233697932382,2,271.926003703662,0.7324026979949647
5474,364.63,407.99,0.88,0.0638,5627.44827586207,330.41,17.031712950159104,2,349.3205250647594,0.7289315851830529
5475,168.92,161.46,0.78,0.0767,1641.9661016949153,225.28,7.288556914483822,0,170.67640086622885,0.7394907667163695
5476,55.47,56.74,0.82,0.0676,688.2662721893493,177.64,3.8745005189672894,0,66.8962878142016,0.7686447866185679
5477,61.96,52.77,0.89,0.0691,679.6714905933432,201.31,3.3762430609177048,0,36.29392011759367,0.7601718279271416
5478,409.83,340.72,0.9,0.0252,12168.57142857143,180.59,67.38231036364931,3,351.7220703734946,0.08747807857586216
5479,489.15,548.62,0.77,0.011,38403.40000000001,371.18,103.46300986044508,3,461.51190442471227,0.10217529614580462
5480,292.08,268.91,0.85,0.0593,3854.5278246205735,417.72,9.227539559084011,2,280.29476991908723,0.7332747098857725
5481,95.8,86.8,0.87,0.0922,819.045553145336,393.0,2.0840853769601426,0,67.50441816232828,0.780919666500439
5482,155.2,129.34,0.82,0.0551,1924.8421052631577,201.11,9.571090971424383,0,120.0494640483491,0.7522989467357334
5483,76.37,84.12,0.78,0.083,790.5253012048192,401.19,1.9704511608086424,0,89.01119200229016,0.7619382802836755
5484,196.72,213.32,0.8,0.0274,6228.321167883212,415.1,15.004387299164566,1,197.89323664547982,0.14693448127188213
5485,171.2,151.99,0.81,0.0946,1301.394291754757,446.71,2.913286677609091,0,173.38435943501602,0.7227085869112615
5486,479.75,406.39,0.87,0.0772,4579.783678756477,354.26,12.927747074906781,2,434.84345173477755,0.7424411136833886
5487,383.64,426.45,0.81,0.0988,3496.199392712551,417.12,8.38175918851302,2,366.1636403289818,0.7319418117357473
5488,81.12,83.87,0.79,0.0183,3620.617486338798,356.35,10.160284793991293,1,73.56474210773996,0.13323783870033926
5489,345.76,355.5,0.89,0.0148,21378.04054054054,49.97,427.81750131159777,3,329.471565726529,0.155553259512133
5490,88.48,93.84,0.77,0.0299,2416.6153846153848,379.23,6.372426718918294,1,98.28127945259689,0.1243168134282817
5491,236.68,250.06,0.79,0.0534,3699.389513108614,200.0,18.49694756554307,2,230.96151028133977,0.7286838402738018
5492,262.35,215.7,0.88,0.0111,17100.54054054054,383.31,44.61282132096877,3,216.33695942215437,0.12040686690720591
5493,116.66,102.85,0.82,0.0159,5304.213836477987,387.99,13.67100656325675,1,84.81535646336732,0.12250459826078527
5494,134.09,140.52,0.78,0.051,2149.129411764706,56.19,38.24754247668102,0,137.77341223030083,0.7365537665935097
5495,52.78,40.35,0.8,0.0914,353.17286652078775,212.42,1.662615886078466,0,28.435444689733515,0.7775754024949442
5496,129.47,98.27,0.79,0.0753,1030.9867197875167,353.92,2.9130501802314552,0,98.38890345566385,0.764368039080664
5497,60.57,55.66,0.78,0.0277,1567.3212996389893,396.55,3.9523926355793453,1,52.2414903428927,0.14676262561434522
5498,144.58,150.57,0.85,0.0852,1502.1654929577464,371.57,4.042752356104493,0,149.71738192291008,0.7464706666093812
5499,75.16,62.68,0.85,0.0238,2238.5714285714284,44.02,50.85350814564808,1,48.94085814630742,0.08785267792028234
5500,120.42,94.43,0.84,0.0659,1203.660091047041,219.58,5.481647194858553,0,108.51804410129975,0.7547999151639749
5501,298.93,228.0,0.83,0.0117,16174.358974358971,44.13,366.5161788887145,3,249.01080578448398,0.09682358631969161
5502,344.26,327.09,0.82,0.0736,3644.209239130434,333.6,10.923888606506097,2,329.47470530884726,0.7341990327609678
5503,81.69,62.76,0.81,0.0601,845.8502495840265,387.22,2.1844177717680555,0,53.23589960555523,0.7719761741703786
5504,383.59,263.98,0.9,0.0181,13126.077348066297,354.14,37.06465620394843,3,328.35894978320607,0.11530645404054546
5505,393.92,357.57,0.76,0.0963,2821.943925233645,55.64,50.7178994470461,2,357.4635009158401,0.7559904181643533
5506,408.11,413.52,0.88,0.0864,4211.777777777777,387.23,10.876682534353684,2,370.17744395895875,0.7460423087958235
5507,72.11,78.06,0.83,0.0156,4153.192307692308,45.44,91.39947860238354,1,85.63670965710227,0.10899847462755288
5508,114.9,92.92,0.87,0.0665,1215.6451127819548,358.06,3.395087730497556,0,83.2672981985166,0.7453056087628558
5509,275.23,292.82,0.87,0.0998,2552.6392785571143,49.64,51.42303139720214,2,268.59340470549296,0.7313969612845342
5510,198.58,154.01,0.82,0.0252,5011.436507936508,333.31,15.035361999149464,1,159.16788925602125,0.11193344189536918
5511,236.88,241.4,0.76,0.0919,1996.3438520130578,370.79,5.384028296375463,2,231.86964239453863,0.7256722223332761
5512,372.5,303.13,0.82,0.0114,21804.087719298244,336.63,64.7716713284563,3,337.11726015584884,0.13945555079251132
5513,61.59,54.93,0.83,0.0945,482.45396825396824,440.1,1.0962371466802276,0,74.81687519384072,0.7751319156241593
5514,117.56,109.43,0.85,0.0657,1415.7610350076106,42.58,33.24943717725718,0,105.46405219711586,0.7278412625324069
5515,87.41,66.06,0.87,0.0708,811.7542372881355,198.14,4.096872096942241,0,59.629174723747866,0.7678522168688654
5516,83.75,57.55,0.79,0.0171,2658.7426900584796,371.81,7.150810064437427,1,55.99911056400097,0.11503918823438074
5517,154.95,140.86,0.78,0.0164,6699.439024390244,373.66,17.929237875047487,1,119.24389533375319,0.10797998759306307
5518,59.49,55.92,0.88,0.0726,677.8181818181819,51.02,13.285342646377535,0,73.48354490662194,0.7750645961456102
5519,183.94,203.55,0.83,0.0784,2154.929846938776,348.15,6.189659189828453,0,185.2252679339516,0.7146569397751139
5520,238.52,213.87,0.88,0.0183,10284.459016393443,389.11,26.430724001936323,1,196.03518005633404,0.12013932219410166
5521,77.69,71.42,0.78,0.0249,2237.2530120481933,50.76,44.07511844066575,1,70.46008830636181,0.12201618263276703
5522,81.13,81.66,0.86,0.0186,3775.6774193548385,197.58,19.109613419145855,1,93.59003531299962,0.1362071909649014
5523,50.87,41.22,0.79,0.0231,1409.6883116883118,55.34,25.473225726207296,1,45.88165684701583,0.11064719558582362
5524,151.79,138.82,0.82,0.0265,4295.5622641509435,392.82,10.935192363298569,1,117.16434180057851,0.12002042500488859
5525,100.11,101.14,0.86,0.0206,4222.349514563107,310.69,13.590233076581502,1,90.32191537554633,0.1236141140973569
5526,447.32,445.3,0.86,0.091,4208.329670329671,330.0,12.752514152514154,2,406.3456174603182,0.7413224303065797
5527,249.27,257.26,0.79,0.0554,3668.5090252707582,351.86,10.426047363356897,2,240.4310992176382,0.7326541664736513
5528,193.91,177.3,0.82,0.0296,4911.689189189189,57.3,85.71883401726335,1,175.85938297646166,0.12575037882997087
5529,160.6,146.04,0.89,0.0768,1692.390625,187.46,9.028009308652512,0,145.30819600007732,0.735656467078227
5530,50.44,42.37,0.81,0.0102,3364.6764705882347,459.41,7.323907774293626,1,41.47925923372662,0.11515291713721117
5531,374.88,324.46,0.79,0.0816,3141.2181372549016,209.07,15.02471965014063,2,358.09838104901803,0.7408293384485154
5532,79.85,78.97,0.81,0.0815,784.8552147239265,334.46,2.3466340211801904,0,73.28242069075554,0.7727227758502139
5533,453.16,411.44,0.84,0.0284,12169.352112676055,203.52,59.794379484453884,3,430.35468232803265,0.12969355354688308
5534,187.62,180.34,0.79,0.0789,1805.6856780735109,220.1,8.203933112555706,0,169.6872202957688,0.7363790001957002
5535,389.67,427.57,0.75,0.0206,15566.868932038835,454.25,34.26938675187415,3,369.96942898018,0.11443765781307759
5536,91.53,68.04,0.82,0.0187,2983.5721925133685,346.77,8.603893625496347,1,64.10068419825932,0.11330627082759413
5537,330.3,324.92,0.78,0.0232,10924.034482758623,224.59,48.639897069142094,3,297.9225962629348,0.14345045784604804
5538,65.58,65.24,0.79,0.0774,665.8863049095607,47.7,13.959880606070454,0,58.167646220057605,0.7586236669251606
5539,176.46,202.52,0.88,0.0203,8779.192118226601,198.01,44.337114884231106,1,178.8369473128284,0.13507554558987855
5540,356.69,340.73,0.83,0.0587,4817.817717206133,212.8,22.64012085153258,2,322.2240276209968,0.7273162802633653
5541,163.56,143.52,0.82,0.0696,1690.8965517241381,331.39,5.102436862078331,0,167.16599282178015,0.7293342076541165
5542,71.12,69.32,0.77,0.0214,2494.2242990654204,429.87,5.802275802138833,1,63.031021827598494,0.1460761002167733
5543,451.5,502.14,0.85,0.0598,7137.441471571906,445.76,16.011848240245662,2,426.5415929273376,0.7413348520030033
5544,441.39,433.49,0.89,0.0273,14132.091575091576,388.79,36.348907058030235,3,417.6320994300545,0.1329939326693306
5545,484.58,405.33,0.83,0.0948,3548.7753164556957,228.1,15.557980343953073,2,438.890951154831,0.7343387455676242
5546,67.83,53.53,0.77,0.0252,1635.638888888889,346.97,4.714064296304835,1,61.9800848138227,0.11829708627927424
5547,266.58,191.03,0.89,0.0773,2199.439844760673,348.82,6.305371953330294,0,220.44521674156317,0.7487497355807945
5548,485.19,432.64,0.88,0.0619,6150.617124394184,185.45,33.165905227253624,2,419.864007045232,0.724434213156177
5549,92.2,80.91,0.81,0.0594,1103.3181818181818,381.58,2.891446569050217,0,61.06790690797786,0.7815264423768418
5550,65.79,61.84,0.88,0.0913,596.0481927710844,334.64,1.7811624216205009,0,78.72045812132554,0.7608278797241919
5551,76.59,58.8,0.88,0.0711,727.7637130801688,43.73,16.64220702218543,0,68.65914226816457,0.7517006317545086
5552,136.24,141.96,0.89,0.0168,7520.500000000001,47.44,158.52655986509276,1,142.8783373573206,0.10674592561177546
5553,451.63,513.75,0.76,0.0522,7479.885057471263,422.24,17.71477135626957,2,426.9710549521919,0.7189995241649332
5554,172.11,174.78,0.89,0.0584,2663.5993150684935,192.52,13.835442110266431,0,154.59381514640606,0.7455929028720049
5555,144.26,123.61,0.89,0.0221,4977.959276018099,212.21,23.457703576731063,1,110.7197686130308,0.10680860690816585
5556,125.69,96.35,0.84,0.0943,858.2608695652174,395.56,2.1697362462463783,0,114.56556605805775,0.7476354879676452
5557,180.23,145.27,0.82,0.0687,1733.9359534206699,217.13,7.985704202186109,0,162.000207785268,0.7333489189411679
5558,163.52,157.49,0.89,0.016,8760.38125,50.71,172.75451094458688,1,146.9687446893527,0.12170849725900154
5559,409.63,290.95,0.84,0.0962,2540.5197505197502,446.64,5.688070371036518,2,351.50866369451325,0.758703530138955
5560,359.37,277.09,0.79,0.0234,9354.747863247861,43.61,214.50923786397297,3,305.26207794071036,0.1087627606740544
5561,111.37,86.65,0.84,0.0955,762.1570680628272,190.98,3.9907690232633115,0,101.4986412578322,0.7493522627359859
5562,279.49,273.26,0.76,0.0822,2526.4914841849145,53.96,46.821561975257865,2,251.69643512596406,0.7425281187463908
5563,143.94,144.14,0.77,0.0944,1175.7182203389832,313.01,3.7561682385194826,0,130.83997796062272,0.7390916832759689
5564,243.84,253.03,0.81,0.0294,6971.234693877553,56.5,123.38468484739032,1,236.62099099620085,0.14812697833437138
5565,171.18,118.67,0.87,0.0897,1150.979933110368,198.8,5.789637490494808,0,135.84342963888457,0.7603530835237315
5566,143.77,136.46,0.78,0.0637,1670.938775510204,411.32,4.062381541160663,0,145.6093092529939,0.7542031345305881
5567,189.75,142.22,0.84,0.0287,4162.536585365854,372.27,11.181498872769373,1,152.16932977261325,0.12745479218928144
5568,67.18,48.71,0.85,0.0276,1500.126811594203,367.86,4.0779829598059125,1,40.992873486153485,0.12559617084890673
5569,386.76,275.62,0.81,0.0527,4236.284629981025,341.41,12.408203128148047,2,330.5947455961708,0.7263097835092054
5570,210.45,150.78,0.87,0.0673,1949.1619613670132,397.49,4.903675466972787,0,169.12485041822504,0.7448272951388708
5571,69.86,55.94,0.9,0.0673,748.0832095096582,43.51,17.193362663977435,0,63.30390447829015,0.751864795461631
5572,56.27,57.51,0.89,0.0171,2993.2105263157896,43.05,69.52869979827618,1,71.53570316823462,0.10424884448483594
5573,112.28,105.61,0.78,0.0664,1240.5993975903614,48.58,25.53724573055499,0,119.03261027371657,0.7156189754853571
5574,333.08,364.75,0.83,0.0257,11779.863813229571,179.42,65.65524363632578,3,320.9030467757015,0.1475089031838781
5575,311.84,288.26,0.75,0.0106,20395.754716981133,48.64,419.32061506951345,3,298.80454591916043,0.1438466513509098
5576,113.24,90.56,0.83,0.0876,858.0456621004566,381.93,2.2466045141791864,0,102.42534736761532,0.7423371588102754
5577,288.7,229.35,0.78,0.0285,6276.947368421052,297.71,21.084099856978444,1,241.7546561762391,0.1078531345908932
5578,71.82,62.3,0.75,0.0191,2446.3350785340313,353.26,6.925027114686156,1,63.7153178676776,0.11946870384926578
5579,361.59,405.48,0.77,0.0212,14727.33962264151,45.97,320.3684929876335,3,345.10885853076496,0.11606351368171719
5580,435.29,343.26,0.86,0.0804,3671.6865671641795,52.41,70.05698468162907,2,374.92181906432813,0.7678233167173437
5581,50.61,35.93,0.84,0.0877,344.14139110604333,53.81,6.395491379038159,0,26.2123466967536,0.7586750061369006
5582,106.9,89.69,0.81,0.0137,5302.839416058394,46.47,114.11317874022798,1,76.78978176484569,0.10531801268866615
5583,258.16,283.79,0.85,0.0972,2481.70267489712,456.53,5.436012255267167,2,251.9247518493044,0.674045293679
5584,288.85,268.87,0.81,0.0259,8408.675675675675,45.64,184.23916905511996,3,261.40070763108616,0.1252173422523657
5585,436.14,331.37,0.81,0.0501,5357.479041916169,51.13,104.78151851977643,2,374.86606114275037,0.7395138907961442
5586,404.5,291.68,0.88,0.0614,4180.42996742671,447.36,9.344666415027518,2,346.2507462802432,0.7343052771574459
5587,209.32,180.06,0.79,0.01,14224.74,309.62,45.94257476907176,1,188.08406033827237,0.1302160215276081
5588,115.08,99.54,0.78,0.0792,980.3181818181819,227.1,4.31668067731476,0,103.05091506899886,0.7240942474818395
5589,336.94,259.12,0.86,0.0935,2383.349732620321,354.93,6.714985300257293,2,286.6737546070009,0.7458796492314882
5590,277.37,284.96,0.82,0.0296,7894.162162162161,353.39,22.338385812168315,2,270.13372403060873,0.1437173181044472
5591,377.3,292.57,0.79,0.0729,3170.5116598079558,197.65,16.041040525211006,2,342.01124943257844,0.7438814384116939
5592,165.34,182.82,0.76,0.0195,7125.292307692308,362.32,19.665743838850485,1,169.1372930552655,0.1481565988071054
5593,107.26,101.63,0.88,0.0648,1380.1604938271605,44.32,31.14080536613629,0,95.30884496377118,0.724309090355833
5594,63.25,55.38,0.82,0.03,1513.72,54.51,27.769583562649057,1,36.96732186243014,0.10150193709241188
5595,268.03,203.83,0.86,0.0264,6639.916666666668,205.86,32.254525729460156,1,222.15940882807104,0.11927822899175722
5596,69.92,50.33,0.79,0.0739,538.0338294993235,310.03,1.7354250540248477,0,43.28619440394738,0.7935215103798038
5597,85.42,71.11,0.78,0.011,5042.345454545455,45.81,110.07084598440198,1,55.11003623222487,0.10659667088986242
5598,54.15,46.5,0.79,0.0868,423.21428571428567,349.71,1.2101863993431292,0,29.13383448494065,0.8072469896531648
5599,86.18,96.17,0.83,0.0235,3396.6425531914892,54.79,61.99384108763441,1,96.6863611381495,0.12526743258892287
5600,174.03,144.39,0.86,0.0587,2115.424190800681,176.91,11.95762925103545,0,138.34479869172668,0.7314754671722626
5601,99.42,101.41,0.75,0.063,1207.2619047619048,53.57,22.536156519729417,0,106.87143527965159,0.753784875668004
5602,95.84,89.79,0.76,0.0149,4579.8926174496655,391.11,11.709985982075798,1,85.49934136847973,0.1098912162787471
5603,306.49,245.03,0.75,0.0506,3631.8675889328065,422.0,8.606321300788641,2,256.1730104063995,0.7167087970764392
5604,52.29,46.62,0.76,0.0935,378.9433155080214,228.93,1.6552802844014387,0,67.41052334298692,0.7552468363768915
5605,74.12,75.52,0.86,0.0777,835.8712998712998,410.34,2.0370212503565335,0,83.54010121359693,0.7690571706546194
5606,104.35,94.13,0.82,0.0245,3150.473469387755,189.24,16.648031438320412,1,74.25168906452132,0.1036557128727129
5607,133.78,135.83,0.88,0.0928,1288.043103448276,203.78,6.320753280244754,0,121.36564867443741,0.7467442272477623
5608,262.3,243.24,0.75,0.0898,2031.5144766146993,353.48,5.747183650035926,2,237.03544721689434,0.7344765840431563
5609,178.49,161.93,0.81,0.069,1900.917391304348,354.82,5.357413311832332,0,141.42030163693448,0.7567316567091511
5610,495.37,486.1,0.79,0.0847,4533.872491145219,345.3,13.130241793064636,2,449.72249370513276,0.7473167357220909
5611,337.62,269.46,0.8,0.0942,2288.4076433121018,44.56,51.35564729156422,2,286.0637020563633,0.7436202799308376
5612,403.3,436.17,0.77,0.0148,22692.62837837838,393.73,57.63499956411343,3,384.03736162281257,0.13065048274867405
5613,390.39,357.8,0.81,0.0732,3959.2622950819677,309.7,12.78418564766538,2,335.1056423106884,0.7658767499909979
5614,184.66,173.64,0.83,0.0276,5221.782608695652,430.78,12.121692299307425,1,166.51887818926252,0.1474984637126638
5615,496.84,382.85,0.76,0.0154,18893.896103896102,329.8,57.2889511943484,3,450.99671844884904,0.11811209868652234
5616,84.32,70.38,0.78,0.0246,2231.560975609756,454.61,4.908737105672458,1,56.331372725499335,0.11262927986279352
5617,89.31,61.19,0.9,0.0124,4441.209677419354,202.61,21.919992485165363,1,62.206147388577264,0.1002929017543175
5618,121.35,91.01,0.76,0.0818,845.5696821515893,375.73,2.2504715677523466,0,89.12854359028232,0.7495363317482091
5619,318.05,270.69,0.8,0.0597,3627.3366834170856,411.38,8.817484280755227,2,267.2069894521055,0.7444133515473622
5620,450.51,364.76,0.79,0.0225,12807.128888888888,332.2,38.55246504782929,3,408.595870101955,0.1290359008742155
5621,56.38,48.58,0.83,0.082,491.7243902439024,44.82,10.971093044263775,0,32.12542619483017,0.7755144874980254
5622,271.23,250.23,0.81,0.0957,2117.934169278997,43.1,49.14000392758694,2,245.98451453361722,0.7561911006440443
5623,415.98,459.72,0.86,0.0199,19867.29648241206,49.54,401.0354558419875,3,395.51551315599767,0.15300791328965876
5624,471.55,488.28,0.83,0.0187,21672.32085561497,52.47,413.0421356130164,3,446.8624365613697,0.12023323492445663
5625,366.9,353.99,0.85,0.0625,4814.264,394.05,12.217393731759929,2,350.7155374763306,0.7316925532298191
5626,250.73,270.69,0.75,0.0787,2579.6378653113084,53.92,47.84194854063999,2,245.3056932889778,0.7458912916424032
5627,83.68,75.04,0.79,0.0898,660.15144766147,391.0,1.6883668738145012,0,76.68354285072361,0.76291834108298
5628,73.79,66.74,0.79,0.094,560.9,224.52,2.498218421521468,0,86.5794100882151,0.770965993366391
5629,216.83,221.73,0.9,0.0217,9196.175115207372,193.44,47.54019393717624,1,195.0263674437268,0.09461708378795293
5630,59.84,55.65,0.76,0.0828,510.7971014492753,398.41,1.2820890576272566,0,53.39390704110092,0.7568820780115685
5631,153.0,110.4,0.8,0.0271,3259.0405904059044,384.99,8.465260371453555,1,116.82803283351595,0.11866803680859107
5632,126.48,95.46,0.79,0.0919,820.6028291621328,313.29,2.61930744410014,0,95.57610100875573,0.7673377060899743
5633,103.49,86.0,0.89,0.0557,1374.1472172351887,396.12,3.46901751296372,0,92.46494653888726,0.7262459789949786
5634,72.11,61.99,0.83,0.0626,821.9121405750799,44.34,18.536584135658092,0,45.59258500586661,0.7644611270194143
5635,168.63,162.81,0.88,0.05,2865.4559999999997,43.6,65.72146788990825,1,150.6375749588751,0.704749609300412
5636,150.7,150.13,0.76,0.0141,8092.113475177305,170.57,47.441598611580616,1,136.03650560713746,0.12621399433982705
5637,274.09,286.07,0.79,0.0297,7609.26936026936,50.39,151.0075284832181,3,265.62770441464994,0.1341355863106763
5638,96.26,99.85,0.77,0.0755,1018.3377483443709,396.57,2.567863802971407,0,106.29556620147102,0.7726391605663836
5639,194.1,150.81,0.84,0.0123,10299.21951219512,449.38,22.918731390349194,1,175.4622210983418,0.13786860829056466
5640,67.7,77.8,0.85,0.0937,705.7630736392741,366.21,1.9272086334050795,0,79.2767745053626,0.7839633180736459
5641,424.77,335.18,0.9,0.0547,5514.844606946985,354.05,15.576457017220688,2,362.745353957412,0.7205170441183381
5642,51.74,43.15,0.81,0.0159,2198.2075471698113,355.84,6.177516713044659,1,44.35621347416834,0.11067812776112834
5643,341.0,373.23,0.81,0.0154,19630.92857142857,55.41,354.2849408306907,3,326.17891904777093,0.13814849489006428
5644,70.77,72.53,0.84,0.0968,629.3925619834711,416.79,1.510095160592795,0,81.49945713620718,0.7674621389521552
5645,56.78,58.72,0.82,0.0776,620.4948453608247,44.97,13.797972990011667,0,51.51568828223316,0.784436892073696
5646,148.86,151.77,0.8,0.0122,9952.131147540984,43.76,227.425300446549,3,133.04347737322007,0.10975446802532923
5647,477.43,412.39,0.88,0.0515,7046.664077669903,170.12,41.42172629714263,2,451.1317116113699,0.7020015900013766
5648,64.88,66.99,0.78,0.0845,618.3692307692307,377.15,1.6395843318818262,0,78.55305176381222,0.7653413244553704
5649,77.77,67.7,0.88,0.0799,745.6320400500626,395.1,1.8871982790434387,0,89.16163756108041,0.7623351110089088
5650,302.26,252.62,0.75,0.025,7578.6,311.69,24.314543296223814,2,273.00368174196376,0.1248532103998118
5651,103.75,81.63,0.88,0.0888,808.9459459459459,43.67,18.524065627340185,0,74.36222295896044,0.7277370365282954
5652,180.51,183.24,0.8,0.0901,1626.992230854606,436.54,3.7270175261249965,0,163.72104145456817,0.7177407890114654
5653,98.84,93.08,0.86,0.0668,1198.3353293413174,349.0,3.4336255855052076,0,109.35765026212782,0.7841553955923163
5654,114.88,105.53,0.79,0.0535,1558.2934579439254,345.79,4.506473460608825,0,102.66577437219705,0.7458313770220609
5655,451.65,400.66,0.85,0.0893,3813.673012318029,351.52,10.849092547559255,2,410.7899929135552,0.7457942321086777
5656,63.47,51.56,0.78,0.07,574.5257142857143,57.12,10.058223289315729,0,36.50145178718634,0.7744923255659721
5657,132.1,105.45,0.75,0.0679,1164.7643593519883,50.93,22.869906918358303,0,97.70745108215021,0.7746753314903821
5658,80.44,69.93,0.85,0.0101,5885.198019801981,46.42,126.78151701426069,1,53.77553336632131,0.08763843852434895
5659,148.41,141.57,0.8,0.0853,1327.7373974208676,48.49,27.381674518887763,0,131.73639644783228,0.7526571560593767
5660,142.91,125.25,0.8,0.0811,1235.5117139334154,43.39,28.47457280325917,0,108.4972263885725,0.7711128499281323
5661,147.68,139.24,0.78,0.0697,1558.209469153515,384.27,4.054985997224647,0,151.6654571685719,0.7327252961137463
5662,259.95,238.76,0.89,0.0646,3289.4179566563466,302.91,10.859390434968626,2,234.2532021285867,0.7486880694139179
5663,110.21,99.12,0.86,0.0575,1482.4904347826086,373.61,3.9680159384989926,0,116.81044923982186,0.7230895173980992
5664,227.74,201.48,0.77,0.0885,1752.9898305084746,370.37,4.733077275450157,0,224.5634219586592,0.7223304371911685
5665,394.68,335.24,0.81,0.0925,2935.6151351351355,51.12,57.425961172440054,2,337.49676203578963,0.7562383835097184
5666,497.67,463.28,0.81,0.0711,5277.873417721519,407.88,12.939770073848974,2,450.5269906960983,0.6769540124174394
5667,427.82,447.46,0.89,0.0635,6271.486614173228,382.72,16.38661845258473,2,406.94173918616104,0.7495943539269357
5668,236.11,183.0,0.85,0.0229,6792.576419213973,186.59,36.4037537875233,1,194.11200271787305,0.121168337396506
5669,72.24,61.96,0.77,0.0136,3508.0294117647063,45.83,76.54439039416772,1,44.8591642039638,0.10988235897940993
5670,97.9,70.07,0.84,0.0135,4359.911111111111,336.02,12.975153595354772,1,68.95534728209027,0.10632889200466118
5671,337.74,273.61,0.86,0.0979,2403.5199182839633,320.82,7.491802002007242,2,288.29731126023114,0.7622136288082985
5672,109.47,83.72,0.83,0.0256,2714.359375,299.85,9.052390778722694,1,79.57042388403454,0.10605140860087911
5673,104.47,107.67,0.79,0.067,1269.5417910447761,45.51,27.895886421550784,0,112.86593548832488,0.7318046896912648
5674,367.37,374.04,0.86,0.076,4232.557894736842,44.53,95.04958218587115,2,351.099461198686,0.726225118540521
5675,257.48,257.22,0.8,0.0287,7169.895470383277,47.72,150.24927641205525,3,250.87361700498136,0.1227728811030441
5676,65.31,57.13,0.83,0.0857,553.3010501750292,362.63,1.5258005409784883,0,77.77997581626154,0.7687639339033224
5677,146.23,150.63,0.87,0.0964,1359.420124481328,361.37,3.761851079174608,0,133.09586909327507,0.7417281585391302
5678,159.81,127.11,0.79,0.066,1521.4681818181816,426.2,3.5698455697282534,0,123.92420773400939,0.7326017229147926
5679,377.34,325.33,0.88,0.0577,4961.705372616984,381.53,13.004758138591944,2,359.0442468551323,0.7275338688842473
5680,151.65,146.32,0.78,0.0546,2090.285714285714,212.09,9.855654270761065,0,135.91992922871935,0.7394915073146872
5681,198.84,223.0,0.89,0.0251,7907.1713147410355,46.31,170.74436006782628,3,199.58614425366648,0.10541595181307811
5682,249.08,213.91,0.79,0.0619,2730.030694668821,408.05,6.690431796762213,0,204.2880268703594,0.7602752112425119
5683,61.41,56.87,0.84,0.0977,488.95394063459565,176.49,2.7704342491619673,0,54.884456672274496,0.7878431423247119
5684,170.8,143.54,0.85,0.0728,1675.9478021978018,190.01,8.82031367926847,0,134.41483814447855,0.7570076478860056
5685,123.65,117.39,0.84,0.0942,1046.7898089171972,197.64,5.296447120609175,0,111.47573613120107,0.7686566134409221
5686,305.04,279.85,0.89,0.069,3609.659420289855,391.08,9.229977038687366,2,275.74887769360464,0.743376804469655
5687,69.78,73.37,0.76,0.0539,1034.5306122448978,188.95,5.475155396903403,0,78.6745937562725,0.7596480038806286
5688,403.92,352.3,0.87,0.0577,5311.975736568458,342.4,15.51394782876302,2,363.286257136399,0.7380869060829557
5689,457.28,415.74,0.87,0.0751,4816.1624500665785,174.4,27.615610378822122,2,412.81358223234145,0.7657795685970008
5690,296.2,274.39,0.86,0.076,3104.9394736842105,54.42,57.055117120253776,2,266.854073020747,0.7431430119411562
5691,311.9,283.34,0.85,0.056,4300.696428571428,352.18,12.211642991002977,2,262.3494813807031,0.7355823537829318
5692,179.7,191.97,0.85,0.0121,13485.495867768595,364.46,37.0013056790007,1,181.95929366249717,0.1412865121241676
5693,352.54,335.52,0.85,0.0743,3838.3849259757726,341.59,11.236818776825354,2,316.7721607355064,0.7385947240744555
5694,73.63,71.6,0.9,0.0275,2343.2727272727275,336.2,6.969877237575037,1,84.43201757154168,0.11019383578504208
5695,76.92,86.06,0.9,0.0611,1267.6595744680853,402.05,3.1529898631217144,0,87.24647676768244,0.752900035406688
5696,168.4,162.05,0.82,0.0293,4535.18771331058,333.21,13.610599061584526,1,152.72865364974436,0.11776475202463993
5697,91.53,79.84,0.87,0.085,817.1858823529412,212.53,3.845037793972339,0,102.36100936798384,0.7619154020838341
5698,94.18,94.86,0.89,0.0204,4138.499999999999,207.45,19.949385394070855,1,102.71050617193498,0.13138134807818969
5699,222.5,223.11,0.77,0.0838,2050.0560859188545,223.83,9.15898711485884,0,199.63421207178814,0.7284533028949872
5700,147.1,145.27,0.77,0.0861,1299.1626016260166,336.02,3.8663252235760273,0,150.2896270909352,0.7444692613185611
5701,109.67,96.85,0.89,0.0296,2912.0439189189187,375.96,7.745621659003402,1,80.37585421168791,0.12733126882134277
5702,167.3,154.47,0.83,0.0648,1978.5509259259259,319.56,6.191484935304562,0,150.10637910406558,0.7544391167181564
5703,61.81,66.33,0.88,0.092,634.4608695652174,42.88,14.796195652173912,0,75.35722415481872,0.7576111667421453
5704,475.3,446.08,0.78,0.0115,30255.86086956522,350.55,86.30968726163235,3,429.89538209767795,0.11295540621909039
5705,291.0,279.56,0.8,0.0859,2603.5855646100117,207.56,12.543773196232472,2,264.608453071878,0.7630597020238783
5706,188.29,161.85,0.82,0.0277,4791.227436823105,45.82,104.56629063341563,1,187.411496299504,0.12272244592558035
5707,68.98,61.31,0.81,0.0729,681.2222222222223,47.27,14.411301506710858,0,62.31183126391497,0.7561477090779011
5708,116.32,107.4,0.77,0.0521,1587.2936660268715,42.67,37.199289103043625,0,123.21276961184194,0.6708216440005502
5709,54.34,44.92,0.77,0.096,360.2958333333333,185.84,1.9387421079064426,0,49.386029592892,0.7677347364071139
5710,84.48,68.78,0.8,0.0111,4957.117117117117,306.45,16.175940992387396,1,58.15912455890086,0.10781590709016153
5711,93.6,91.35,0.84,0.0879,872.9692832764504,50.61,17.248948493903388,0,103.62833076411069,0.7695243809468261
5712,407.39,353.35,0.86,0.0685,4436.21897810219,228.11,19.44771811013191,2,388.2792480902589,0.7562970199770634
5713,185.6,168.32,0.84,0.0909,1555.4323432343233,389.89,3.9894132787050793,0,147.3794517054722,0.7544685246420216
5714,80.21,72.54,0.87,0.0513,1230.2105263157896,213.09,5.7731968948134105,0,71.15300678293448,0.7671072066865192
5715,95.76,78.1,0.89,0.0225,3089.288888888889,224.54,13.758300921389903,1,84.89423553419599,0.12889934812772652
5716,159.13,148.2,0.76,0.071,1586.3661971830986,45.34,34.988226669234635,0,143.91791146314884,0.7284430876994361
5717,103.58,87.35,0.88,0.0927,829.2125134843582,200.06,4.144819121685285,0,73.14413974986985,0.7405619115520662
5718,145.62,119.39,0.83,0.0255,3886.0274509803926,379.81,10.231503780786163,1,131.3776149092941,0.11282127792798245
5719,140.13,136.53,0.86,0.0821,1430.1559074299635,43.38,32.96809376279307,0,126.05999418419087,0.7364556164539234
5720,89.31,78.38,0.86,0.0621,1085.4557165861513,49.89,21.7569796870345,0,98.99891892158631,0.7660384924624226
5721,103.08,81.05,0.76,0.0738,834.6612466124661,208.14,4.010095352226704,0,72.69505116296988,0.7094775621711831
5722,83.04,68.37,0.84,0.0287,2001.0731707317075,196.58,10.179434178104117,1,54.08654281274616,0.122394175586809
5723,197.0,223.11,0.88,0.0613,3202.884176182708,57.39,55.80909873118502,0,196.84883957661845,0.7171185991718955
5724,67.24,53.88,0.78,0.0746,563.3565683646113,226.87,2.4831690764076844,0,40.98811383166765,0.7596129120885446
5725,56.88,63.96,0.77,0.0967,509.2988624612204,309.82,1.643854052227811,0,71.45259665123854,0.7695110480999954
5726,135.37,138.45,0.84,0.0852,1364.9999999999998,404.47,3.3747867579795776,0,120.07128798052592,0.7366116036689861
5727,376.6,334.74,0.79,0.0234,11301.051282051283,442.78,25.52294882797616,2,337.8416002265333,0.1429135691743915
5728,234.02,179.31,0.79,0.0829,1708.7442702050664,51.36,33.26994295570612,0,191.7281033229326,0.7696536999206377
5729,165.76,158.12,0.76,0.09,1335.2355555555555,50.63,26.372418636293805,0,169.68326737457951,0.7142604306760364
5730,270.23,284.27,0.79,0.0197,11399.659898477157,388.62,29.333693321180476,1,262.25315550551414,0.1452959343790385
5731,103.95,89.6,0.81,0.0262,2770.076335877862,204.79,13.526423828692135,1,112.21381246971924,0.12604174224069778
5732,60.41,55.57,0.79,0.0713,615.7124824684432,48.09,12.803337127644898,0,53.98393534614131,0.7633456347296058
5733,370.38,263.16,0.89,0.066,3548.6727272727276,47.8,74.24001521491063,2,315.40891691610955,0.7634301485621193
5734,190.03,149.85,0.81,0.0639,1899.5070422535211,457.73,4.149841701993579,0,170.66617055819106,0.6910913966153024
5735,153.7,140.06,0.76,0.0738,1442.3523035230353,188.59,7.648084752760142,0,119.38535900880572,0.7315171597587335
5736,63.42,55.47,0.77,0.0754,566.4708222811671,217.47,2.60482283662651,0,76.53105367155436,0.762228162848747
5737,164.05,182.54,0.83,0.0744,2036.4005376344085,433.88,4.693464869628488,0,167.60538221094822,0.7136570361695932
5738,187.53,185.24,0.83,0.081,1898.1382716049382,56.86,33.382663939587374,0,169.8790302374467,0.7428344716753983
5739,83.26,86.09,0.77,0.0606,1093.8828382838283,394.4,2.773536608224717,0,74.8035757255716,0.7735175232764915
5740,171.39,152.6,0.87,0.0708,1875.1694915254236,42.74,43.873876731994,0,173.6322347100392,0.7156862139833591
5741,98.64,82.49,0.83,0.0104,6583.336538461538,213.97,30.767568063100146,1,88.48901843625644,0.11858686103607745
5742,176.44,157.89,0.89,0.0111,12659.648648648648,340.98,37.127246902013745,1,159.78623566381734,0.14025036241652308
5743,181.49,161.4,0.87,0.0168,8358.214285714286,373.08,22.403276202729405,1,146.61429645771264,0.126105664662318
5744,234.8,230.95,0.87,0.0247,8134.676113360323,55.83,145.70439035214622,3,230.4975437648587,0.13940133625416296
5745,70.39,58.09,0.86,0.0209,2390.306220095694,396.97,6.021377484685728,1,44.87897229845201,0.1069417915399681
5746,191.13,167.47,0.87,0.0973,1497.419321685509,424.51,3.527406472604907,0,154.10691100270944,0.7286737302394657
5747,76.94,60.74,0.75,0.0864,527.2569444444443,200.74,2.6265664264443775,0,52.233734963818165,0.7851624974326447
5748,66.55,67.1,0.75,0.0665,756.7669172932331,50.16,15.087059754649783,0,59.83779279183466,0.7787416649414542
5749,370.63,368.66,0.84,0.0298,10391.758389261746,355.63,29.220702385236752,2,335.3995604507636,0.13393215063193037
5750,94.52,78.79,0.76,0.0741,808.1025641025642,380.01,2.1265297336979665,0,66.1653428429477,0.77876270100411
5751,101.63,83.07,0.85,0.0247,2858.684210526316,336.88,8.485764101538576,1,91.30078018796853,0.12946821503235123
5752,180.04,199.49,0.83,0.014,11826.907142857142,56.54,209.17769973217443,3,182.40128367395852,0.13407944804927932
5753,485.89,438.46,0.81,0.087,4082.2137931034486,51.63,79.0667013965417,2,423.2477497574862,0.7597298447867666
5754,120.77,99.86,0.87,0.0197,4410.0609137055835,338.36,13.033635517512659,1,108.67938076014052,0.11248697488506126
5755,285.19,248.31,0.88,0.0886,2466.284424379233,221.17,11.151080274807763,2,238.047410827202,0.7476720476908214
5756,97.31,98.98,0.89,0.0718,1226.9108635097493,364.46,3.3663800238976824,0,106.98190478989248,0.7756963904091776
5757,347.78,312.43,0.81,0.0861,2939.23693379791,351.79,8.355089496000199,2,294.87433518298906,0.7511438190872348
5758,115.51,115.37,0.78,0.0149,6039.503355704699,219.62,27.499787613626715,1,103.97553372588425,0.12029869491077264
5759,234.56,189.26,0.84,0.0779,2040.801026957638,45.34,45.01105044017728,0,191.4057913044646,0.7604755978089693
5760,336.21,294.78,0.82,0.0141,17143.234042553187,222.3,77.11756204477366,3,303.10158099412484,0.13818680330848687
5761,373.48,303.8,0.85,0.0664,3889.0060240963858,350.8,11.086106112019344,2,316.5116702403023,0.7486113087660755
5762,192.21,215.21,0.9,0.0292,6633.18493150685,208.51,31.812310831647647,1,193.71257922905772,0.10481625026971551
5763,84.61,68.23,0.86,0.0205,2862.3317073170733,320.32,8.935850734631224,1,57.997267594483006,0.11188341715039814
5764,237.05,211.7,0.79,0.0734,2278.5149863760216,50.55,45.07448044265127,0,211.73568993420398,0.7509006424679332
5765,188.87,165.63,0.82,0.0296,4588.398648648648,364.61,12.584401548637306,1,189.81349393595696,0.15968887691983222
5766,124.38,107.7,0.89,0.0188,5098.563829787235,171.14,29.791771822994246,1,93.11450769628634,0.09192688093731442
5767,96.81,70.85,0.79,0.0242,2312.8719008264466,50.78,45.54690627858304,1,67.84850527992413,0.1050249714948977
5768,72.05,62.66,0.87,0.0277,1968.0216606498193,201.69,9.757656109126973,1,83.91518490081278,0.15105526265584335
5769,121.56,111.53,0.88,0.0561,1749.4901960784316,47.69,36.68463401296774,0,107.88774534814951,0.7130897813144221
5770,88.65,72.71,0.75,0.0187,2916.1764705882347,324.67,8.981970833733435,1,80.27165302261902,0.11787562801101199
5771,381.63,425.18,0.9,0.0512,7473.867187500001,320.53,23.317215822231933,2,363.56523571647165,0.7227467726115596
5772,139.87,110.41,0.89,0.0865,1136.0104046242775,365.98,3.104023183300392,0,107.23063003275719,0.7575350478687981
5773,154.19,135.54,0.76,0.0581,1772.984509466437,51.66,34.32025763581953,0,118.65543231846637,0.7302374192016278
5774,50.41,49.37,0.8,0.0786,502.4936386768448,184.8,2.7191214214114976,0,43.408506064626124,0.8031063438356799
5775,226.96,215.88,0.83,0.0192,9332.3125,298.0,31.31648489932886,1,205.24028758900153,0.12008770905214412
5776,355.39,358.71,0.75,0.0158,17027.373417721516,186.75,91.17736769864266,3,318.6284364999762,0.12476580930281761
5777,292.52,224.56,0.77,0.0777,2225.3693693693695,351.63,6.328724424450045,2,244.72602614016373,0.7483497704464027
5778,72.32,83.12,0.76,0.0614,1028.8469055374594,396.1,2.5974423265272892,0,83.66257727733786,0.7473920284623433
5779,77.1,57.08,0.79,0.0719,627.1655076495132,49.61,12.641917106420342,0,49.478279297219046,0.7806267144349839
5780,186.89,157.21,0.82,0.0245,5261.722448979593,386.56,13.61165782538181,1,168.68219169671443,0.1295386049816991
5781,132.49,138.75,0.75,0.0896,1161.411830357143,315.12,3.685617638858666,0,140.4125444764842,0.7392998666999867
5782,53.86,45.81,0.85,0.0612,636.25,306.01,2.0791804189405574,0,47.875107761626495,0.7810703659124109
5783,55.6,52.25,0.89,0.0284,1637.4119718309857,449.35,3.6439567638388466,1,69.93253164902933,0.13693516114334595
5784,95.28,100.7,0.81,0.0139,5868.129496402878,415.18,14.13394069175509,1,103.88480450933207,0.13701548637715658
5785,55.41,51.17,0.87,0.0529,841.5482041587902,305.89,2.7511465041642102,0,49.62144963658072,0.7750362254417819
5786,487.28,341.28,0.9,0.0106,28976.603773584906,423.03,68.49775139726475,3,421.25601447942404,0.10256246502268868
5787,88.71,77.8,0.86,0.0132,5068.787878787879,377.9,13.413040166149456,1,60.30320221804685,0.1190511407438249
5788,78.12,57.85,0.85,0.0208,2364.0625,170.62,13.855717383659593,1,51.211803460061816,0.099048210526072
5789,70.45,63.75,0.76,0.0509,951.8664047151277,367.0,2.5936414297414925,0,61.303864887744,0.7488969091873249
5790,90.35,84.42,0.83,0.0685,1022.8992700729926,352.49,2.9019242250077806,0,100.02069362365712,0.7734078277232729
5791,109.72,102.29,0.89,0.053,1717.7,355.75,4.82839072382291,0,97.47654425648459,0.7348394232297156
5792,160.6,138.65,0.81,0.0988,1136.7054655870447,54.78,20.750373595966497,0,164.42368638336285,0.7326997944949144
5793,151.79,152.75,0.83,0.0747,1697.2222222222222,358.04,4.740314552067429,0,155.59601043596305,0.7287385813142732
5794,448.79,507.94,0.88,0.0297,15050.074074074073,173.23,86.87914376305532,3,426.2505625452814,0.12023325611341043
5795,157.48,161.94,0.89,0.092,1566.5934782608695,432.15,3.6251150717595038,0,160.6660637727717,0.7368990866034723
5796,274.66,289.26,0.86,0.0192,12956.4375,186.47,69.48269158577787,3,266.4332634413943,0.14750177661485775
5797,394.78,381.77,0.77,0.0632,4651.311708860759,354.02,13.138556321283428,2,355.74990643547056,0.7431177358637154
5798,62.57,54.15,0.85,0.0224,2054.7991071428573,212.76,9.657826222705665,1,75.09385286278317,0.14377196252622637
5799,61.44,66.45,0.76,0.0588,858.8775510204083,453.27,1.894847554482777,0,73.44722102191432,0.7672195162743856
5800,124.33,100.46,0.82,0.0201,4098.368159203979,176.7,23.193934121131747,1,93.23595564512254,0.10568541369359544
5801,214.03,242.83,0.85,0.0285,7242.298245614034,368.03,19.678554046175677,1,209.72184405592776,0.15080765039444485
5802,69.06,59.94,0.82,0.0229,2146.3231441048033,377.94,5.679004985195543,1,44.95429499283301,0.11181286282696917
5803,78.79,79.98,0.83,0.0914,726.2954048140043,377.46,1.9241652223123096,0,88.86497618005251,0.7838117998935789
5804,346.12,339.73,0.84,0.0745,3830.5127516778525,364.6,10.506068984305683,2,312.13864322709145,0.7332805423810008
5805,57.21,46.95,0.89,0.0626,667.5,337.51,1.9777191786910018,0,32.317846707470494,0.7705459513975599
5806,164.6,183.82,0.8,0.0819,1795.5555555555557,335.39,5.3536347403189,0,168.76604479509965,0.7366634780122636
5807,69.67,65.64,0.88,0.0562,1027.8149466192172,395.75,2.597131892910214,0,80.64897815898604,0.7607112911541313
5808,457.94,439.79,0.85,0.0118,31679.788135593226,337.09,93.98020746860847,3,415.6456127508681,0.12460486322307159
5809,57.07,65.0,0.86,0.024,2329.1666666666665,47.64,48.89098796529527,1,69.48083273395173,0.10917568952022155
5810,83.44,71.08,0.75,0.092,579.4565217391305,385.69,1.5023892808709858,0,55.15065323058974,0.776550362542329
5811,117.7,104.92,0.89,0.0675,1383.3896296296296,201.1,6.8791130265023845,0,105.28759000421354,0.748439004964181
5812,147.11,132.14,0.78,0.0821,1255.4104750304505,332.35,3.777374680398527,0,113.82155182671659,0.747992999546382
5813,226.78,193.55,0.81,0.0891,1759.545454545455,332.6,5.290274968567212,0,224.2320622333967,0.7292966246460614
5814,479.37,475.12,0.82,0.0686,5679.276967930029,195.47,29.054468552361126,2,434.33464697796717,0.7322690985243853
5815,433.6,354.29,0.82,0.0661,4395.125567322239,424.64,10.350239184538053,2,391.38718477634336,0.7397432138955822
5816,105.1,86.33,0.86,0.0774,959.2222222222222,301.39,3.182661077747179,0,95.36031353007343,0.7354747773321713
5817,227.21,241.82,0.81,0.013,15067.246153846154,180.26,83.58618747279571,3,222.94510605063138,0.1436918382728429
5818,445.79,471.66,0.87,0.0214,19174.96261682243,208.5,91.96624756269752,3,422.20349072402115,0.1341105587332587
5819,165.92,176.55,0.84,0.0887,1671.9503945885006,177.95,9.395618963689243,0,170.3430812434629,0.7533585193065868
5820,91.62,98.1,0.83,0.0115,7080.260869565216,57.0,124.21510297482835,1,101.07564255937069,0.1247000120463129
5821,124.83,94.69,0.85,0.0524,1536.0019083969462,334.7,4.58919004600223,0,91.47396541669322,0.755299509566289
5822,116.84,110.04,0.75,0.0909,907.920792079208,418.49,2.1695160985428754,0,104.25982490533907,0.7558084713727802
5823,92.01,67.14,0.8,0.0937,573.2337246531483,225.76,2.5391288299661072,0,63.93801760760091,0.7841092019190229
5824,136.74,120.38,0.78,0.0516,1819.6976744186045,223.68,8.135272149582459,0,102.84172273893722,0.7527059641559459
5825,303.91,209.59,0.75,0.0165,9526.81818181818,47.52,200.4801805938169,3,253.70859458311648,0.09652212179467602
5826,75.9,82.76,0.78,0.012,5379.400000000001,310.78,17.30935066606603,1,87.11539644738744,0.12146372673870172
5827,53.03,41.36,0.83,0.0223,1539.408071748879,201.77,7.629519114580358,1,28.822860997291087,0.12267424534715994
5828,232.2,245.37,0.81,0.0578,3438.5761245674744,376.62,9.13009432469724,2,227.72030593007415,0.7235279753005552
5829,70.56,62.6,0.8,0.0141,3551.7730496453905,201.43,17.632790794049498,1,62.98197690400194,0.1248088934431581
5830,243.72,263.3,0.88,0.0502,4615.617529880478,445.71,10.355651723947137,2,235.8223714431338,0.7184778110269988
5831,197.33,171.69,0.76,0.0234,5576.256410256409,218.85,25.479809962332233,1,178.09205997898263,0.11957248026265783
5832,134.47,116.57,0.81,0.0831,1136.2418772563178,388.12,2.9275530177685196,0,101.37805455594248,0.7472088711835884
5833,492.22,493.89,0.88,0.0283,15357.710247349823,46.7,328.85889180620603,3,447.26000484460525,0.1008423122715153
5834,137.06,130.46,0.86,0.0978,1147.19427402863,53.67,21.374963182944473,0,144.6145471176113,0.7462982491297767
5835,190.1,179.08,0.77,0.0882,1563.3968253968255,187.14,8.354156382370554,0,172.23655060013294,0.7174541114924057
5836,80.6,67.74,0.77,0.0298,1750.3288590604027,315.25,5.552193050151952,1,71.27335328450813,0.1222263333555669
5837,59.65,50.23,0.78,0.0166,2360.2048192771085,188.9,12.494467015760236,1,34.28258771925647,0.11858062583379304
5838,197.34,198.27,0.89,0.021,8402.871428571429,200.68,41.87199236880321,1,197.36560920518576,0.14087351498048092
5839,312.9,300.05,0.79,0.0925,2562.5891891891893,211.47,12.117979804176429,2,283.68988614544014,0.7640455570873579
5840,99.96,89.42,0.81,0.0123,5888.634146341463,175.51,33.55155914957246,1,108.52513886650564,0.1299120766494096
5841,83.25,79.96,0.81,0.0239,2709.941422594142,43.2,62.73012552301254,1,75.37340672866881,0.10881021865639871
5842,68.12,53.57,0.83,0.0119,3736.394957983193,52.48,71.19655026644804,1,61.66564986543693,0.11224980151863725
5843,145.28,132.48,0.82,0.0641,1694.7519500780027,401.01,4.226208698231971,0,108.86037045695011,0.7573215311500208
5844,114.6,94.11,0.89,0.0945,886.3269841269843,354.92,2.49725849241233,0,103.34372305388105,0.7473215561571432
5845,98.91,97.13,0.77,0.087,859.6563218390805,223.82,3.8408378243190087,0,89.41812246075833,0.7532387425002018
5846,111.4,91.77,0.85,0.0745,1047.0402684563758,185.59,5.6416847268515316,0,100.43540960359937,0.734102244913425
5847,78.5,62.82,0.78,0.0887,552.4193912063134,344.42,1.6039120585515168,0,73.37370486243465,0.7816217348709605
5848,135.13,119.67,0.9,0.0826,1303.910411622276,297.75,4.379212129713773,0,105.77984259425199,0.7577708487805517
5849,81.63,80.13,0.82,0.0939,699.7507987220447,51.02,13.71522537675509,0,94.42614593325621,0.7684927513343492
5850,255.79,182.83,0.82,0.0993,1509.7744209466266,341.12,4.425933457277869,0,212.54672233909864,0.7479986443272046
5851,76.75,59.33,0.83,0.0578,851.970588235294,45.73,18.630452399634684,0,68.2827946342103,0.7582561856069416
5852,433.22,345.78,0.79,0.0102,26781.0,56.36,475.1774308019872,3,371.99573751419416,0.1366102099375096
5853,102.28,91.6,0.85,0.0149,5225.503355704698,331.44,15.766061295271236,1,112.23922028239754,0.13639076615898554
5854,109.92,93.89,0.86,0.0564,1431.6560283687945,210.77,6.792503811589858,0,97.7141957075452,0.7308128688980402
5855,407.65,399.49,0.84,0.0771,4352.4202334630345,446.15,9.755508760423702,2,368.0272824816151,0.7605813811028047
5856,394.3,391.77,0.87,0.0986,3456.794117647059,382.49,9.037606519509161,2,377.6894997754263,0.7416802770498407
5857,372.28,270.43,0.87,0.0917,2565.693565976009,186.5,13.757070058852594,2,318.33308731365196,0.729807776812286
5858,437.8,446.69,0.77,0.0185,18591.962162162163,228.69,81.2976612976613,3,395.8228633287691,0.13631724538316572
5859,63.53,53.06,0.75,0.0254,1566.732283464567,226.46,6.918362110149991,1,38.64452162761407,0.12157137642149367
5860,150.63,170.09,0.84,0.0265,5391.532075471698,335.48,16.071098353021632,1,155.328483592201,0.1321757313116176
5861,143.18,144.03,0.86,0.0554,2235.8447653429603,400.74,5.57929022643849,0,127.05790500305159,0.7332069054950501
5862,119.28,109.69,0.8,0.0902,972.860310421286,350.03,2.7793626558331748,0,127.07364932367965,0.742318001830546
5863,103.94,92.72,0.75,0.0865,803.9306358381502,389.48,2.0641127550532765,0,94.07356011630077,0.7353386661104746
5864,187.01,142.44,0.89,0.0732,1731.8524590163936,218.11,7.940270776288998,0,150.65616594697084,0.7301841879537355
5865,284.06,262.69,0.89,0.0545,4289.8,418.11,10.25997943125015,2,255.77264391306676,0.7387960726636446
5866,443.24,396.58,0.83,0.019,17324.284210526315,57.37,301.97462455161786,3,381.73668625090727,0.11840104692173908
5867,423.07,373.1,0.86,0.0905,3545.480662983426,361.54,9.806606912052404,2,403.97421282012465,0.7468888975828907
5868,192.69,180.94,0.79,0.0896,1595.341517857143,50.02,31.894072728051636,0,175.19407905671824,0.7393284259393595
5869,209.16,200.78,0.85,0.0163,10470.122699386504,383.13,27.327859210676543,1,208.37458159715078,0.1363408755025616
5870,110.08,102.33,0.77,0.0758,1039.5,404.49,2.5699028406141067,0,116.29632558731709,0.7196900226579801
5871,125.98,104.51,0.87,0.0665,1367.2736842105264,52.06,26.26342074933781,0,113.52690973157905,0.746985532402016
5872,102.9,105.2,0.9,0.017,5569.411764705883,322.89,17.248635029594855,1,92.50383930481387,0.10615924516001136
5873,372.04,299.8,0.77,0.0133,17356.84210526316,438.09,39.61935242818407,3,315.9993826434012,0.14253589027236804
5874,97.27,89.12,0.81,0.0127,5684.031496062993,218.81,25.977018856830096,1,89.30011480702507,0.12291494203594346
5875,347.85,250.4,0.78,0.0763,2559.7903014416775,380.94,6.719667930492144,2,294.5140424855154,0.727446785527573
5876,83.03,74.92,0.86,0.0544,1184.3970588235295,49.86,23.7544536466813,0,52.95361194685756,0.6992979520468856
5877,348.25,302.06,0.82,0.061,4060.47868852459,54.13,75.0134618238424,2,332.0615426853312,0.7164422767922598
5878,61.88,58.0,0.87,0.0782,645.2685421994885,345.1,1.8698016290915342,0,56.896684158542215,0.7739780640230305
5879,154.38,176.18,0.82,0.0162,8917.753086419754,210.96,42.272246333047754,1,158.6344415433034,0.1432111635918198
5880,93.69,80.27,0.82,0.0142,4635.309859154929,46.92,98.79177022921843,1,84.7952546086531,0.11675401199015804
5881,332.79,277.82,0.78,0.0246,8808.926829268292,178.52,49.344201373898116,2,279.39008319307385,0.12473270121808154
5882,142.28,130.24,0.83,0.0692,1562.1271676300578,46.63,33.500475394168085,0,147.09388712469115,0.7319772914379209
5883,96.67,82.96,0.85,0.0538,1310.706319702602,53.46,24.517514397729183,0,84.24703380303295,0.7005949188480456
5884,68.03,65.68,0.76,0.0606,823.7095709570958,312.87,2.6327534469814804,0,60.66250408334885,0.7594526304582244
5885,194.71,218.8,0.78,0.0238,7170.756302521009,310.91,23.063768622820138,1,196.9472845640549,0.12683653093857689
5886,103.36,86.31,0.82,0.0761,930.0157687253612,220.77,4.212600302239259,0,92.7170887534875,0.7293433831685551
5887,74.5,65.65,0.86,0.0738,765.0271002710027,53.21,14.377506112967538,0,67.25123392385566,0.7524293558182342
5888,126.77,119.47,0.85,0.0168,6044.613095238095,407.64,14.828311979290785,1,113.90680752792314,0.13920034086648744
5889,90.16,80.78,0.84,0.0517,1312.4796905222436,224.59,5.843891938742791,0,60.480880447218965,0.7867596012311618
5890,134.96,110.93,0.81,0.0167,5380.437125748504,302.11,17.809530057755463,1,123.90975088728584,0.12102589158487462
5891,154.79,159.77,0.83,0.0776,1708.8801546391755,413.87,4.129026396306028,0,160.34758602193082,0.719742733557278
5892,436.6,315.51,0.85,0.0579,4631.839378238341,223.47,20.726895682813538,2,375.6438127020054,0.7402416434228823
5893,344.48,289.69,0.82,0.0558,4257.093189964157,344.99,12.339758224772188,2,309.76557057335253,0.740230575442551
5894,125.38,114.9,0.86,0.0725,1362.9517241379313,226.14,6.027026285212396,0,131.34527204650948,0.7585345459882809
5895,185.51,196.6,0.85,0.0703,2377.0981507823612,52.21,45.5295566133377,0,187.55553690782205,0.728303592659763
5896,451.72,362.72,0.83,0.0664,4534.0,334.3,13.562668262040082,2,390.62709713760665,0.7459328275678881
5897,161.86,147.98,0.86,0.0127,10020.692913385827,363.76,27.547539348432558,1,165.66180851767894,0.1505109599127851
5898,106.32,82.94,0.75,0.0966,643.944099378882,217.55,2.959982070231588,0,76.2430155245418,0.7423768153070344
5899,416.67,321.07,0.76,0.0136,17942.14705882353,45.94,390.55609618684224,3,375.5317290035817,0.10968537680766309
5900,96.23,69.57,0.85,0.0243,2433.5185185185187,195.19,12.467434389664014,1,67.40900071185501,0.10696057916783086
5901,190.81,147.42,0.87,0.0215,5965.367441860465,198.79,30.00838795643878,1,153.86565168373542,0.1155764800931726
5902,72.04,51.83,0.84,0.0881,494.1793416572077,389.16,1.2698616036005954,0,46.89835981368664,0.7743489197551638
5903,80.44,67.1,0.84,0.0895,629.7653631284915,423.67,1.486452576600872,0,73.65384701514402,0.7695114548989601
5904,347.54,308.72,0.81,0.0505,4951.746534653466,45.04,109.9410864709917,2,313.2169929448102,0.7285835790076988
5905,452.86,415.0,0.82,0.0252,13503.968253968253,42.53,317.51630035194574,3,427.5439657987906,0.1261281372766926
5906,105.38,106.02,0.85,0.0745,1209.6241610738255,383.33,3.1555687294858883,0,95.24084153311705,0.7389162924059977
5907,95.53,72.39,0.75,0.0771,704.182879377432,366.26,1.922631134651428,0,68.841995738551,0.787993112874103
5908,51.17,38.21,0.77,0.0929,316.702906350915,363.38,0.8715474334055672,0,26.760165568997508,0.7661516945181855
5909,69.85,67.4,0.83,0.0159,3518.3647798742136,171.94,20.462747352996473,1,63.367094432807505,0.11728246927605925
5910,120.13,82.21,0.78,0.0621,1032.5893719806763,435.69,2.3700093460503484,0,85.30175927548846,0.7449966741743342
5911,95.24,76.26,0.86,0.0589,1113.4736842105262,44.74,24.887654989059595,0,85.90017964091606,0.7607875943580573
5912,490.26,403.64,0.89,0.0212,16945.264150943396,54.42,311.3793486024145,3,442.79445346254005,0.1127157388155568
5913,259.1,214.98,0.76,0.0672,2431.3214285714284,343.46,7.078907088369617,2,231.7949131256445,0.7370174627052758
5914,493.33,516.97,0.84,0.0202,21497.762376237624,47.27,454.7865956470832,3,465.4441863269147,0.12374699404555294
5915,497.08,452.19,0.82,0.067,5534.2656716417905,298.73,18.525978882742912,2,430.88194552341054,0.7609448277420645
5916,151.9,144.2,0.77,0.0288,3855.3472222222217,360.86,10.683775486954003,1,156.37315024344542,0.11279078978264934
5917,55.49,49.37,0.82,0.0812,498.564039408867,452.55,1.1016772498262446,0,30.563426032499763,0.7958225285608133
5918,107.6,90.64,0.81,0.0131,5604.458015267175,381.03,14.708705391352847,1,77.44221975691178,0.1163813660762929
5919,88.36,98.66,0.87,0.0792,1083.7651515151513,441.07,2.4571273301633556,0,100.4754342145006,0.7875510542952014
5920,86.75,68.78,0.88,0.013,4655.876923076923,212.33,21.927551090646272,1,77.71843537308571,0.12852791854262743
5921,157.92,135.08,0.8,0.0511,2114.755381604697,392.86,5.382974549724322,0,122.61213262701983,0.753293964462371
5922,94.97,79.96,0.8,0.0922,693.7960954446854,217.22,3.1939788944143515,0,67.04328717761557,0.7641651220119698
5923,88.24,77.67,0.85,0.0136,4854.375,55.43,87.57667328161645,1,99.06825018785516,0.12119304998043721
5924,394.73,360.19,0.8,0.0633,4552.1642969984205,201.35,22.608216026811128,2,354.829040064938,0.7510462348054131
5925,74.82,57.62,0.75,0.0771,560.5058365758755,186.49,3.0055543813388144,0,68.3370177405573,0.7652892149443035
5926,142.25,129.43,0.82,0.015,7075.506666666667,431.43,16.400126710397206,1,107.92049284912997,0.12307873051319308
5927,140.79,108.19,0.76,0.0269,3056.6691449814125,48.59,62.907370754916904,1,109.32989033338367,0.09751954532411972
5928,63.69,62.2,0.85,0.0145,3646.206896551724,215.59,16.912690275762902,1,58.04644747395706,0.13321835738744203
5929,77.17,80.06,0.87,0.0798,872.8345864661655,402.33,2.169449423274838,0,88.60355475730802,0.7732643716763551
5930,72.49,77.37,0.89,0.0537,1282.296089385475,459.99,2.787660795637894,0,82.62222553983642,0.49808405199540146
5931,439.23,331.88,0.82,0.0981,2774.1243628950047,421.67,6.5788990511418985,2,379.64012381394366,0.7215485007022947
5932,314.78,249.97,0.81,0.0134,15110.126865671644,48.29,312.90384894743516,3,282.9321941466178,0.11971016006496474
5933,454.98,410.64,0.81,0.0224,14849.035714285716,190.03,78.1404815780967,3,412.50104365947226,0.13262777921891977
5934,81.2,75.99,0.76,0.0183,3155.868852459016,218.05,14.473143097725366,1,73.7903670012101,0.13238987845858444
5935,385.29,437.08,0.78,0.0997,3419.482447342026,447.11,7.647966825483719,2,367.6583369613038,0.7279600490404284
5936,73.5,64.39,0.78,0.0201,2498.716417910448,370.45,6.745084135269127,1,45.855963896345244,0.13756903022117956
5937,277.97,220.85,0.81,0.027,6625.5,174.31,38.00986747748264,1,229.5996117999781,0.12432774105213687
5938,386.57,336.88,0.84,0.0672,4211.0,316.7,13.29649510577834,2,331.3504978874346,0.7508107920282905
5939,65.73,52.81,0.77,0.0878,463.1400911161732,187.86,2.4653470196751472,0,40.725519938428704,0.7741768832793611
5940,307.07,214.39,0.84,0.0117,15392.10256410256,366.69,41.97579035180278,3,255.45574170841255,0.13343050363150477
5941,177.21,151.55,0.82,0.0252,4931.388888888889,43.61,113.0793141226528,1,159.64291183303828,0.10992766298090066
5942,79.42,71.4,0.76,0.0512,1059.84375,334.08,3.17242501795977,0,71.59362549401887,0.7490965637944194
5943,95.64,108.04,0.85,0.0983,934.2217700915566,445.91,2.0950904220393274,0,106.73099425104081,0.7882802837383158
5944,68.06,50.09,0.83,0.0917,453.3773173391494,351.73,1.2889924582468069,0,40.87221299585431,0.7893916297003771
5945,215.12,179.0,0.8,0.0108,13259.25925925926,52.87,250.78984791487156,3,172.46810777574981,0.11633670871286535
5946,178.21,143.21,0.8,0.052,2203.2307692307695,54.02,40.78546407313531,0,141.06739435475367,0.7421214320480172
5947,236.65,238.41,0.8,0.018,10596.0,341.72,31.007842678216083,1,213.8606602616851,0.12924241022113192
5948,159.28,143.03,0.77,0.0561,1963.1568627450984,191.56,10.248260924749939,0,123.05120265338529,0.7280184801443798
5949,385.59,345.67,0.89,0.0623,4938.142857142857,359.94,13.719350050405225,2,367.73750714846585,0.7376226294342509
5950,62.05,58.52,0.83,0.0154,3154.0,45.25,69.70165745856353,1,72.9028293362324,0.10751401075639862
5951,155.01,122.65,0.82,0.0708,1420.5225988700563,323.75,4.387714591104421,0,121.92326957610148,0.7616111313625146
5952,51.95,35.66,0.77,0.0289,950.1107266435986,349.01,2.722302302637743,1,28.751824329412386,0.11003938311754875
5953,92.1,79.99,0.87,0.0701,992.7432239657631,397.71,2.4961485101349306,0,63.91836860469651,0.7810927325055887
5954,491.51,484.0,0.82,0.0577,6878.3362218370885,45.39,151.5385816663822,2,445.11466482453454,0.7056594562100652
5955,172.23,157.46,0.82,0.0273,4729.5677655677655,181.51,26.056788967923342,1,175.51538839598976,0.13605059313948176
5956,71.64,51.85,0.75,0.0665,584.7744360902257,436.27,1.3403957092860515,0,42.97209185356934,0.7786992820193858
5957,165.19,157.69,0.76,0.0911,1315.5257958287593,194.36,6.768500698851406,0,150.44490207638222,0.734786881018742
5958,133.07,132.75,0.77,0.0173,5908.526011560694,207.47,28.478941589437962,1,118.97488172893497,0.12019927622907872
5959,339.73,262.67,0.86,0.0839,2692.4457687723484,174.39,15.439221106556275,2,288.01766041637524,0.7210118891230806
5960,57.31,49.07,0.81,0.0136,2922.5514705882356,221.12,13.217038126755769,1,51.95152742839791,0.13851913231422835
5961,167.71,172.75,0.88,0.0102,14903.921568627451,211.67,70.41111904675888,1,170.59972350087168,0.1303383095648996
5962,97.17,75.61,0.87,0.0299,2200.0234113712377,43.54,50.52878758317036,1,69.22607212744458,0.08631340522623326
5963,171.97,134.43,0.8,0.0871,1234.7187141216993,53.44,23.104766357067728,0,136.07424151235008,0.7472898772747351
5964,61.59,50.68,0.82,0.0731,568.5034199726402,46.61,12.197026817692347,0,54.14580890707862,0.7518474255831125
5965,410.61,286.47,0.87,0.0108,23076.749999999996,188.79,122.23502304147463,3,350.4373844822395,0.1162969104069049
5966,145.54,126.16,0.8,0.0871,1158.760045924225,53.11,21.81811421435182,0,151.2400040769903,0.7470044301622392
5967,193.4,201.31,0.77,0.0121,12810.636363636364,55.43,231.11377166942745,3,193.9632290134153,0.1372857216456907
5968,77.58,64.82,0.86,0.0874,637.8169336384437,48.57,13.131911337007283,0,51.322563189862194,0.7664670290538247
5969,86.48,77.65,0.81,0.0181,3474.9447513812156,221.85,15.66348772315175,1,76.97766300597159,0.13312779327432683
5970,61.95,51.74,0.83,0.0935,459.296256684492,56.56,8.120513732045474,0,53.99707848631648,0.7847703023659613
5971,172.5,156.68,0.84,0.053,2483.230188679245,359.36,6.910146339824258,0,156.93012920866704,0.7369769222301268
5972,289.57,226.82,0.86,0.0618,3156.394822006472,211.85,14.899196705246506,2,243.20043595930073,0.7581127216810418
5973,169.54,130.16,0.88,0.0162,7070.41975308642,345.48,20.465496564450678,1,134.1838980114534,0.1115063289858613
5974,64.84,58.47,0.83,0.0692,701.3020231213873,366.26,1.9147655302828244,0,38.197397953479225,0.7749420811240113
5975,118.19,108.36,0.83,0.0142,6333.718309859155,50.3,125.91885307871084,1,86.6580448739145,0.08977201690284523
5976,457.14,369.13,0.9,0.0187,17765.61497326203,421.8,42.1185750907113,3,413.0032677430539,0.11596847534748347
5977,459.33,354.26,0.88,0.099,3148.9777777777776,386.89,8.139206952306283,2,417.2827690453521,0.750773278487512
5978,114.56,117.25,0.84,0.0179,5502.234636871508,50.95,107.99282898668318,1,103.29865402549186,0.09960310968658243
5979,306.94,316.01,0.87,0.0754,3646.269230769231,448.39,8.13191469651248,2,275.742992716708,0.7300939611903494
5980,132.71,117.73,0.88,0.0201,5154.348258706468,342.2,15.062385326436202,1,138.93813076678174,0.1285063289458575
5981,404.44,326.01,0.85,0.0564,4913.271276595745,450.12,10.91546982270449,2,364.4871295556903,0.7268492291057156
5982,112.54,100.74,0.77,0.0975,795.5876923076922,455.49,1.7466633566218626,0,120.82304398886932,0.6901966114865982
5983,88.77,80.62,0.85,0.0119,5758.571428571428,366.99,15.691357880518348,1,78.99228988723645,0.13584459233929258
5984,141.19,123.87,0.78,0.0145,6663.35172413793,208.86,31.9034363886715,1,145.8595777037787,0.13631603971475528
5985,187.47,157.45,0.75,0.0906,1303.394039735099,178.68,7.294571523030553,0,151.58808397688935,0.7296535193042668
5986,59.44,57.96,0.79,0.0261,1754.3448275862067,172.68,10.159513710830476,1,74.02140834748113,0.1288812415279536
5987,268.19,244.88,0.89,0.0138,15792.985507246376,311.4,50.71607420438785,3,242.00792190248785,0.1298612897150294
5988,192.42,149.59,0.85,0.0847,1501.1983471074382,47.17,31.825277657567057,0,174.69687580867438,0.726398148585616
5989,54.2,51.19,0.81,0.0996,416.3042168674699,404.27,1.0297677712109974,0,49.31139626774211,0.7882626590670901
5990,150.81,121.94,0.83,0.0278,3640.654676258993,45.66,79.73400517430997,1,135.3995956009139,0.10902017161561807
5991,187.53,174.43,0.81,0.0986,1432.9442190669374,364.8,3.9280269163019117,0,188.01539787810373,0.735072733058302
5992,104.13,106.47,0.82,0.0711,1227.9240506329113,222.62,5.515784972746884,0,94.03703571031095,0.7463583464376243
5993,69.77,49.77,0.88,0.0581,753.8313253012049,223.64,3.370735670279042,0,43.5473095933439,0.7533142845528176
5994,274.78,277.51,0.79,0.0801,2736.9900124843944,202.33,13.527356360818436,2,266.3688411111773,0.7315585079954539
5995,283.08,247.65,0.85,0.0615,3422.8048780487807,417.64,8.195586816513698,2,272.17669416202597,0.7332747098857725
5996,119.24,88.73,0.9,0.0719,1110.6675938803894,456.4,2.4335398638921766,0,87.58555327253688,0.65545253738357
5997,52.76,53.88,0.78,0.0983,427.53204476093595,209.44,2.0413103741450342,0,47.61238933289627,0.7640937169282372
5998,361.44,389.85,0.76,0.0943,3141.951219512195,368.37,8.52933523227243,2,347.37111966505614,0.7225077007454729
5999,69.42,55.65,0.75,0.0629,663.5532591414944,212.56,3.1217221450013852,0,60.68630410250519,0.7781040151276631
6000,302.14,331.43,0.82,0.0827,3286.2466747279327,428.02,7.677787661155864,2,292.40171127050826,0.7357015769538832
6001,108.95,95.17,0.82,0.0125,6243.152,52.12,119.78419033000768,1,114.44434030794781,0.11662231590873678
6002,404.06,326.52,0.78,0.0166,15342.506024096385,57.28,267.8510129905095,3,365.2975415693858,0.14011101375747712
6003,91.06,104.45,0.79,0.0875,943.0342857142857,446.76,2.11082972001586,0,100.89061613642164,0.7682277315432935
6004,155.28,151.41,0.89,0.0149,9043.953020134228,189.44,47.74046146608017,1,139.54162815174794,0.12926303286580865
6005,57.08,50.89,0.86,0.0206,2124.5339805825242,53.48,39.725766278656025,1,50.90256106430594,0.11203813283734221
6006,208.04,178.49,0.76,0.028,4844.728571428572,318.23,15.223984449701698,1,189.08037181442822,0.12744929366706745
6007,157.98,128.76,0.79,0.0763,1333.1638269986893,450.88,2.9568040875591937,0,121.33002979449091,0.7537519470972173
6008,442.4,323.02,0.89,0.0118,24363.372881355936,444.03,54.86875409624561,3,380.35912770059474,0.1160819614186871
6009,369.58,308.16,0.89,0.0101,27154.693069306933,47.57,570.8365160669946,3,334.7634988907713,0.13146931524719294
6010,176.47,194.45,0.86,0.0682,2452.008797653959,185.97,13.184969606140555,0,179.04468732811767,0.7448762688536564
6011,169.19,139.95,0.9,0.0241,5226.348547717843,434.26,12.035067811260173,1,134.16774542522887,0.10310606473842764
6012,340.33,283.19,0.78,0.0138,16006.391304347828,321.45,49.7943422129346,3,288.02333727113114,0.10847173135309454
6013,61.37,43.06,0.85,0.0139,2633.1654676258995,55.59,47.36761049875696,1,35.22793912369116,0.10414556604637804
6014,73.08,62.56,0.77,0.0608,792.2894736842105,46.91,16.889564563722246,0,45.56655339615186,0.7546631400874874
6015,177.01,200.19,0.77,0.0633,2435.1706161137445,55.25,44.07548626450216,0,177.91422619585316,0.7205055245816142
6016,102.28,88.36,0.86,0.0594,1279.2861952861952,382.97,3.340434486477257,0,71.06055121296453,0.7607336099279708
6017,297.04,246.83,0.89,0.0747,2940.8125836680056,52.97,55.51845542133294,2,248.10051686555488,0.7442236168171938
6018,401.28,415.99,0.78,0.0726,4469.314049586777,54.8,81.55682572238645,2,381.1323297756336,0.7308570436095367
6019,82.73,72.69,0.77,0.0161,3476.4782608695655,396.1,8.776769151400064,1,54.04158826357164,0.10825956467114463
6020,53.55,47.09,0.77,0.0976,371.5092213114754,52.51,7.075018497647599,0,69.56951157803755,0.7996049592713667
6021,171.64,174.27,0.86,0.0998,1501.7254509018035,189.51,7.924254397666632,0,154.59700311744237,0.7426530824810399
6022,79.45,67.88,0.89,0.0244,2475.950819672131,405.51,6.105770066514095,1,53.139181940766235,0.12353356272473476
6023,90.43,83.82,0.9,0.0196,3848.8775510204086,367.12,10.48397676786993,1,100.95654342697583,0.11023181765524777
6024,76.97,70.14,0.77,0.0696,775.9741379310346,348.9,2.224058864806634,0,68.90742326163883,0.7637564048623696
6025,83.81,73.69,0.84,0.0716,864.5195530726256,201.49,4.2906325528444365,0,57.35242632422673,0.7955567590920987
6026,325.8,358.52,0.88,0.0675,4674.038518518518,359.97,12.984522372749167,2,313.7617564570145,0.7335382680177369
6027,494.12,435.91,0.87,0.0298,12726.231543624162,349.55,36.40747115898773,3,429.9804045980529,0.1157890285055615
6028,443.65,306.72,0.83,0.0543,4688.353591160221,54.42,86.15129715472659,2,380.5098091830762,0.7314396104854463
6029,457.21,372.21,0.83,0.0791,3905.6169405815417,221.4,17.640546253755833,2,416.1422773117188,0.7725861110406581
6030,70.03,60.74,0.81,0.0537,916.1899441340784,229.76,3.9875955089401045,0,42.00097208299462,0.7821947193276221
6031,138.08,106.24,0.89,0.0558,1694.5089605734768,370.06,4.579011405105866,0,105.08160587284101,0.7403945680469078
6032,174.88,164.39,0.83,0.0202,6754.638613861385,43.08,156.79291118526893,1,158.59446534226396,0.1106246025128613
6033,441.39,406.46,0.85,0.0113,30574.424778761062,442.51,69.09318383485359,3,399.3950550563234,0.135950939128201
6034,101.74,88.15,0.77,0.0915,741.8087431693989,44.32,16.7375618946164,0,110.22017146850885,0.7418207462225286
6035,50.96,50.37,0.81,0.0102,3999.970588235294,342.98,11.662401855021558,1,64.97966254692213,0.11819661037370478
6036,469.71,443.23,0.87,0.022,17527.73181818182,191.19,91.6770323666605,3,425.58141447006267,0.12493382047484884
6037,369.71,401.43,0.81,0.0869,3741.752589182969,401.73,9.314097999111267,2,353.0177719534431,0.7253978276440836
6038,187.56,171.21,0.75,0.0238,5395.273109243697,384.93,14.016244795790655,1,150.0513480497264,0.10639171593964201
6039,108.15,102.77,0.8,0.0287,2864.6689895470386,343.57,8.337948568114324,1,117.04164725060548,0.12177063690362162
6040,165.53,143.54,0.86,0.0535,2307.371962616822,361.79,6.377655442706604,0,167.45833486843983,0.7289470656200682
6041,414.24,362.16,0.81,0.0849,3455.2367491166087,455.11,7.59209147045024,2,393.481370164724,0.7261491774893767
6042,121.16,121.1,0.9,0.0278,3920.5035971223024,44.56,87.9825762370355,1,128.53616250275832,0.08843151000508216
6043,230.93,248.06,0.86,0.026,8205.061538461538,56.73,144.63355435327935,3,226.29611306048616,0.1498959216315315
6044,345.1,278.67,0.82,0.022,10386.79090909091,46.69,222.46285947935127,3,310.57812049349485,0.12379703292707855
6045,195.19,158.28,0.89,0.0521,2703.823416506718,53.25,50.776026601065126,0,154.3546604951745,0.745052612347289
6046,78.0,78.45,0.81,0.0933,681.0771704180065,55.48,12.27608454250192,0,90.71085401155808,0.7818567000234489
6047,444.15,404.57,0.76,0.0108,28469.740740740737,365.62,77.8670224296831,3,420.1537026898071,0.1328585796294213
6048,192.17,205.43,0.83,0.0714,2388.051820728291,438.68,5.443721666655173,0,192.44740557122753,0.726841257765986
6049,419.9,388.42,0.85,0.0135,24456.074074074073,327.18,74.74807162440881,3,381.4012718740721,0.1377636259909382
6050,122.51,93.22,0.85,0.064,1238.078125,362.17,3.4184999447773143,0,91.43165949341049,0.7531492237546573
6051,147.85,168.48,0.78,0.0281,4676.669039145908,49.43,94.61195709378734,1,151.9850263383983,0.12251895597266045
6052,81.64,68.14,0.78,0.0869,611.6133486766398,454.61,1.3453583262062863,0,71.13220517166056,0.758213054768466
6053,125.35,142.27,0.88,0.0794,1576.7959697733,50.53,31.205144859950522,0,131.67746704409046,0.7408653377746504
6054,471.09,481.84,0.82,0.0799,4945.041301627034,223.22,22.153217908910644,2,427.93037671878056,0.7470139127804333
6055,159.28,114.35,0.88,0.023,4375.130434782609,204.96,21.346264806706717,1,124.84837649200074,0.11018249782655788
6056,456.78,441.7,0.77,0.0848,4010.719339622641,372.36,10.771079975353532,2,413.9410815113216,0.7337002876566548
6057,55.77,49.12,0.82,0.0956,421.3221757322175,419.04,1.0054462002009772,0,49.52593381053755,0.7872063689107267
6058,85.62,77.26,0.78,0.0256,2354.015625,439.29,5.358682476268524,1,58.37313212982281,0.12963136462309596
6059,87.91,70.04,0.77,0.0166,3248.843373493976,44.22,73.46999940058743,1,59.67637235690596,0.10201644497841535
6060,67.07,63.36,0.83,0.0667,788.4377811094453,348.16,2.264584619454978,0,78.70817329235159,0.7571349468539127
6061,65.63,59.22,0.85,0.0257,1958.6381322957195,340.41,5.7537620290112494,1,79.06949167704128,0.12957578423976998
6062,51.32,43.68,0.82,0.027,1326.5777777777778,51.31,25.85417614067,1,64.98928156688221,0.1184092619364113
6063,93.3,95.17,0.79,0.0112,6712.883928571429,404.35,16.601666696108392,1,83.9371610586496,0.12974456725117875
6064,136.27,93.02,0.79,0.0274,2681.963503649635,362.89,7.390568777452217,1,104.30528244383586,0.11869520360694887
6065,106.13,84.48,0.83,0.023,3048.6260869565217,374.43,8.142045474338385,1,76.01802238430534,0.10674586476817798
6066,234.51,219.51,0.77,0.0114,14826.552631578945,400.99,36.97486877872003,3,209.78475797116224,0.12597226257541425
6067,131.68,151.3,0.9,0.0117,11638.461538461539,48.08,242.06450787149623,3,136.96671643475426,0.11176104438641911
6068,49.27,37.95,0.88,0.0187,1785.8823529411764,431.25,4.141176470588235,1,43.04569900776232,0.12687947655332077
6069,169.69,164.08,0.86,0.0532,2652.421052631579,203.26,13.049400042465706,0,171.17038250300652,0.7196675674178502
6070,63.7,59.65,0.78,0.0563,826.4120781527531,369.28,2.2379009915315025,0,55.42967798338087,0.7675492649383681
6071,287.29,321.38,0.79,0.0787,3226.0508259212197,377.82,8.538591990686623,2,278.6755062423182,0.7387376004545851
6072,469.9,469.09,0.8,0.0765,4905.516339869281,54.66,89.74599963171023,2,426.0780692785979,0.7648914370616255
6073,61.71,54.59,0.76,0.0174,2384.390804597702,338.76,7.038584262007622,1,74.94193033144715,0.12293160400005342
6074,476.17,497.41,0.86,0.0219,19532.995433789954,51.32,380.6117582577933,3,448.51513041923977,0.1343255086729397
6075,370.12,304.67,0.77,0.0829,2829.8661037394454,399.65,7.080861012734757,2,333.774760870807,0.7361411606959598
6076,58.67,53.87,0.78,0.0194,2165.907216494845,209.07,10.359722659850028,1,72.36197967182108,0.13002893232658536
6077,88.44,68.06,0.85,0.0111,5211.801801801802,297.88,17.496313286564394,1,60.931443915414775,0.11480634499774459
6078,165.87,171.59,0.84,0.0715,2015.8825174825176,212.71,9.477140320072012,0,166.64600241079222,0.7524297287456272
6079,82.66,91.46,0.75,0.0167,4107.48502994012,370.86,11.07556768036488,1,92.84279269391469,0.11908490964244038
6080,149.95,140.6,0.9,0.0155,8163.870967741935,52.11,156.66610953256446,1,153.846734424002,0.10327636415140042
6081,55.26,38.19,0.9,0.061,563.4590163934427,49.88,11.296291427294358,0,29.20038927298944,0.752299382376955
6082,118.12,94.75,0.81,0.066,1162.840909090909,51.05,22.77847030540468,0,85.68664033409843,0.758784823857838
6083,159.2,122.92,0.86,0.0742,1424.6792452830189,382.36,3.7260153919945047,0,144.7949106142634,0.7377361205381231
6084,122.37,103.73,0.88,0.0623,1465.2070626003213,227.01,6.454372329854726,0,109.0363946176683,0.740792594390109
6085,353.77,342.43,0.8,0.0253,10827.826086956522,184.25,58.76703439325114,3,319.56021031115364,0.13564473036141841
6086,50.28,38.46,0.84,0.0616,524.4545454545454,332.81,1.5758377015550775,0,25.473863905364936,0.7716673243837614
6087,75.03,68.08,0.86,0.0296,1978.0,203.34,9.727549916396184,1,68.92644451464167,0.1262416796271056
6088,320.07,225.58,0.82,0.0557,3320.9263913824057,190.48,17.43451486446034,2,269.9137385738401,0.736923323163101
6089,49.7,43.69,0.89,0.063,617.2079365079364,178.0,3.467460317460317,0,46.320275507760584,0.7727057692466026
6090,155.84,127.94,0.89,0.0139,8191.841726618706,53.55,152.97556912453234,1,140.1543823238759,0.1038198476222646
6091,181.28,157.05,0.76,0.0258,4626.279069767442,378.8,12.21298592863633,1,181.42174327376716,0.1394905616714919
6092,73.19,84.01,0.76,0.0774,824.904392764858,49.5,16.664735207370867,0,85.00791583809658,0.7633999151385384
6093,291.53,239.28,0.81,0.0274,7073.605839416058,186.96,37.83486221339355,1,241.89418988717455,0.12521468741879815
6094,476.75,357.81,0.89,0.0251,12687.286852589641,178.07,71.24887321047702,3,414.30197438592404,0.10644560386650032
6095,63.51,54.02,0.79,0.0642,664.7320872274144,363.96,1.8263877547736411,0,37.20836273027828,0.7780602547167913
6096,190.05,162.66,0.89,0.0161,8991.76397515528,185.61,48.44439402594299,1,192.43454689081963,0.1295149212423102
6097,83.95,93.92,0.89,0.0255,3277.9921568627456,222.63,14.723946264487022,1,93.47829232155408,0.13560216239930503
6098,199.22,221.47,0.82,0.0584,3109.6815068493147,220.15,14.125285064044128,0,196.66029292233065,0.7172509988612562
6099,91.9,91.88,0.86,0.0975,810.4287179487178,174.18,4.652823044831311,0,84.83812044119804,0.778413676308879
6100,482.24,533.79,0.85,0.0675,6721.799999999998,195.63,34.35976077288758,2,455.071522419023,0.7341223717922993
6101,121.87,112.55,0.78,0.0181,4850.220994475138,226.97,21.36943646506207,1,109.80782748249618,0.12336974981857997
6102,90.94,88.68,0.82,0.0655,1110.1923664122137,53.79,20.639382160479897,0,100.35554618179503,0.7642550276449701
6103,72.82,54.36,0.86,0.0203,2302.935960591133,190.34,12.09906462430983,1,47.37177070145418,0.11980801212001566
6104,66.27,59.04,0.82,0.0855,566.2315789473683,45.53,12.436450229461197,0,59.33450869887997,0.7571064708466166
6105,150.46,164.99,0.89,0.0114,12880.798245614034,406.92,31.654374927784414,1,153.82698894784326,0.154369746120046
6106,80.17,72.02,0.75,0.027,2000.5555555555557,45.94,43.54713878005128,1,91.94281417209798,0.11282837323195727
6107,136.88,105.1,0.77,0.0959,843.868613138686,50.21,16.806783770935787,0,104.87109359215863,0.7457191583538325
6108,124.69,126.0,0.87,0.0216,5075.0,227.69,22.28907725416136,1,112.9579380800063,0.12464156676762267
6109,159.24,157.49,0.75,0.0181,6525.828729281768,170.37,38.30386059330731,1,143.7772165435323,0.12105497928297285
6110,92.08,74.63,0.77,0.0518,1109.3648648648648,215.7,5.143091631269656,0,63.541912344919226,0.7507977810413874
6111,135.65,112.53,0.8,0.0591,1523.248730964467,346.77,4.392677368181985,0,101.92841830928583,0.7554951728577209
6112,95.65,82.65,0.78,0.0228,2827.5000000000005,229.3,12.331007413868296,1,85.6942120862965,0.12911621319333216
6113,463.32,414.88,0.79,0.0248,13215.935483870968,56.88,232.34767025089604,3,438.529562959894,0.12605462807016066
6114,174.1,170.93,0.81,0.0584,2370.775684931507,191.97,12.349719669383273,0,175.01591321543071,0.7535234082950524
6115,160.1,178.29,0.8,0.0956,1491.9665271966526,47.52,31.396602003296557,0,163.78688274058104,0.7338314893617841
6116,78.13,56.01,0.87,0.0294,1657.438775510204,56.54,29.314445976480442,1,51.07051060807491,0.10581249380373539
6117,63.23,56.29,0.77,0.0833,520.327731092437,216.61,2.402140857266225,0,57.86677081305514,0.758847064600308
6118,85.85,85.76,0.89,0.0943,809.3997879109227,217.18,3.726861533801099,0,97.31041933678827,0.7587032934368838
6119,377.02,371.77,0.85,0.0894,3534.725950782997,341.77,10.342411419325854,2,360.72062288256166,0.7237928001796079
6120,432.43,383.88,0.9,0.0162,21326.666666666668,205.61,103.72387854027852,3,392.41892617964584,0.10586416425877818
6121,326.55,258.49,0.8,0.0835,2476.550898203593,47.56,52.07213831378454,2,295.57854201110484,0.7589625644141428
6122,413.29,365.2,0.86,0.0808,3887.029702970297,181.18,21.45396678976872,2,356.51111099604066,0.7486674848004488
6123,114.66,105.18,0.81,0.0123,6926.487804878049,327.6,21.14312516751541,1,102.52076480830009,0.12251487171479777
6124,119.24,106.87,0.89,0.0561,1695.4420677361857,351.94,4.817417934125663,0,108.71830872172126,0.7363345885080892
6125,187.99,190.59,0.79,0.0639,2356.2769953051643,196.45,11.994283508807149,0,188.74796168278024,0.7252733227736289
6126,126.89,98.95,0.84,0.0156,5328.076923076923,56.29,94.65405796903399,1,94.8676395442248,0.10330001238222658
6127,62.87,54.32,0.89,0.0165,2929.9878787878783,367.84,7.96538679531285,1,76.63022213993023,0.12140916695053262
6128,180.82,204.62,0.86,0.0738,2384.460704607046,358.93,6.643247164090619,0,181.64220097589046,0.7306195225087015
6129,73.8,71.72,0.84,0.0674,893.8397626112759,359.69,2.4850281147968416,0,67.11834638296024,0.7752294160227622
6130,87.94,85.3,0.9,0.025,3070.7999999999997,326.34,9.409817981246553,1,100.34057773737175,0.11049510780999461
6131,180.59,162.74,0.89,0.0738,1962.5826558265585,44.56,44.04359640544341,0,145.045960882497,0.7372948541050861
6132,141.21,123.26,0.76,0.0291,3219.1615120274914,370.5,8.688695039210502,1,145.88967282710698,0.14121189612184937
6133,293.98,336.77,0.83,0.0681,4104.538913362702,301.3,13.622764398814146,2,283.8544568007274,0.7206192392954762
6134,478.28,366.86,0.79,0.0538,5386.977695167287,362.06,14.87868777320689,2,432.2115205039959,0.7301104001690654
6135,369.04,292.3,0.87,0.0154,16513.051948051947,349.8,47.20712392238978,3,331.7173164495504,0.1475747884255874
6136,51.83,37.36,0.81,0.0103,2938.019417475728,397.03,7.399993495392611,1,26.39283075997463,0.10576428485116188
6137,198.11,187.8,0.78,0.0957,1530.6583072100316,175.65,8.7142516778254,0,198.66631006516388,0.714922658215941
6138,51.42,42.56,0.81,0.0625,551.5776000000001,47.22,11.681016518424398,0,44.58482930778459,0.7527418447171311
6139,422.24,380.39,0.9,0.0241,14205.435684647304,188.82,75.23268554521398,3,381.0372918969546,0.10913334976762532
6140,98.62,84.53,0.86,0.0216,3365.546296296296,52.06,64.6474509469131,1,88.90897597257144,0.10780178651876456
6141,326.58,330.81,0.83,0.0703,3905.722617354196,182.26,21.429400951136817,2,315.0928043379476,0.7273987900251437
6142,57.06,50.22,0.81,0.0882,461.2040816326531,386.38,1.1936541271097185,0,50.599614099179334,0.7911340327147189
6143,189.81,139.95,0.79,0.0817,1353.249694002448,201.28,6.723219862889746,0,153.35867736164394,0.7565855352613796
6144,52.91,53.63,0.75,0.0667,603.0359820089956,47.69,12.64491469928697,0,48.27507516985075,0.7774271055165722
6145,63.72,62.12,0.76,0.08,590.14,373.5,1.5800267737617135,0,57.0266570169031,0.7512331410766754
6146,180.51,194.26,0.78,0.0836,1812.4736842105262,297.51,6.092143740413856,0,183.41706992777742,0.7173964883798657
6147,376.49,380.49,0.77,0.0673,4353.303120356612,459.37,9.476681368736775,2,338.3393580048828,0.722892663610903
6148,249.64,237.66,0.86,0.0201,10168.537313432837,355.45,28.607504046793746,1,244.60625871778393,0.1322199378618202
6149,277.38,299.69,0.76,0.0875,2603.021714285714,50.12,51.935788393569716,2,268.5933281940436,0.7344590517184462
6150,125.18,131.47,0.86,0.0754,1499.5251989389922,52.45,28.589612944499372,0,131.22573441594977,0.7398304537168755
6151,147.03,126.22,0.89,0.0689,1630.4179970972425,195.92,8.32185584471847,0,133.68289117366183,0.7558523459138745
6152,451.49,406.46,0.82,0.0159,20962.08805031446,344.92,60.77376797609434,3,389.64593525084615,0.10310300906463764
6153,75.49,75.13,0.75,0.0614,917.7117263843647,54.6,16.807907076636717,0,85.44249507564612,0.7683494159165221
6154,136.47,124.05,0.8,0.0215,4615.813953488373,353.1,13.072257019225072,1,142.4514277000342,0.14264163180519987
6155,296.57,240.46,0.81,0.0919,2119.3971708378676,54.8,38.675130854705614,2,268.56666612706175,0.7555428525047144
6156,189.51,145.14,0.85,0.0295,4182.0,47.96,87.1976647206005,1,172.71982080545322,0.11813037015843003
6157,459.39,393.13,0.85,0.0562,5945.916370106762,353.39,16.825366790533863,2,396.51366929156836,0.7368850664241777
6158,119.89,90.23,0.86,0.098,791.8142857142858,183.92,4.305210339899336,0,89.78651346681971,0.7450536184577088
6159,53.51,45.38,0.82,0.0898,414.38307349665916,55.57,7.456956514246161,0,28.013082092156196,0.8022145381306984
6160,76.3,62.33,0.79,0.0267,1844.2209737827714,418.6,4.405687945013787,1,47.19272483089833,0.13420404636657174
6161,84.49,86.94,0.82,0.0881,809.2031782065833,333.99,2.4228365466229027,0,96.2198789175667,0.7681285091919089
6162,321.23,298.67,0.79,0.0219,10773.940639269407,54.83,196.49718473954783,3,308.2869842000403,0.13882834481452613
6163,343.34,305.11,0.88,0.086,3122.0558139534887,391.54,7.973785089527222,2,329.9248852647541,0.7402954283513009
6164,259.76,222.06,0.86,0.0748,2553.0962566844914,346.23,7.373989130590911,2,215.16873806686945,0.7481702160378758
6165,182.33,150.69,0.76,0.0275,4164.523636363637,408.64,10.191179611304907,1,145.84473379362862,0.1250172968590727
6166,183.17,141.75,0.76,0.025,4309.2,439.42,9.806563196941422,1,164.91249039143392,0.1507414763104806
6167,138.45,118.52,0.87,0.0203,5079.428571428572,194.87,26.065728800885573,1,106.01270200430184,0.10876057512562928
6168,109.46,109.84,0.76,0.0118,7074.440677966103,376.14,18.807998824815503,1,97.96420670421737,0.12424445376957353
6169,242.88,177.05,0.84,0.0107,13899.2523364486,304.58,45.634159617993966,1,199.8344434806264,0.1276920307990761
6170,379.47,368.21,0.83,0.0145,21076.848275862063,329.18,64.02833791804503,3,361.5670986960981,0.13354692691542622
6171,461.63,383.83,0.76,0.0672,4340.934523809524,311.95,13.91548172402476,2,415.9391445406769,0.7406571389863835
6172,188.84,147.03,0.87,0.0534,2395.4325842696626,193.66,12.369268740419615,0,150.72115453171327,0.7368897466933361
6173,168.14,154.51,0.89,0.0108,12732.768518518518,373.63,34.0785496842291,1,132.136010056804,0.1274168391953228
6174,303.04,275.05,0.84,0.0915,2525.0491803278687,170.75,14.787989343062188,2,253.34958271717989,0.7284837582846735
6175,74.44,68.16,0.81,0.0717,770.0083682008368,46.87,16.428597572025534,0,66.71948987870665,0.7621004158010013
6176,129.3,121.44,0.89,0.0856,1262.6355140186915,43.72,28.880043779018564,0,136.02994373911557,0.7159394836886654
6177,188.5,147.79,0.86,0.0148,8587.797297297297,334.52,25.67199957341055,1,151.71886616705495,0.11731373461397679
6178,352.08,263.27,0.89,0.0761,3078.9789750328514,305.5,10.078490916637811,2,299.43741387252817,0.7493384073248373
6179,52.57,37.17,0.87,0.0201,1608.850746268657,366.91,4.38486480681545,1,28.87364817493784,0.10103686623691757
6180,184.24,164.73,0.84,0.0502,2756.438247011952,46.93,58.73510008548801,1,146.14932605837018,0.7396137510952954
6181,147.94,138.27,0.84,0.0136,8540.20588235294,423.7,20.15625650779547,1,132.70561737352736,0.13560541172899554
6182,438.34,388.43,0.79,0.065,4720.918461538462,213.37,22.1255024677249,2,396.38868802118515,0.7458213843506087
6183,79.0,67.04,0.9,0.0191,3158.952879581152,53.63,58.902720111526236,1,71.59170503873568,0.1058038024715171
6184,85.46,60.85,0.85,0.0596,867.8271812080537,48.62,17.84918102032196,0,56.22605910761294,0.7551141084099536
6185,215.55,213.41,0.8,0.0201,8493.930348258707,46.81,181.45546567525543,3,212.10456204625677,0.12785069943407043
6186,68.74,58.85,0.82,0.017,2838.6470588235293,308.44,9.203239070235798,1,62.998757253257,0.11476401205695393
6187,467.58,426.1,0.78,0.026,12783.0,338.35,37.780404906162254,3,404.36433604100137,0.10348662047675602
6188,77.06,66.61,0.83,0.0956,578.3085774058576,174.68,3.3106742466559282,0,51.00628978314515,0.7678048273785325
6189,80.06,73.35,0.77,0.0675,836.7333333333331,382.79,2.1858808572150084,0,91.5297745846589,0.751434531933961
6190,367.68,297.92,0.88,0.0537,4882.115456238362,208.88,23.372823900030458,2,330.8499204382251,0.7368110389024326
6191,58.73,52.93,0.9,0.0652,730.6288343558283,401.24,1.820927211533816,0,71.1529726718427,0.7595447336996621
6192,277.34,267.68,0.89,0.0995,2394.3236180904523,44.75,53.50443839308274,2,250.947462370429,0.7452510701970838
6193,51.31,48.09,0.84,0.0741,545.1497975708502,51.89,10.505873917341495,0,65.87900900561502,0.7921154192785687
6194,387.67,310.7,0.85,0.0839,3147.7353992848625,359.37,8.759037758535388,2,332.56308985746784,0.7358126101370164
6195,335.35,306.19,0.89,0.012,22709.091666666664,412.79,55.01366715924965,3,282.5757080280117,0.11911642419973534
6196,302.65,289.36,0.89,0.0665,3872.637593984963,56.57,68.45744376851623,2,272.69871774967083,0.7531522899268022
6197,69.25,58.73,0.85,0.0846,590.0768321513002,340.39,1.7335316318085146,0,41.551697973183195,0.7796422183822849
6198,404.3,314.25,0.82,0.0701,3675.962910128388,45.01,81.6699157993421,2,348.0293120664885,0.7593725026095932
6199,311.72,251.07,0.84,0.0935,2255.602139037433,301.46,7.482260130821446,2,263.4617051735141,0.7422682991535516
6200,466.55,427.31,0.9,0.0279,13784.193548387097,356.0,38.71964479884016,3,422.884708096037,0.10935720217950162
6201,460.37,483.09,0.8,0.015,25764.8,328.16,78.5129205265724,3,436.7530950893683,0.12385057635209094
6202,368.55,364.49,0.84,0.0881,3475.273552780931,322.8,10.766027115182562,2,332.16134955348525,0.7435646999380827
6203,413.31,446.46,0.77,0.0999,3441.1831831831832,422.71,8.140765970010607,2,394.2365840602108,0.7427181740132
6204,50.74,44.73,0.9,0.0585,688.1538461538461,329.88,2.0860732574082883,0,64.76050634278285,0.6419480285275629
6205,66.94,69.28,0.86,0.0592,1006.4324324324325,47.09,21.3725298881383,0,78.05659161007551,0.7543218544111838
6206,105.63,116.47,0.77,0.0796,1126.6570351758792,53.55,21.03934706210792,0,114.63670872417656,0.728196449577633
6207,120.77,111.81,0.82,0.0996,920.5240963855421,360.52,2.5533232452722237,0,126.8837604630897,0.746293270966772
6208,77.71,53.49,0.88,0.0608,774.1973684210526,456.41,1.6962760860214556,0,49.8276922333299,0.6395561492210792
6209,293.01,261.88,0.85,0.0567,3925.8906525573184,198.62,19.765837541825185,2,262.6990108761472,0.7406952772066433
6210,69.14,67.43,0.8,0.0185,2915.8918918918926,43.95,66.34566306921256,1,61.02639645339934,0.11088378902050505
6211,169.26,128.29,0.8,0.0577,1778.7175043327557,48.31,36.81882641963891,0,131.6689443576367,0.74168513063411
6212,201.08,156.53,0.84,0.0196,6708.428571428572,387.62,17.30671423411736,1,180.97973442031252,0.13985818909330724
6213,261.03,181.73,0.8,0.0529,2748.2797731568994,55.15,49.83281546975339,0,212.36067971215923,0.7625045558506351
6214,126.24,112.86,0.88,0.0515,1928.4815533980584,358.92,5.373012240605311,0,110.98568723875846,0.7404567222317947
6215,193.51,153.71,0.75,0.0627,1838.6363636363635,370.01,4.9691531678505,0,173.8036097143299,0.7117617231682063
6216,85.22,74.44,0.83,0.0293,2108.7098976109214,351.04,6.007035943513335,1,57.64030493113481,0.12437261956828818
6217,258.96,289.24,0.87,0.0165,15250.836363636363,44.59,342.02369059511915,3,252.00721122643242,0.11810323708908115
6218,158.08,110.57,0.89,0.0162,6074.524691358025,398.16,15.256491589707716,1,124.45000295211901,0.1156079789511758
6219,291.7,241.09,0.85,0.0124,16526.33064516129,51.47,321.0866649535903,3,242.79139393212785,0.11162424309201376
6220,63.75,59.9,0.87,0.0899,579.6774193548388,369.56,1.568561043821947,0,76.95186782179186,0.768823697576599
6221,90.95,84.47,0.87,0.0136,5403.595588235295,187.4,28.834554899868166,1,83.25654803655524,0.12799005211635683
6222,148.28,120.69,0.79,0.097,982.9391752577319,194.42,5.055751338636622,0,136.56370217713908,0.7610061090909896
6223,377.22,355.22,0.85,0.0518,5828.8996138996135,52.48,111.06897130144081,2,339.03383661885664,0.7407724274102507
6224,67.99,61.44,0.83,0.0146,3492.821917808219,215.09,16.23888566557357,1,80.7676716325295,0.1336773333527851
6225,351.74,285.03,0.89,0.0933,2718.935691318328,179.57,15.141369334066537,2,318.7371388742821,0.741658484201257
6226,114.53,79.9,0.82,0.0264,2481.7424242424245,396.54,6.258492016549211,1,83.36600215789538,0.11935134121169697
6227,168.73,158.66,0.81,0.0626,2052.9488817891374,191.29,10.732128609907143,0,171.8210795591335,0.7352788184335292
6228,320.17,319.33,0.79,0.0861,2929.973286875726,56.36,51.98675100915057,2,288.8816355315872,0.7499121215793322
6229,167.48,168.3,0.89,0.0273,5486.7032967032965,45.43,120.7726897799537,1,151.83342369189376,0.10033386764255195
6230,398.53,387.43,0.84,0.0519,6270.543352601155,183.03,34.259647886145196,2,359.5600520539724,0.742737210534116
6231,179.87,154.44,0.83,0.0708,1810.5254237288132,387.54,4.671841419540726,0,162.1816272384471,0.7312058879283818
6232,83.03,73.57,0.87,0.0667,959.6086956521739,199.3,4.8148956129060405,0,75.44579021604078,0.7629134605028554
6233,480.04,381.3,0.79,0.065,4634.261538461538,343.26,13.500732792814597,2,415.39710908769575,0.7219768271508226
6234,464.75,351.63,0.78,0.0851,3222.9306698002356,310.04,10.39520923042264,2,402.23375959548264,0.749515140708049
6235,181.16,182.76,0.81,0.0546,2711.2747252747254,52.33,51.81109736813922,0,181.43794849956754,0.7263089093530916
6236,54.64,49.8,0.85,0.0831,509.38628158844773,50.21,10.145116143964305,0,47.25825276479587,0.800516195473918
6237,206.87,164.82,0.8,0.0259,5090.965250965251,57.16,89.06517234018983,1,186.36351562182418,0.13428442593480133
6238,69.63,56.28,0.85,0.0621,770.3381642512078,50.7,15.194046632173723,0,42.812829053751614,0.7734908948937306
6239,51.12,44.76,0.84,0.077,488.29090909090905,340.31,1.4348414947868386,0,26.823149404817315,0.7658559556070802
6240,133.16,109.71,0.76,0.0701,1189.4379457917262,215.43,5.521227061187978,0,99.26370607168244,0.7509359009947765
6241,111.59,98.93,0.77,0.0536,1421.1958955223881,375.68,3.782995888847924,0,98.58638457172253,0.7032238698909825
6242,65.89,60.91,0.75,0.0161,2837.422360248447,423.77,6.695665951455854,1,77.98633637403714,0.12514139597951202
6243,155.69,130.15,0.86,0.0623,1796.61316211878,340.36,5.278567287926842,0,120.68604979232711,0.7524445733562676
6244,168.89,140.31,0.85,0.0139,8580.107913669066,457.8,18.742044372365804,1,130.59420351007657,0.13401981035388444
6245,472.0,425.91,0.81,0.0744,4636.9233870967755,47.3,98.03220691536524,2,427.1336731743667,0.7552851515040837
6246,64.11,63.67,0.81,0.0574,898.4790940766552,383.7,2.3416186970983977,0,74.8457587303111,0.7547930332412248
6247,156.55,147.71,0.78,0.0622,1852.3118971061094,417.81,4.43338334914461,0,159.81735991353784,0.7038452558373054
6248,172.4,174.72,0.79,0.0193,7151.751295336789,171.58,41.68173036097907,1,156.90537585967934,0.12032856520537219
6249,459.51,435.33,0.77,0.0683,4907.819912152269,208.18,23.574886694938368,2,435.5780981904613,0.7537506705177871
6250,49.03,42.26,0.83,0.0962,364.61330561330556,446.28,0.8170057040721197,0,62.18163450248272,0.7478673638428289
6251,102.24,86.78,0.78,0.0102,6636.117647058823,47.16,140.7149628299157,1,71.89975424738034,0.09797300817606133
6252,267.53,243.54,0.8,0.0267,7297.078651685392,370.43,19.698940830076918,1,222.76463781624426,0.12389258234316872
6253,90.21,87.13,0.78,0.0749,907.3618157543391,333.9,2.717465755478704,0,81.49997529722329,0.7647077205909166
6254,102.98,103.61,0.87,0.0951,947.8517350157729,183.07,5.17753719897183,0,112.68855328692673,0.7350094229166269
6255,197.87,165.87,0.89,0.0222,6649.743243243243,43.84,151.68209952653382,1,177.57652335443336,0.10980030966648044
6256,197.61,177.57,0.88,0.0127,12304.062992125984,51.76,237.7137363239178,3,177.94860891683666,0.11133171527286072
6257,403.08,437.74,0.85,0.0728,5110.975274725274,353.1,14.474583049349402,2,384.2834362199578,0.7405274637643433
6258,58.85,44.12,0.79,0.0756,461.042328042328,435.75,1.058043208358756,0,32.504315166705936,0.7813095967293466
6259,76.5,70.24,0.83,0.0801,727.8302122347064,362.18,2.0095814573822586,0,69.20147789334156,0.7700169692569407
6260,143.28,152.42,0.78,0.0217,5478.691244239631,368.5,14.86754747419167,1,147.97418597261094,0.14356018791487332
6261,124.05,102.47,0.86,0.0931,946.5542427497314,386.46,2.4492942160889393,0,113.18402313130531,0.7436971266161129
6262,324.6,357.26,0.83,0.096,3088.8104166666667,394.95,7.820763176773432,2,313.78254467098554,0.717501433477719
6263,161.77,156.42,0.8,0.0222,5636.756756756757,47.26,119.27119671512393,1,145.94606458115976,0.10902236901318231
6264,58.27,65.88,0.88,0.0218,2659.376146788991,350.14,7.595179490458077,1,72.78517773676175,0.11888337283887047
6265,92.51,79.08,0.84,0.0158,4204.253164556962,403.88,10.409659216987624,1,61.58421926214895,0.1254961944109601
6266,87.47,88.41,0.82,0.0202,3588.9207920792073,395.93,9.064533609676475,1,97.50391644062856,0.13107457029877867
6267,159.98,127.11,0.78,0.0691,1434.8162083936327,189.96,7.55325441352723,0,125.51067930333075,0.7333515637615012
6268,465.27,532.25,0.9,0.0994,4819.164989939638,388.75,12.39656589051997,2,442.4990381647117,0.765903840030018
6269,127.34,130.57,0.76,0.0977,1015.6929375639713,57.42,17.688835554928097,0,132.29643453528226,0.7393792341818752
6270,230.44,234.95,0.8,0.0234,8032.478632478632,398.33,20.165387072223112,1,207.066308677292,0.12903578244773692
6271,448.95,446.87,0.81,0.06,6032.745000000002,186.51,32.34542383786393,2,405.2272261149459,0.7609768563637482
6272,57.53,45.38,0.85,0.0577,668.5095320623917,358.64,1.8640127483336821,0,32.642199586008616,0.788298313519955
6273,229.81,261.08,0.81,0.0679,3114.503681885125,45.91,67.83933090579667,2,224.49035170556337,0.7333901301458198
6274,203.31,140.99,0.85,0.0679,1764.9705449189985,194.33,9.082336977918995,0,163.5793661283859,0.7273865362752814
6275,153.8,121.21,0.84,0.0828,1229.6666666666665,49.84,24.67228464419475,0,138.70735540694935,0.736617930305142
6276,157.59,133.25,0.84,0.0931,1202.2556390977443,415.46,2.8937939611460655,0,123.14050746801037,0.7365398867722337
6277,49.71,50.51,0.77,0.0944,411.9989406779661,56.0,7.357123940677966,0,63.791058229667954,0.7450796647762418
6278,186.18,156.12,0.78,0.0575,2117.8017391304347,57.26,36.985709729836444,0,148.76961605102184,0.7276831929073428
6279,112.66,94.74,0.77,0.092,792.9326086956521,226.85,3.4954049314333355,0,81.53666556781815,0.7406800583031748
6280,187.69,184.92,0.79,0.0164,8907.731707317073,393.93,22.612473554481944,1,187.4760469416672,0.16288456603681425
6281,134.23,125.97,0.75,0.0171,5524.999999999999,50.58,109.23289837880584,1,138.87994070835128,0.1226196331361434
6282,298.94,264.55,0.79,0.0192,10885.130208333334,48.99,222.1908595291556,3,250.6190661097663,0.12087993585596893
6283,124.59,115.46,0.88,0.0607,1673.8846787479408,443.82,3.7715395402369,0,110.63193786906945,0.7411630133044066
6284,91.81,68.1,0.84,0.0678,843.716814159292,376.09,2.2433907154119814,0,62.729148178064804,0.778688450025959
6285,52.52,38.82,0.88,0.0994,343.67806841046274,355.05,0.9679709010293275,0,28.92793825494232,0.7673349950045527
6286,91.82,94.34,0.86,0.0809,1002.8726823238567,44.82,22.375561854615277,0,100.42907803134361,0.7654414679162552
6287,151.36,154.26,0.81,0.0237,5272.177215189873,54.64,96.48933409937543,1,156.57921024903646,0.12557178568293947
6288,70.0,72.33,0.76,0.0114,4821.999999999999,197.65,24.396660763976723,1,63.067959491574925,0.12308700176552492
6289,90.7,71.35,0.87,0.0154,4030.8116883116877,52.98,76.08176082128516,1,81.14603224862043,0.11170325701309997
6290,60.79,65.05,0.87,0.0845,669.7455621301775,204.35,3.277443416345376,0,74.25661123678029,0.762991880319411
6291,149.73,154.74,0.81,0.0837,1497.483870967742,45.29,33.064338065085934,0,135.48371998631316,0.7426983105904974
6292,51.37,57.28,0.85,0.0966,504.01656314699795,196.38,2.566537137931551,0,66.74548263674515,0.7664346437695663
6293,414.95,414.43,0.83,0.0918,3747.025054466231,315.84,11.86368115015904,2,375.0124624816357,0.7446633909826342
6294,255.03,225.33,0.89,0.0575,3487.7165217391303,191.5,18.212618912475875,2,247.8293102678332,0.7309713331257529
6295,57.58,62.21,0.8,0.0961,517.8772112382934,330.55,1.5667136930518633,0,72.82452755201197,0.7695334378121206
6296,194.71,194.55,0.9,0.0961,1822.0083246618108,348.16,5.233250013389851,0,178.7431945434426,0.7367569382781389
6297,157.22,159.91,0.87,0.0717,1940.3305439330545,172.56,11.244381918944452,0,161.30801896752996,0.7306799697148031
6298,159.64,142.88,0.9,0.0879,1462.9351535836179,331.87,4.408157271171295,0,164.45830622358088,0.7573909155135031
6299,316.81,286.36,0.81,0.02,11597.58,416.33,27.85670021377273,3,285.1034960547273,0.14059719586664937
6300,73.11,73.54,0.89,0.0876,747.1529680365297,44.04,16.965326249694137,0,67.50939349874456,0.7591811805267329
6301,56.74,65.15,0.84,0.016,3420.3750000000005,202.21,16.914964640720044,1,68.12587601261733,0.15355422443311895
6302,53.76,53.41,0.79,0.0255,1654.6627450980393,179.14,9.236701714290719,1,47.993043133814425,0.1341659457541972
6303,123.89,114.15,0.86,0.018,5453.833333333333,53.34,102.24659417572802,1,130.78905753103334,0.13279317646419556
6304,80.5,72.67,0.88,0.0591,1082.057529610829,304.75,3.5506399659092014,0,52.72276488999077,0.7927243166875655
6305,245.93,208.05,0.79,0.0796,2064.81783919598,408.08,5.059835912556313,0,220.86290451932393,0.7409712234508663
6306,69.89,65.57,0.78,0.0523,977.9082217973231,446.32,2.1910472795243843,0,80.34373248094708,0.7468263491446513
6307,51.22,45.07,0.78,0.0534,658.3258426966291,188.03,3.5011745077733827,0,26.294789450139604,0.7595873343484175
6308,67.92,64.5,0.78,0.0292,1722.9452054794522,176.14,9.781680512543728,1,62.62047201392703,0.13355751860131693
6309,111.4,94.93,0.77,0.0233,3137.1716738197424,54.56,57.4994808251419,1,78.22645714933216,0.10651723605207822
6310,332.22,287.78,0.82,0.0192,12290.604166666666,211.79,58.03203251648645,3,280.8483036574791,0.12265297609691479
6311,438.58,347.12,0.87,0.0526,5741.338403041825,437.75,13.115564598610678,2,395.42180028687676,0.7171866073964291
6312,81.16,79.58,0.77,0.0583,1051.056603773585,48.06,21.869675484261027,0,92.12768500343607,0.7602277925744403
6313,66.02,68.49,0.79,0.0555,974.9027027027026,357.98,2.7233440491164385,0,77.78158324117078,0.7546953992193912
6314,85.83,86.22,0.87,0.0269,2788.5278810408918,346.01,8.059096214100435,1,77.2600770775569,0.1187977157776927
6315,145.58,154.61,0.85,0.0643,2043.8335925349922,55.85,36.595050895881684,0,150.48102599023872,0.7468411980113372
6316,61.45,60.33,0.76,0.0178,2575.8876404494385,202.82,12.700363082779996,1,54.70705661880176,0.13808465696139316
6317,84.97,77.95,0.85,0.0889,745.3037120359954,459.89,1.620612998838843,0,76.61592365278648,0.5808812775265683
6318,96.51,110.41,0.76,0.0195,4303.158974358974,187.37,22.966104362272368,1,106.96967670695554,0.1250479815479909
6319,188.8,213.71,0.85,0.0527,3446.9354838709683,215.91,15.964686600300904,0,190.81333631729714,0.7368568521818277
6320,477.36,327.49,0.81,0.0278,9541.974820143887,56.57,168.67553155637063,3,412.3210905490397,0.12712988360553523
6321,53.14,50.97,0.89,0.0194,2338.314432989691,308.45,7.580854054108254,1,66.0781823636645,0.12341705240071012
6322,50.61,40.82,0.85,0.0585,593.1111111111112,316.24,1.8755094583579281,0,45.904646933239874,0.7800419764563646
6323,75.49,54.61,0.86,0.0143,3284.237762237762,52.54,62.509283636044195,1,50.30886492426002,0.10958952537707291
6324,83.67,76.73,0.8,0.0618,993.2686084142396,216.54,4.58699828398559,0,94.01365591665818,0.7608596424431705
6325,137.17,120.81,0.86,0.0901,1153.1254162042176,361.49,3.18992341753359,0,106.13779700749264,0.7512035923853391
6326,59.67,40.98,0.83,0.0222,1532.135135135135,406.58,3.768348504931711,1,33.479662536714784,0.12131440763889506
6327,54.36,49.01,0.88,0.0918,469.8126361655773,319.73,1.469404297893777,0,32.06470798907554,0.7946467853623951
6328,208.73,182.65,0.88,0.0281,5720.0,398.72,14.345906902086677,1,206.36363746769445,0.14111407813473106
6329,438.61,366.52,0.82,0.0233,12898.987124463516,366.16,35.227734117499224,3,378.6710187506119,0.11859873572154347
6330,106.46,104.59,0.81,0.0144,5883.187500000001,431.65,13.629532028263643,1,94.017152566484,0.14597636662021973
6331,151.79,147.52,0.8,0.018,6556.444444444446,224.43,29.21376128166665,1,155.3138049526463,0.1307890268311887
6332,365.98,347.36,0.85,0.0775,3809.754838709678,382.73,9.954157862487074,2,332.0517475291159,0.7343390275717283
6333,448.8,349.08,0.88,0.018,17066.133333333335,456.57,37.37900723510817,3,403.56367391427966,0.11594867354087571
6334,274.09,221.26,0.85,0.0527,3568.709677419355,203.65,17.523740129729216,2,227.79342478125915,0.738369276145824
6335,269.06,271.22,0.82,0.089,2498.880898876405,439.99,5.679403847533819,2,243.15628458850648,0.7428145286637082
6336,205.05,235.12,0.78,0.0508,3610.110236220473,173.02,20.86527705595002,0,201.86034873791857,0.7094491669820127
6337,57.32,51.25,0.82,0.0148,2839.5270270270266,347.66,8.167540203149706,1,33.007594630171695,0.1145818861733802
6338,114.5,102.74,0.87,0.0299,2989.42474916388,226.23,13.214095164937806,1,102.8978485611025,0.12136963694306126
6339,146.72,164.22,0.89,0.0208,7026.721153846154,456.2,15.402720635348869,1,150.81235993377163,0.14686315374286646
6340,89.46,98.3,0.77,0.0741,1021.4709851551956,422.16,2.4196299629410545,0,98.2539733698842,0.7682524643874946
6341,155.97,118.3,0.87,0.0916,1123.5917030567684,388.18,2.894512089898419,0,122.84518952044888,0.7427865586870037
6342,190.56,182.71,0.9,0.0255,6448.588235294119,328.58,19.6256261345612,1,192.49300078446652,0.11500604804926715
6343,359.57,391.36,0.76,0.0713,4171.579242636746,382.15,10.916078091421554,2,343.5582061885587,0.7085635103634115
6344,138.22,113.29,0.86,0.0588,1656.9625850340137,56.61,29.26978599247507,0,121.94042860099842,0.7506433923454022
6345,331.11,236.65,0.85,0.0874,2301.516018306636,402.83,5.713367967397255,2,279.8004444800066,0.7212987197469313
6346,477.53,435.4,0.78,0.0509,6672.14145383104,227.91,29.275334359313064,2,413.01607946526553,0.7140711227646963
6347,192.68,208.06,0.8,0.0141,11804.822695035462,355.67,33.190380676007145,1,191.40955962512672,0.14358322580025967
6348,374.43,321.03,0.88,0.0739,3822.8200270636,42.8,89.31822493139252,2,356.9575995446644,0.7067245986164147
6349,182.95,152.54,0.85,0.0519,2498.2466281310208,53.57,46.635180663263405,0,145.62826748825546,0.7463086313432611
6350,138.58,116.12,0.89,0.0103,10033.669902912621,207.08,48.453109440373865,1,106.52504238735872,0.10913331616094916
6351,90.11,86.07,0.88,0.0123,6157.853658536585,51.63,119.26890680876592,1,81.67252119254053,0.11476295850563728
6352,78.35,70.64,0.79,0.075,744.0746666666668,440.76,1.6881628701939078,0,88.74857056995253,0.7591044732484855
6353,93.49,72.5,0.86,0.0519,1201.348747591522,324.34,3.7039796127259113,0,64.58875487289549,0.7682109674454908
6354,127.9,113.6,0.86,0.0783,1247.7139208173692,358.48,3.4805677326974145,0,115.3799127906961,0.7437666038360368
6355,414.08,379.5,0.79,0.0924,3244.6428571428573,52.12,62.25331652231116,2,394.1449215521226,0.7573701656709162
6356,401.86,423.46,0.86,0.0976,3731.3073770491796,378.85,9.849036233467546,2,383.83995719163545,0.7222729706993498
6357,290.21,227.8,0.83,0.0291,6497.388316151203,53.11,122.33832265394847,1,243.6039032389563,0.11082464972523917
6358,52.02,53.21,0.82,0.0107,4077.7757009345796,49.01,83.20293207375188,1,46.89551681634798,0.11677779899871396
6359,177.85,198.43,0.84,0.0732,2277.0655737704915,211.94,10.743916078939755,0,179.06572240741505,0.7510187336784787
6360,68.23,53.66,0.87,0.0641,728.3026521060841,324.39,2.245145202090336,0,60.7441439991337,0.7722226302460231
6361,112.34,99.69,0.86,0.0159,5392.037735849057,194.93,27.661405303693925,1,79.56975280623388,0.10598087280297872
6362,84.02,84.7,0.89,0.0238,3167.352941176471,50.57,62.6330421430981,1,76.76477876762962,0.11665453480937371
6363,157.8,143.8,0.89,0.0607,2108.43492586491,51.25,41.140193675412874,0,120.60978499267449,0.7455991993055012
6364,145.48,131.02,0.9,0.0156,7558.846153846154,338.02,22.362126956529657,1,131.2025310870689,0.1073187254081795
6365,87.74,94.26,0.82,0.0171,4520.070175438596,385.86,11.71427506203959,1,97.742383760584,0.11883406730576596
6366,356.88,332.44,0.82,0.0506,5387.367588932806,361.61,14.898281543466181,2,321.8559911481408,0.7329035921268595
6367,113.85,96.84,0.83,0.0142,5660.366197183098,225.49,25.102515398390604,1,102.0162577335681,0.12423435015296513
6368,341.44,334.37,0.81,0.0125,21667.176,353.84,61.23438842414651,3,308.04612955041125,0.12616173476826373
6369,88.1,99.58,0.81,0.0819,984.8571428571429,47.94,20.543536563561595,0,99.4084229389959,0.7632151567273415
6370,333.96,273.82,0.76,0.095,2190.56,172.32,12.712163416898793,2,281.10635753561553,0.7272528068874768
6371,346.92,333.85,0.8,0.0887,3011.048478015784,424.34,7.095839369410813,2,312.82214291147346,0.7345148742861158
6372,160.57,170.37,0.88,0.017,8819.15294117647,57.38,153.69733254054495,1,164.30693370052563,0.14526957104353194
6373,331.13,275.16,0.78,0.0241,8905.593360995852,298.28,29.856488403499572,2,297.5292432308378,0.13296250548731547
6374,76.31,52.5,0.82,0.0935,460.42780748663097,315.58,1.4589891865347329,0,51.28167103316463,0.7936462392521639
6375,350.29,270.07,0.77,0.0942,2207.5785562632695,53.91,40.9493332640191,2,316.7039991056954,0.7496834933681488
6376,144.61,154.36,0.78,0.0255,4721.600000000001,301.09,15.681689860174703,1,150.4798232359047,0.12769677560788065
6377,70.94,59.28,0.87,0.0124,4159.1612903225805,207.94,20.00173747389911,1,43.730685313768106,0.12222418783406297
6378,143.76,101.6,0.89,0.0208,4347.307692307692,216.59,20.071599299633835,1,109.83921129895943,0.11164871978154325
6379,88.6,70.68,0.79,0.0678,823.557522123894,225.49,3.6523017522900973,0,60.24136493536872,0.7656518685179781
6380,65.7,57.61,0.89,0.093,551.321505376344,202.86,2.7177437906750663,0,42.90399733657148,0.7783431091705729
6381,394.56,339.42,0.88,0.0226,13216.353982300887,400.83,32.97246708654763,3,335.5047078317838,0.1261922169841751
6382,76.43,73.37,0.83,0.0228,2670.925438596491,44.23,60.38719056288698,1,69.4999393582049,0.11777664225426478
6383,91.87,82.74,0.83,0.029,2368.0758620689653,224.96,10.526653014175698,1,65.95176887095461,0.10871578823078437
6384,197.41,199.59,0.87,0.0576,3014.640625,443.64,6.795240792083671,0,195.90329306041454,0.6864448238705196
6385,133.27,118.04,0.81,0.0702,1362.0,453.71,3.0019175244098655,0,100.3165365250257,0.7510825089493046
6386,80.97,82.79,0.84,0.0118,5893.525423728814,55.66,105.88439496458523,1,73.0789779275921,0.11311607397407028
6387,54.16,48.35,0.79,0.072,530.5069444444445,365.68,1.4507409331777632,0,65.62883490175217,0.7715347790877581
6388,55.7,46.32,0.77,0.054,660.4888888888889,51.07,12.933011335204405,0,30.21108746657427,0.7654161604544037
6389,289.95,267.97,0.75,0.0283,7101.678445229683,353.6,20.083932254608833,2,262.41030598514385,0.12769722620045498
6390,106.33,81.71,0.81,0.0661,1001.2874432677761,322.88,3.1011132410424187,0,95.73827170318555,0.7477375978597905
6391,168.97,129.36,0.85,0.0254,4328.976377952757,358.65,12.070197624293202,1,133.19853881141748,0.13026498360835456
6392,291.0,238.94,0.89,0.0254,8372.307086614173,45.64,183.44231127550773,3,263.03920089754365,0.11665406835474652
6393,71.2,69.42,0.82,0.0212,2685.1132075471696,205.71,13.052905583331727,1,63.3524229964963,0.1337345234609257
6394,394.5,277.6,0.79,0.0929,2360.645855758881,307.71,7.671657910886489,2,338.44293661432505,0.7565543398380171
6395,280.32,228.24,0.85,0.0961,2018.7721123829342,373.13,5.410372021501713,2,232.34876759441624,0.7302355614495838
6396,155.26,132.35,0.78,0.0231,4468.96103896104,49.2,90.83254144229755,1,139.25881530060832,0.12066268536320823
6397,463.97,330.43,0.89,0.0748,3931.586898395721,215.69,18.227951682487465,2,402.0145259443186,0.7469899614911697
6398,180.97,191.3,0.78,0.0795,1876.9056603773586,217.36,8.63500947910084,0,183.70030110370723,0.7373736634257291
6399,202.69,138.09,0.87,0.0657,1828.5890410958907,212.81,8.592589827056486,0,161.12602996398658,0.7587838293785761
6400,388.35,355.8,0.9,0.0841,3807.6099881093946,360.67,10.55704657473423,2,351.1833755576663,0.7813093996549617
6401,87.37,64.24,0.86,0.062,891.0709677419354,176.22,5.056582497684346,0,59.256244609948595,0.7625890711527111
6402,101.07,109.58,0.86,0.0137,6878.744525547445,401.92,17.114710702496627,1,107.33163386043651,0.14314848198900937
6403,87.97,79.92,0.8,0.0177,3612.2033898305085,356.51,10.132123614570443,1,98.14615338988654,0.11989743641708475
6404,241.38,253.57,0.81,0.0126,16300.928571428572,187.14,87.10552832867678,3,234.3643416449762,0.14832881305537687
6405,243.64,247.24,0.85,0.0671,3131.9523099850962,455.74,6.872234848784606,2,217.7689135695805,0.7133174591215895
6406,69.62,58.62,0.76,0.0165,2700.072727272727,52.36,51.56746996319189,1,63.803460515907375,0.11455408156802313
6407,469.16,467.02,0.9,0.0253,16613.359683794464,403.47,41.17619571168727,3,425.4024592498934,0.11938997697993452
6408,162.48,138.08,0.85,0.0886,1324.6952595936796,56.59,23.408645689939558,0,125.95656381033956,0.7675585853550103
6409,302.32,293.46,0.76,0.0986,2261.963488843813,51.83,43.6419735451247,2,291.6341685511623,0.7287769933675042
6410,65.34,52.91,0.88,0.0267,1743.8501872659174,182.88,9.535488775513548,1,40.67153890289106,0.1301049136601304
6411,299.38,204.33,0.87,0.019,9356.163157894738,407.26,22.973439959472422,1,248.83038253492907,0.13862475504311272
6412,422.35,406.9,0.78,0.0655,4845.526717557252,51.13,94.76876036685412,2,381.7405761894522,0.7577983648381725
6413,55.06,56.06,0.85,0.093,512.3763440860215,348.0,1.4723458163391423,0,50.915508332936895,0.7882512707313312
6414,278.21,277.53,0.78,0.0175,12369.90857142857,48.98,252.5501954150382,3,250.44744166503727,0.13365446409362208
6415,163.79,128.33,0.83,0.0184,5788.798913043479,44.65,129.64835191586738,1,146.5890487715555,0.11621677069236029
6416,66.65,46.66,0.83,0.0215,1801.293023255814,173.9,10.35821174960215,1,41.26966740700311,0.10877528584160681
6417,411.45,334.66,0.85,0.0244,11658.237704918032,227.29,51.29234768321542,3,351.40889304539644,0.1178892758241516
6418,81.59,84.25,0.86,0.0165,4391.212121212121,44.5,98.6789240721825,1,72.90366655727524,0.1186769386650333
6419,107.9,79.47,0.8,0.0188,3381.702127659574,456.21,7.4125997406009825,1,76.88782483959123,0.1159395889831886
6420,361.53,314.56,0.81,0.0272,9367.411764705883,216.52,43.26349420241032,2,346.86795009048006,0.14031684238220152
6421,91.22,75.06,0.86,0.0122,5291.11475409836,379.56,13.940127395137424,1,62.6064958315214,0.11792283019972909
6422,191.57,162.17,0.89,0.0224,6443.361607142858,400.14,16.10276804903998,1,154.64307895863206,0.12976083685140874
6423,76.15,70.25,0.81,0.0681,835.5726872246698,340.43,2.4544625539014477,0,68.17620394852575,0.764034541268412
6424,238.47,194.45,0.87,0.0601,2814.8336106489182,443.95,6.340429351613737,0,212.0051225290007,0.7400769437897265
6425,144.71,123.18,0.78,0.0287,3347.749128919861,359.93,9.301111685382883,1,110.58514890407984,0.11642512826460044
6426,180.54,162.99,0.9,0.0197,7446.243654822336,50.8,146.5795995043767,1,181.67427431656864,0.13074409982421542
6427,54.08,45.92,0.79,0.0642,565.0591900311528,49.89,11.326101223314346,0,28.15872016032634,0.7844046210347183
6428,91.36,76.55,0.9,0.0208,3312.2596153846152,43.88,75.48449442535586,1,83.72058303932984,0.08684892640376293
6429,66.67,54.06,0.78,0.029,1454.0275862068966,384.05,3.7860371988201966,1,40.20676323753531,0.13330884767291387
6430,77.83,84.04,0.75,0.0182,3463.186813186813,377.03,9.185440981319294,1,90.61766033291127,0.13225903831608982
6431,478.29,481.76,0.79,0.0172,22127.3488372093,348.1,63.56606962714536,3,451.3710456595491,0.12957597964661377
6432,77.94,76.6,0.89,0.0743,917.5504710632569,201.14,4.5617503781607684,0,70.35190674145737,0.7602416837763478
6433,489.91,439.97,0.79,0.0639,5439.3787167449145,211.42,25.727834248154927,2,463.2072892979798,0.7324438513307744
6434,167.87,185.14,0.79,0.0275,5318.567272727272,358.59,14.831889547191144,1,171.70840548298713,0.14544332035926716
6435,125.86,89.43,0.86,0.0264,2913.2500000000005,49.39,58.98461226969023,1,95.24818770276765,0.10035732309874679
6436,146.23,133.32,0.84,0.0854,1311.3442622950815,348.86,3.7589413010808963,0,114.10844788618697,0.7674697026342692
6437,141.6,124.49,0.76,0.0131,7222.320610687021,345.09,20.928802951945933,1,145.48430914556275,0.14188555743823053
6438,86.17,59.63,0.82,0.0841,581.410225921522,224.03,2.595233789767094,0,59.46256701110613,0.7679829214786708
6439,183.43,187.8,0.89,0.0158,10578.60759493671,298.94,35.38705959368672,1,186.60735218756918,0.13708209362257484
6440,191.01,169.55,0.83,0.0192,7329.505208333335,345.3,21.22648481996332,1,153.94310732397378,0.12755845371397095
6441,89.8,77.17,0.84,0.0912,710.7763157894736,402.29,1.766825712270933,0,82.42972954810088,0.7823521614254512
6442,69.69,52.46,0.82,0.0104,4136.2692307692305,387.25,10.68113423052093,1,42.87804885748065,0.11134401400182646
6443,152.96,130.63,0.76,0.0293,3388.354948805461,310.81,10.901692187527624,1,157.7589050363191,0.12045907821926172
6444,49.15,39.56,0.84,0.0938,354.268656716418,54.88,6.4553326661154875,0,23.163658063829814,0.782505387432896
6445,145.4,113.37,0.88,0.0183,5451.672131147541,389.64,13.991561777916901,1,112.70782944903671,0.12010604616419847
6446,432.32,380.47,0.89,0.0203,16680.70443349754,358.56,46.52137559543044,3,410.69850867764626,0.11606721008304072
6447,159.93,179.61,0.76,0.0833,1638.6986794717889,223.46,7.333297590046491,0,163.84789925527113,0.7446419842861673
6448,84.82,72.15,0.86,0.0888,698.75,214.96,3.250604763676963,0,76.48364853982068,0.7719505477499028
6449,295.8,229.65,0.79,0.0884,2052.3020361990953,370.95,5.532557045960629,2,247.83732726827793,0.7343546538064233
6450,120.78,87.65,0.85,0.0574,1297.952961672474,348.07,3.728999803696021,0,90.57553196635669,0.7348057716265859
6451,167.47,116.18,0.77,0.0777,1151.3333333333333,53.94,21.344703992089975,0,132.25655337248088,0.7296128825767072
6452,65.76,49.25,0.87,0.0142,3017.429577464788,220.32,13.695668016815487,1,40.76801397366529,0.12197936355366756
6453,69.08,54.79,0.81,0.0934,475.15952890792295,186.07,2.5536600682964634,0,62.31193147683962,0.7770214467371106
6454,165.92,179.41,0.77,0.0245,5638.6,180.0,31.325555555555557,1,169.92957933918956,0.13355233482719753
6455,68.54,60.11,0.89,0.017,3146.935294117647,42.82,73.49218342171058,1,59.989909503443016,0.09637732662664249
6456,475.17,437.6,0.77,0.0607,5551.103789126854,405.02,13.705752281682027,2,447.9179706273059,0.7331138351528641
6457,336.04,298.93,0.77,0.0558,4125.019713261649,320.66,12.864154285728336,2,321.25368127257946,0.711973416509149
6458,144.9,142.95,0.79,0.0212,5326.91037735849,314.45,16.94040507984891,1,150.12440361461475,0.11936592035491557
6459,64.64,53.62,0.87,0.0555,840.5297297297298,192.12,4.37502461862237,0,38.44298674259042,0.766771762044621
6460,493.44,485.63,0.89,0.0569,7595.970123022847,213.65,35.5533354693323,2,447.6716651075038,0.7091680973441082
6461,192.05,155.37,0.81,0.0199,6324.105527638191,56.05,112.82971503368763,1,153.62842799317258,0.10825177964410118
6462,329.61,319.04,0.78,0.0214,11628.560747663554,399.71,29.092493927256147,3,315.8083219176669,0.13715942361727615
6463,80.28,75.0,0.88,0.069,956.5217391304346,321.15,2.9784267137799616,0,91.54777496502949,0.7723663362497536
6464,182.12,186.04,0.85,0.0232,6816.120689655172,220.9,30.85613711930816,1,183.80259520462397,0.1331194331725202
6465,138.11,118.18,0.88,0.0262,3969.4045801526713,44.31,89.58259038936292,1,103.63785160857822,0.09024540512023771
6466,460.2,419.45,0.86,0.0601,6002.113144758735,309.54,19.39042819913011,2,416.7759523731192,0.7521960283220471
6467,55.12,44.0,0.82,0.0842,428.5035629453682,335.91,1.275649914993207,0,31.310929082546863,0.8058693944645131
6468,72.24,67.41,0.8,0.0208,2592.6923076923076,319.4,8.117383555705409,1,65.30885989844181,0.11317043439705293
6469,299.28,242.95,0.86,0.0524,3987.347328244274,303.38,13.143079069959372,2,249.97631589477714,0.732950436865353
6470,71.69,71.09,0.85,0.0632,956.1155063291139,391.34,2.4431836927712833,0,63.61026600860254,0.7703093403990415
6471,91.48,79.02,0.89,0.0957,734.8777429467085,437.57,1.6794518430118803,0,103.06791773337326,0.7672158716040529
6472,164.91,141.7,0.77,0.0173,6306.878612716763,55.7,113.22941854069592,1,167.79095427938577,0.14370375051785184
6473,115.91,104.9,0.84,0.0782,1126.8030690537084,170.34,6.615023300773209,0,85.32406988019494,0.741621644395077
6474,231.96,198.39,0.8,0.027,5878.222222222222,56.82,103.45340060229182,1,188.97012346879904,0.11853977361257857
6475,260.06,190.09,0.77,0.0711,2058.6399437412097,183.28,11.232212700464915,0,212.70744669065564,0.7414789325670013
6476,354.36,292.97,0.78,0.0236,9682.90677966102,368.5,26.276544856610638,2,299.801849393554,0.13965433892145518
6477,272.16,207.67,0.85,0.0274,6442.3175182481755,53.56,120.28225388812874,1,224.4544491028826,0.11889105213651327
6478,87.63,91.42,0.79,0.076,950.2868421052633,49.01,19.389651950729714,0,98.07378156688354,0.7812171576614166
6479,228.07,244.36,0.9,0.0202,10887.326732673268,340.66,31.959510164601852,1,225.14092302982706,0.12174246061579158
6480,460.65,313.98,0.76,0.018,13256.933333333334,210.33,63.02920806985848,3,398.7157288704925,0.10749070533619824
6481,414.48,369.01,0.8,0.0258,11442.170542635658,332.37,34.42600277592941,3,375.88114299929566,0.12832855499734905
6482,114.92,108.69,0.83,0.075,1202.836,192.82,6.238128824810705,0,120.39494102875797,0.749749095842344
6483,68.7,46.93,0.86,0.0849,475.38044758539456,49.33,9.636741284925899,0,43.61463132284872,0.7679148836264821
6484,52.55,42.6,0.81,0.0923,373.8461538461539,189.16,1.9763488784423446,0,29.742221427513215,0.7796544898282121
6485,150.0,166.06,0.82,0.0687,1982.08442503639,229.3,8.644066397890928,0,153.16882454959685,0.7612880899517133
6486,160.66,138.91,0.75,0.0547,1904.6160877513714,402.09,4.736790489073022,0,143.41514308053203,0.7175218047804808
6487,109.57,101.34,0.87,0.0793,1111.8007566204287,340.07,3.269329128180753,0,118.73808455457197,0.7242075850714119
6488,286.53,259.17,0.87,0.0663,3400.873303167421,183.13,18.570814739078365,2,276.9490369765495,0.7472856810940043
6489,138.98,110.3,0.81,0.0913,978.565169769989,379.41,2.5791760095147436,0,106.47777741042387,0.7640195830408125
6490,115.05,97.35,0.76,0.0136,5440.147058823529,315.78,17.22764918241665,1,85.1337689643488,0.10820321591394536
6491,299.67,248.27,0.87,0.0276,7825.902173913044,46.89,166.8991719751129,3,250.9152877589823,0.1078077884528773
6492,120.98,118.52,0.86,0.0934,1091.2976445396146,225.99,4.828964310543008,0,128.3038163221934,0.7567476470089908
6493,102.98,85.18,0.8,0.0648,1051.604938271605,47.14,22.308123425362858,0,92.1558649426419,0.7420554352041817
6494,428.67,423.38,0.77,0.0284,11478.964788732395,51.02,224.98950977523313,3,387.7880159255774,0.12813153984769537
6495,69.3,74.62,0.81,0.0524,1153.4770992366412,383.36,3.008861381564694,0,80.5428379253919,0.7654113431381441
6496,64.72,48.75,0.85,0.0515,804.6116504854369,172.91,4.65335521650244,0,37.732881094815525,0.7618705318662837
6497,94.14,93.65,0.75,0.096,731.6406250000001,306.05,2.3905918150628986,0,85.78596174457698,0.7763222969084371
6498,350.9,351.17,0.86,0.0846,3569.813238770686,202.78,17.604365513219676,2,336.78384825858336,0.7276007481401767
6499,94.8,97.78,0.79,0.0169,4570.781065088758,43.48,105.12375954665957,1,102.72069853265732,0.1081032533895091
6500,427.04,370.21,0.77,0.0762,3740.9671916010493,458.02,8.167693968824613,2,366.4021099754903,0.7303063785384336
6501,153.72,131.27,0.89,0.0191,6116.7696335078535,172.07,35.54814687922272,1,138.4656561260085,0.11818583766427708
6502,135.86,109.07,0.76,0.0729,1137.0809327846364,305.29,3.724592789756089,0,104.06410378877565,0.7513428815674769
6503,90.03,95.17,0.89,0.0954,887.8542976939204,55.06,16.12521426977698,0,100.95805668344167,0.761852327120755
6504,174.49,158.0,0.81,0.012,10665.0,401.83,26.54107458377921,1,137.72241987968266,0.1251516291406615
6505,184.83,150.34,0.88,0.0783,1689.6449553001278,304.48,5.5492805941281125,0,148.80988386346138,0.7465116872859795
6506,72.16,71.06,0.77,0.0853,641.4560375146542,56.19,11.41583978491999,0,81.88182469992292,0.7762570118624555
6507,222.96,162.36,0.79,0.0262,4895.587786259543,391.48,12.505333059823087,1,181.69000194330465,0.10501105809114611
6508,122.93,95.77,0.9,0.0145,5944.3448275862065,447.46,13.284639582501692,1,111.71177717619153,0.13065568715757134
6509,170.47,140.22,0.81,0.0665,1707.9428571428573,183.8,9.292398569874088,0,135.51318206436932,0.7474127762461275
6510,92.5,76.25,0.82,0.059,1059.7457627118645,348.72,3.0389589433122977,0,81.99354948733459,0.7766912044136398
6511,95.37,108.75,0.83,0.025,3610.4999999999995,345.56,10.448257900219932,1,107.84929942709257,0.12010388704431606
6512,187.15,140.26,0.9,0.0171,7382.105263157894,328.42,22.477636146269695,1,150.20743315867034,0.09848842706249458
6513,108.44,92.63,0.79,0.029,2523.368965517241,437.24,5.771130192839724,1,77.15075239358096,0.13298513132800024
6514,70.75,73.22,0.8,0.0848,690.7547169811321,370.41,1.8648381981618531,0,83.4491282989232,0.7688470177730677
6515,55.48,49.82,0.87,0.069,628.1652173913043,408.79,1.5366452638061212,0,30.276251235509022,0.7912423977609752
6516,112.58,78.17,0.8,0.0124,5043.225806451613,411.69,12.25005661165346,1,81.25569714534927,0.11965802645528402
6517,104.0,89.05,0.78,0.0281,2471.8505338078294,388.85,6.356822769211339,1,91.44534920403872,0.11503139000140367
6518,456.9,410.24,0.79,0.0242,13392.132231404961,46.7,286.7694267966801,3,395.17084931743443,0.11793674764915138
6519,91.92,70.25,0.79,0.0989,561.1476238624873,46.3,12.119819089902535,0,64.30733877437092,0.7737333862112341
6520,93.08,95.54,0.85,0.0247,3287.813765182186,56.47,58.22230857414886,1,102.52254461475604,0.13164802181576726
6521,94.43,104.43,0.79,0.0931,886.140708915145,51.63,17.163290895121925,0,105.9281599469898,0.7808849062575388
6522,118.01,103.05,0.87,0.0794,1129.1372795969774,204.61,5.518485311553577,0,126.43360424967173,0.7489951368628625
6523,90.56,80.65,0.8,0.0945,682.7513227513228,430.46,1.5860970188898456,0,98.88837851050278,0.7647150138491656
6524,64.16,54.65,0.83,0.0109,4161.422018348623,353.01,11.78839698124309,1,56.73800727340611,0.13036562546391756
6525,391.35,268.86,0.84,0.0671,3365.7585692995526,188.73,17.83372314576142,2,334.1691606489942,0.7372030091227062
6526,69.4,64.69,0.87,0.0251,2242.2430278884462,45.39,49.39949389487654,1,63.360480973667194,0.11772632481951886
6527,380.2,389.39,0.83,0.0699,4623.658082975679,365.18,12.661312456803984,2,343.28111167437737,0.7367769921170555
6528,80.56,72.46,0.86,0.0981,635.2252803261977,369.89,1.7173356412073797,0,73.50731329559105,0.7664154324147289
6529,239.62,207.88,0.76,0.0979,1613.7773237997956,192.23,8.395033677364593,0,214.10180161963393,0.7388369963215676
6530,217.74,203.7,0.9,0.0151,12141.059602649004,305.03,39.802837762347984,1,196.9509437132226,0.11259997228349883
6531,85.76,72.53,0.8,0.0153,3792.4183006535955,327.37,11.584501636232995,1,77.3323661704308,0.11291090000845717
6532,441.95,447.38,0.78,0.0594,5874.686868686868,445.72,13.180218228230432,2,417.8232189430661,0.7258405204727905
6533,258.06,207.98,0.9,0.0126,14855.714285714284,446.61,33.26328180227555,3,211.69924149550252,0.10050433225255437
6534,469.24,418.43,0.87,0.0628,5796.721337579618,428.06,13.541843053729893,2,404.704587386894,0.7245672133737187
6535,421.11,389.21,0.76,0.0773,3826.64424320828,355.97,10.749906574172766,2,380.75546163092235,0.7388725600998385
6536,342.51,343.16,0.79,0.0684,3963.3976608187136,376.48,10.52751184875349,2,307.0255320308943,0.7359230060724061
6537,166.37,177.17,0.81,0.0217,6613.258064516129,181.77,36.38256073343307,1,170.44197423572112,0.13013317116538434
6538,63.0,55.9,0.76,0.0154,2758.7012987012986,303.49,9.08992486968697,1,36.753877826890744,0.11627405760018363
6539,49.04,46.92,0.85,0.0239,1668.7029288702927,390.41,4.274232035220134,1,63.08265813631256,0.14410741087419088
6540,300.91,294.55,0.78,0.0541,4246.746765249538,447.47,9.490573145126014,2,269.1549877487415,0.7363304619315484
6541,148.44,149.31,0.84,0.0909,1379.7623762376238,380.75,3.6238013821080073,0,134.99482254690008,0.7578095095418891
6542,61.15,56.77,0.86,0.0201,2428.9651741293533,437.63,5.55027117457522,1,54.139373560025106,0.12930752367352608
6543,76.1,58.86,0.75,0.0167,2643.4131736526942,385.3,6.860662272651685,1,65.87431553861484,0.13782677766019918
6544,129.25,138.67,0.85,0.0663,1777.8205128205127,55.59,31.980941047319888,0,134.44453291594394,0.7432887240956272
6545,344.62,310.9,0.86,0.0609,4390.377668308702,310.51,14.139247265172465,2,312.44521495214525,0.7376146090330024
6546,142.68,142.5,0.9,0.0725,1768.9655172413795,381.77,4.6335896409916435,0,129.22303384834964,0.7499970591206278
6547,231.0,192.83,0.83,0.0288,5557.253472222223,216.78,25.635452865680517,1,190.57605170020594,0.11021819807100253
6548,379.04,380.7,0.79,0.0716,4200.460893854748,346.18,12.133748032395713,2,342.8340059996091,0.7471306848059516
6549,347.39,285.45,0.76,0.0205,10582.536585365855,207.46,51.01000956987301,3,293.5781291492196,0.11597243052375744
6550,52.14,53.86,0.86,0.0611,758.0949263502455,439.13,1.7263564920416403,0,62.700320305562,0.7772730967957807
6551,52.8,51.45,0.82,0.0135,3125.1111111111113,47.24,66.15391852479067,1,48.6209481709605,0.10868920572073636
6552,73.35,70.16,0.85,0.0669,891.4200298953662,303.6,2.9361661063747237,0,85.45902156281925,0.7682493038128093
6553,249.65,285.63,0.83,0.0607,3905.6490939044484,392.12,9.96034146155373,2,241.97012973133067,0.7324832017182622
6554,81.67,62.19,0.86,0.061,876.7770491803277,43.43,20.188281123194283,0,53.52220421340891,0.7636052704903019
6555,140.13,100.5,0.89,0.0147,6084.693877551022,372.92,16.316351704255663,1,106.70420061356958,0.11096554855198713
6556,190.37,192.76,0.84,0.084,1927.5999999999997,195.85,9.842226193515444,0,171.695994002143,0.7462779608797747
6557,49.42,43.28,0.88,0.0256,1487.7500000000002,44.77,33.23095823095824,1,45.5226169340671,0.12347586609217841
6558,87.66,77.24,0.9,0.0843,824.6263345195729,56.88,14.497650044296288,0,60.149843980019,0.7793159638733208
6559,154.28,141.06,0.77,0.0852,1274.838028169014,56.28,22.651706257445166,0,158.4409206310022,0.7296632655409542
6560,154.42,126.5,0.9,0.0109,10444.954128440368,55.04,189.77024215916367,3,119.60631969943101,0.08559273204902348
6561,68.11,50.17,0.77,0.0214,1805.1822429906545,43.37,41.62283244156455,1,40.02654409788511,0.09718223333902497
6562,289.3,267.09,0.87,0.0219,10610.424657534246,314.03,33.78793318324443,1,280.77047426465475,0.12955407409856323
6563,255.95,244.03,0.75,0.0811,2256.7509247842167,181.57,12.429095802083037,2,229.99599882668338,0.7218709608612498
6564,204.6,175.25,0.79,0.0843,1642.319098457889,432.55,3.7968306518503963,0,203.19396125946537,0.7406509741913248
6565,407.47,367.34,0.87,0.0603,5299.930348258706,50.14,105.70263957436589,2,348.9114159178419,0.7774907322044505
6566,244.93,252.59,0.83,0.0727,2883.764786795048,310.67,9.282405081903782,2,218.5740586170533,0.7539308035517175
6567,122.73,87.12,0.83,0.0111,6514.378378378378,54.56,119.39843068875327,1,91.48950595194326,0.09333135063718975
6568,244.0,254.67,0.77,0.0255,7690.035294117648,195.16,39.40374715165837,1,240.6410518816325,0.1400433051724059
6569,123.63,101.26,0.85,0.073,1179.054794520548,364.26,3.236849488059485,0,112.35824433518847,0.7428790918606896
6570,70.7,58.63,0.9,0.0568,928.9964788732394,194.89,4.766773456171376,0,43.52957414205699,0.7470787119359207
6571,132.64,98.22,0.83,0.0276,2953.717391304348,375.72,7.861485657682177,1,101.31447414669105,0.10739813459378164
6572,189.15,164.85,0.81,0.0134,9964.813432835823,214.19,46.52324306847109,1,151.20919146287363,0.10854636263150237
6573,144.06,120.0,0.85,0.0243,4197.530864197531,200.35,20.95099008833307,1,110.8354203843987,0.11084685606294699
6574,114.42,122.85,0.87,0.0197,5425.355329949239,186.88,29.03122501043043,1,121.90995791417471,0.13223429937946152
6575,162.54,116.2,0.84,0.0787,1240.254129606099,208.3,5.954172489707628,0,127.53866623912853,0.7472652799689261
6576,119.03,100.38,0.88,0.0793,1113.9268600252208,308.99,3.605057963122498,0,107.57545164324631,0.7556927082420104
6577,167.96,144.01,0.76,0.056,1954.4214285714286,384.39,5.084475216762738,0,149.9984071148879,0.6895591868520312
6578,306.51,227.76,0.84,0.0221,8656.941176470587,437.59,19.783224425765187,1,256.6004615913231,0.1242266317111405
6579,94.12,98.97,0.8,0.0663,1194.20814479638,402.91,2.9639575706643666,0,102.45473797828356,0.7756639709137373
6580,78.42,63.73,0.89,0.0562,1009.247330960854,48.31,20.89106460279143,0,49.824036167452206,0.7241877652469073
6581,64.42,46.68,0.87,0.059,688.3322033898306,375.45,1.833352519349662,0,38.93251628509549,0.7873468991584854
6582,346.22,308.96,0.76,0.0821,2860.0438489646767,365.36,7.828015789809165,2,313.2791315461401,0.740014851663752
6583,194.53,136.32,0.89,0.0102,11894.588235294117,350.67,33.91960599793001,1,156.3846106570176,0.11597509965123684
6584,451.07,398.22,0.79,0.0757,4155.796565389697,216.47,19.198025432575864,2,410.23258175982335,0.7736018421573294
6585,120.43,96.52,0.89,0.0107,8028.299065420561,409.61,19.5998610029554,1,107.79497505457208,0.14126550857054698
6586,465.07,480.01,0.79,0.0587,6460.100511073254,343.67,18.797394334894676,2,421.0860348469737,0.7623032116320324
6587,127.31,110.87,0.9,0.0601,1660.2828618968385,48.92,33.938733889959906,0,134.17312455865837,0.7489352760181996
6588,86.78,80.49,0.84,0.0201,3363.7611940298507,170.15,19.76938697637291,1,79.41565472210192,0.11045322528066277
6589,152.32,143.97,0.76,0.0284,3852.7183098591545,324.35,11.878274425340386,1,136.0750554926041,0.11077434097442848
6590,285.2,260.67,0.8,0.0641,3253.291731669267,56.96,57.115374502620554,2,236.06088688810615,0.7578340246674852
6591,302.86,257.33,0.82,0.0878,2403.3097949886105,403.94,5.949670235650371,2,251.87318650657602,0.7328904232037691
6592,81.01,74.61,0.78,0.0586,993.1023890784983,441.31,2.2503509756826228,0,91.22745158213345,0.7820502627381763
6593,329.03,342.5,0.86,0.0645,4566.666666666667,356.35,12.815116224685468,2,315.39219746077964,0.7335707786300961
6594,85.52,87.19,0.83,0.013,5566.746153846154,192.19,28.96480646155447,1,96.38067215735511,0.12995256229262192
6595,276.43,279.44,0.84,0.023,10205.634782608695,210.37,48.51278596096732,3,248.43279743585128,0.13760017504050895
6596,377.33,256.62,0.88,0.0126,17922.666666666668,202.1,88.68217054263567,3,321.48683509457976,0.11249125236123078
6597,179.34,137.69,0.86,0.0759,1560.1238471673255,189.45,8.235016348204411,0,142.7368265808077,0.7295176261579475
6598,360.49,320.34,0.77,0.0676,3648.8431952662727,223.19,16.348596242064037,2,305.9988293083984,0.7166820183590563
6599,413.04,473.47,0.86,0.0864,4712.780092592592,370.89,12.706678779672119,2,394.5799751754414,0.7342452305385874
6600,408.98,321.6,0.8,0.0723,3558.50622406639,197.64,18.004990002359797,2,370.6214397857748,0.7490792370092982
6601,276.82,232.71,0.85,0.0674,2934.7700296735907,448.12,6.54907174344727,2,249.31236463433305,0.7356181523538868
6602,85.91,60.47,0.78,0.0951,495.96845425867514,43.22,11.475438552954076,0,58.01941214874152,0.7668091253812315
6603,469.44,462.41,0.86,0.016,24854.5375,342.94,72.47488627748294,3,444.1620184947046,0.10993399694485888
6604,113.42,96.06,0.9,0.0689,1254.7750362844704,413.98,3.031004000880406,0,99.17579578765886,0.7591869525916164
6605,472.1,508.74,0.88,0.0667,6712.011994002999,170.06,39.46849343762789,2,447.0452572540703,0.7189085078701409
6606,171.76,148.36,0.85,0.0887,1421.7136414881625,355.13,4.003361139549355,0,158.0059389959155,0.7357828753240042
6607,65.82,53.19,0.84,0.0534,836.6966292134829,51.22,16.335350043215207,0,58.966226786119734,0.7634518276430512
6608,173.88,188.91,0.85,0.0696,2307.0905172413795,218.67,10.550557997170987,0,175.2886354644418,0.7579541296084342
6609,152.23,120.56,0.83,0.0725,1380.2041379310344,346.44,3.9839629890631407,0,118.63715129929355,0.7615536749681696
6610,75.37,52.61,0.84,0.0229,1929.7991266375545,383.63,5.030365525734574,1,48.67076500792892,0.10847315493461906
6611,88.31,80.07,0.75,0.0215,2793.139534883721,352.46,7.924699355625379,1,99.93869674079949,0.13100924296063066
6612,152.09,134.91,0.8,0.0526,2051.8631178707224,407.76,5.032036290638421,0,152.54674142474943,0.722286422187848
6613,363.83,370.51,0.79,0.0277,10566.891696750903,177.49,59.535138299345896,3,329.50002854414566,0.13901651670938317
6614,156.21,115.52,0.82,0.0579,1636.0345423143349,181.62,9.008008712225166,0,121.86448338443577,0.7626769336232709
6615,498.93,391.14,0.84,0.0673,4881.98514115899,354.7,13.763702117730448,2,432.18610950090886,0.7590994666202896
6616,333.0,285.56,0.85,0.0983,2469.237029501526,43.97,56.157312474449085,2,320.10189371656213,0.7295406725683573
6617,435.79,344.85,0.8,0.0293,9415.699658703074,191.89,49.068214386904344,2,376.54249657273215,0.111620140606567
6618,185.5,143.37,0.86,0.0912,1351.953947368421,55.61,24.311345933616636,0,168.97569978931807,0.7246298302019595
6619,74.45,50.91,0.75,0.0262,1457.3473282442744,182.25,7.996418810668173,1,48.698271071321585,0.11397842582898549
6620,55.83,48.43,0.81,0.0967,405.67011375387807,51.35,7.900099586248842,0,32.15985727901099,0.7784845826484513
6621,68.42,69.5,0.76,0.0278,1900.0000000000002,382.42,4.968359395429109,1,81.60255726949532,0.13750319416038054
6622,73.8,57.39,0.89,0.085,600.9070588235294,205.66,2.9218470233566536,0,68.25407876377618,0.7436658014957699
6623,187.65,141.92,0.83,0.0907,1298.7166482910693,359.2,3.6155808694072085,0,150.61043062769474,0.7611259948322767
6624,189.55,163.79,0.8,0.0118,11104.40677966102,197.85,56.12538175214061,1,152.53548417849214,0.10170256374808523
6625,445.44,397.58,0.77,0.0508,6026.311023622047,365.22,16.500495656377108,2,382.8402611948487,0.7118986033246779
6626,68.11,55.65,0.86,0.0144,3323.541666666666,387.87,8.568699993984238,1,61.60706039159656,0.13303652090708318
6627,75.17,66.87,0.82,0.0299,1833.892976588629,405.11,4.526901277649599,1,85.27527352793457,0.14212273516272464
6628,93.23,104.9,0.9,0.0225,4196.0,44.75,93.76536312849161,1,102.65391471571417,0.08830909706889647
6629,493.44,377.94,0.75,0.089,3184.887640449438,418.79,7.604975382529282,2,426.9607530835154,0.7115707227793608
6630,158.96,140.74,0.85,0.0749,1597.1829105473967,443.73,3.599447660846453,0,124.56294585232357,0.7377945093762348
6631,188.47,160.88,0.88,0.0666,2125.7417417417414,394.52,5.388172315070824,0,189.50371987840805,0.7203360564965523
6632,192.63,147.52,0.81,0.024,4978.8,398.48,12.494479020277053,1,154.20883836653613,0.1214508303494695
6633,69.79,63.78,0.88,0.0163,3443.3374233128843,214.36,16.063339351151726,1,83.07755969107122,0.14472250686499272
6634,91.2,97.62,0.84,0.0701,1169.768901569187,173.17,6.755032058492736,0,101.57065700301997,0.7646960011409445
6635,54.0,53.01,0.79,0.0716,584.8868715083798,360.54,1.6222523756265042,0,66.94694502784633,0.7670955361455362
6636,66.52,58.95,0.81,0.0567,842.1428571428571,220.34,3.822015326962227,0,77.49692654021158,0.7610234872487616
6637,57.44,45.35,0.77,0.0263,1327.7376425855514,378.86,3.504560108181258,1,51.455548987940546,0.13207278096459127
6638,148.19,166.21,0.77,0.0211,6065.483412322275,388.6,15.608552270515375,1,152.38012637835197,0.11834002279998018
6639,54.18,38.63,0.78,0.0792,380.4469696969697,378.67,1.0046926603559028,0,28.53786555840736,0.7934900379105605
6640,421.56,425.44,0.82,0.0203,17185.261083743844,457.99,37.52322339733148,3,378.7732298695984,0.12274881357346672
6641,63.03,50.21,0.77,0.0604,640.0943708609271,226.09,2.8311485287315987,0,56.53052855104009,0.7600885151223311
6642,230.09,165.54,0.81,0.0949,1412.9336143308747,46.69,30.262017869583953,0,189.11814774703913,0.762252605107636
6643,62.99,55.93,0.81,0.0162,2796.5,457.92,6.106961914744933,1,36.56348293495233,0.10937355036864412
6644,102.78,95.34,0.79,0.0809,931.008652657602,55.08,16.902844093275274,0,112.16388714623679,0.7466314858268338
6645,92.25,97.48,0.77,0.0822,913.1338199513383,43.74,20.876401919326433,0,102.53767420096406,0.7519017766053502
6646,80.31,91.8,0.84,0.069,1117.5652173913043,207.85,5.376787189758501,0,93.28460162665013,0.7869435265910042
6647,58.65,59.76,0.85,0.0709,716.4456981664315,49.97,14.337516473212558,0,72.49783609867164,0.7904540063412768
6648,215.32,162.91,0.83,0.0743,1819.8559892328394,225.47,8.07138860705566,0,174.48307701299873,0.7298489102348537
6649,82.4,73.67,0.82,0.0937,644.710779082177,376.96,1.7102896304174902,0,94.50190457563593,0.7776242658701915
6650,421.08,370.11,0.82,0.019,15973.168421052633,354.98,44.99737568610241,3,379.4238924695974,0.1410714829486993
6651,144.56,163.92,0.76,0.0282,4417.702127659574,361.5,12.22047614843589,1,151.43480764929112,0.1375186659851526
6652,439.99,476.42,0.81,0.0707,5458.277227722773,213.4,25.57768147948816,2,418.3460091769105,0.7395291185117864
6653,156.91,127.3,0.83,0.0768,1375.7682291666665,45.47,30.256613792977053,0,121.44357159373996,0.7542607883191191
6654,68.74,48.3,0.8,0.0291,1327.8350515463917,433.94,3.0599508032133285,1,43.256340138862356,0.11367692031914414
6655,473.18,386.01,0.82,0.0542,5840.0036900369,49.14,118.84419393644484,2,408.43032575410575,0.745889381985221
6656,66.71,76.39,0.79,0.071,849.9732394366198,341.06,2.4921516432200193,0,79.32560322745283,0.7706003238605758
6657,79.91,84.64,0.77,0.0526,1239.0266159695816,52.3,23.690757475517813,0,89.18183715739553,0.7606133137149049
6658,71.36,62.19,0.76,0.0152,3109.5,335.53,9.267427651774804,1,85.22205492375589,0.12349554550533752
6659,411.55,384.07,0.87,0.0188,17773.452127659573,181.51,97.91996103608382,3,372.66376285730485,0.13153587271697695
6660,99.56,79.06,0.77,0.0542,1123.1771217712178,46.62,24.092173354165975,0,88.0774495654459,0.7234043691834497
6661,307.96,217.28,0.81,0.0917,1919.2671755725191,350.12,5.481741047562319,2,259.92690172441104,0.7525037484782001
6662,196.36,194.95,0.86,0.0743,2256.4872139973077,53.49,42.18521618989171,0,196.18879582627306,0.7251972991835415
6663,74.39,73.83,0.87,0.0124,5180.008064516129,221.01,23.43788998016438,1,86.11693131457521,0.12967266740774414
6664,156.82,142.22,0.76,0.0512,2111.078125,407.51,5.180432688768374,0,159.16097140426464,0.7293886677079904
6665,99.99,102.31,0.88,0.0177,5086.598870056498,378.99,13.421459326252664,1,109.76437037942375,0.14321515578163355
6666,432.62,365.19,0.8,0.0249,11733.012048192772,200.64,58.47793086220481,3,391.7039743077992,0.1268494133940937
6667,144.65,127.03,0.86,0.0879,1242.8418657565414,372.91,3.3328198915463285,0,131.31049935177995,0.7518908321908125
6668,456.11,512.05,0.81,0.0288,14401.406249999998,182.45,78.93344066867634,3,433.98116251081973,0.12913242099888944
6669,155.02,135.55,0.77,0.0588,1775.059523809524,180.0,9.8614417989418,0,118.82550153505551,0.7528509345281057
6670,68.02,46.91,0.84,0.0921,427.843648208469,448.86,0.9531783812513234,0,41.840171067222315,0.780196607446356
6671,63.78,62.16,0.88,0.0754,725.474801061008,214.76,3.3780722716567704,0,75.67900230923718,0.7696482585194642
6672,157.69,155.73,0.76,0.0719,1646.1029207232266,44.02,37.394432547097374,0,160.71960236303772,0.7243338947490442
6673,103.53,81.32,0.83,0.0984,685.930894308943,174.71,3.926111237530439,0,74.87401520102237,0.7469166443766904
6674,156.12,139.12,0.86,0.021,5697.295238095237,397.49,14.33317879215889,1,138.75194119146357,0.1194135810563356
6675,65.64,66.56,0.82,0.054,1010.7259259259259,350.74,2.8816956318809543,0,77.08752117609616,0.7625888385157223
6676,162.69,166.05,0.76,0.0619,2038.7399030694673,401.09,5.082998586525387,0,146.53683770033166,0.7081193702109436
6677,77.64,68.19,0.77,0.0195,2692.630769230769,47.77,56.366564145504896,1,50.601943837422354,0.09687093882420186
6678,53.93,41.7,0.77,0.0584,549.8116438356165,173.37,3.171319396871526,0,27.872103597327083,0.7681508152820357
6679,236.64,252.65,0.85,0.0154,13944.967532467532,373.26,37.35993016253425,3,232.30798357109134,0.12988660452848688
6680,354.79,292.77,0.87,0.0185,13768.102702702701,227.72,60.460665302576416,3,320.9435322486304,0.13806557015900395
6681,77.01,69.75,0.83,0.052,1113.3173076923076,340.61,3.268598419577545,0,67.3903071644403,0.7686620432581769
6682,71.68,60.07,0.75,0.0283,1591.9611307420496,191.29,8.322239169543884,1,46.5345970301227,0.11483701438532667
6683,86.77,64.69,0.8,0.0284,1822.2535211267605,409.97,4.444846015871309,1,59.61945369999792,0.11101720716800127
6684,472.1,529.94,0.89,0.0851,5542.263219741481,203.6,27.221332120537728,2,447.5845757334007,0.7524506916109632
6685,182.67,179.75,0.8,0.0703,2045.5192034139404,346.45,5.9042263051347685,0,164.8669798152542,0.7284016060896614
6686,76.31,62.29,0.85,0.081,653.6604938271605,217.36,3.007271318674827,0,49.98056922125619,0.766698161628125
6687,329.69,265.78,0.89,0.0943,2508.422057264051,384.68,6.520801854175032,2,298.35334782586835,0.738177303103021
6688,87.94,88.99,0.85,0.0169,4475.828402366864,378.41,11.827986581662387,1,79.73223411835669,0.12699327292331308
6689,51.16,50.68,0.85,0.0128,3365.4687499999995,47.67,70.59930249632892,1,47.22522820092627,0.11113705695717817
6690,101.94,105.6,0.83,0.0977,897.1136131013305,382.77,2.343740661758577,0,112.06689743345292,0.7394585247438288
6691,276.81,249.88,0.79,0.0607,3252.1449752883036,57.43,56.62798146070527,2,226.79755409813836,0.7572510312673287
6692,148.16,151.87,0.87,0.018,7340.383333333334,48.38,151.72350833677828,1,134.49772200098087,0.10243786203398571
6693,55.65,58.11,0.87,0.0913,553.7316538882803,331.77,1.6690226780247772,0,70.27488299356679,0.7672442503998124
6694,487.37,541.46,0.87,0.0585,8052.482051282052,440.93,18.26249529694521,2,459.45527334248715,0.680974323448555
6695,179.35,167.24,0.85,0.0277,5131.913357400722,362.06,14.174206919849533,1,161.69741961315583,0.14520484543573162
6696,185.33,156.68,0.76,0.0244,4880.196721311475,365.67,13.345904015400428,1,148.2909354088825,0.12099386785847073
6697,125.63,95.14,0.9,0.0113,7577.522123893806,198.66,38.14316985751437,1,93.03741474069992,0.08750018352953576
6698,174.41,156.82,0.81,0.0892,1424.0381165919282,52.16,27.301344259814577,0,138.1824778373276,0.7450552715268447
6699,174.79,160.44,0.85,0.0124,10997.90322580645,178.48,61.619807405907956,1,177.8508269521548,0.13448254495314646
6700,391.81,289.69,0.78,0.0686,3293.851311953353,177.01,18.608278130915505,2,336.8514962575498,0.7513664271377211
6701,102.18,95.92,0.76,0.0749,973.2870493991991,49.42,19.694193634140007,0,91.69173289457657,0.737926783173662
6702,76.63,57.65,0.78,0.0108,4163.61111111111,327.38,12.717976391688895,1,49.4734192430321,0.11021666356806974
6703,153.84,119.91,0.82,0.0739,1330.530446549391,54.19,24.553062309455452,0,119.53267847719684,0.7503516118569106
6704,464.55,321.29,0.88,0.0181,15620.729281767955,181.23,86.19284490298492,3,402.7559291710818,0.10465281093146599
6705,287.96,308.44,0.77,0.0507,4684.394477317554,173.94,26.93109392501756,2,277.81678809110144,0.7125248197412184
6706,418.86,331.55,0.88,0.0958,3045.553235908142,452.43,6.731545732838543,2,380.4954261131845,0.7446710797413286
6707,175.86,198.62,0.84,0.0861,1937.7560975609756,50.1,38.677766418382745,0,177.95047538831878,0.7310004854066691
6708,138.71,106.11,0.82,0.0831,1047.054151624549,47.62,21.987697430166925,0,105.71953953566778,0.7499433685388956
6709,185.17,179.37,0.87,0.0169,9233.84023668639,217.07,42.53853704651214,1,187.29641908816384,0.1330360098072191
6710,199.82,160.56,0.83,0.0776,1717.3298969072166,319.16,5.38078047658609,0,160.84610141710425,0.7580767311834797
6711,145.24,132.15,0.82,0.0266,4073.7969924812032,42.86,95.04892656279056,1,150.12187414361983,0.10467948179029243
6712,115.98,107.57,0.78,0.0907,925.0782800441015,184.65,5.00990132707339,0,124.2760251725431,0.7225181763586845
6713,60.18,59.57,0.84,0.0508,985.015748031496,316.68,3.1104450803066057,0,55.38906331772327,0.7834834130342049
6714,197.0,212.04,0.86,0.0989,1843.8260869565215,376.47,4.897670696088722,0,199.39909596738642,0.7018838579544174
6715,115.74,85.27,0.76,0.0854,758.8430913348946,47.07,16.121586813998185,0,85.37466217756042,0.7266260104396375
6716,143.59,126.67,0.82,0.0547,1898.892138939671,371.27,5.11458544708614,0,128.94443085025392,0.7373060856294034
6717,66.54,47.08,0.77,0.0129,2810.2015503875964,216.1,13.004171912945843,1,39.4935404102863,0.12496156277144457
6718,101.04,85.64,0.76,0.0786,828.0712468193384,50.45,16.41370162179065,0,90.28662496626126,0.7418881357224382
6719,429.41,346.56,0.88,0.0207,14732.985507246378,50.36,292.5533261963141,3,370.2795011947335,0.10792363969838771
6720,156.1,153.88,0.83,0.0771,1656.5551232166017,49.33,33.581089057705285,0,160.9397059018013,0.7390693437334944
6721,121.17,105.41,0.84,0.0925,957.2367567567567,330.38,2.897381066519634,0,88.84397710884863,0.7656870352169789
6722,194.84,173.54,0.82,0.0903,1575.8892580287927,390.4,4.036601583065555,0,157.4810274207934,0.7430221433751905
6723,445.88,487.05,0.76,0.092,4023.4565217391305,56.79,70.84797537839638,2,422.67130051756556,0.7288040391333775
6724,121.3,129.57,0.76,0.0218,4517.119266055046,181.38,24.904175025113275,1,128.45660776695112,0.12896513470744414
6725,227.19,198.67,0.8,0.0115,13820.521739130436,326.75,42.29692957652773,1,184.9555188799274,0.12122448901994311
6726,394.72,360.92,0.88,0.0742,4280.452830188679,199.34,21.473125464977823,2,338.0195148555676,0.7414779095078202
6727,94.6,84.96,0.78,0.0241,2749.7427385892115,206.3,13.328854767761568,1,86.48921204050451,0.13065795468465957
6728,143.81,121.24,0.88,0.0109,9788.183486238531,198.62,49.28095602778437,1,109.81049304057157,0.1194672778337963
6729,427.02,312.63,0.79,0.0961,2570.007284079084,352.29,7.29514685083052,2,368.3037922952089,0.7431970273298805
6730,95.73,88.01,0.79,0.0903,769.9656699889258,380.86,2.0216501338783956,0,108.12953525549506,0.7770760832431377
6731,198.73,200.07,0.9,0.0123,14639.268292682926,375.22,39.015159886687606,1,198.61390245988684,0.13857580066238617
6732,302.08,241.11,0.83,0.0661,3027.5537065052945,216.8,13.964731118566856,2,252.62828766700653,0.7415663662848465
6733,117.24,130.08,0.82,0.0192,5555.5,396.85,13.998992062492125,1,123.65720930408531,0.13799809959169718
6734,386.72,375.68,0.76,0.0679,4204.960235640648,422.88,9.943625226164983,2,367.25104633962945,0.7361110497293174
6735,339.24,318.89,0.83,0.0274,9659.806569343065,394.29,24.49924311887967,2,307.6932580532551,0.13835034419770387
6736,379.56,343.49,0.79,0.0196,13844.75,393.42,35.19076305220884,3,362.85133658829704,0.11991750468745714
6737,88.17,86.84,0.81,0.0785,896.0560509554141,55.7,16.087182243364705,0,79.15389626779731,0.7747614734277454
6738,91.76,83.89,0.83,0.0783,889.2554278416346,208.11,4.273006716840299,0,84.04819929826137,0.764188058295904
6739,95.9,109.08,0.9,0.0666,1474.0540540540537,181.1,8.139448117360871,0,107.92729264717417,0.755652109240302
6740,173.29,150.94,0.78,0.0276,4265.695652173913,51.71,82.49266393683838,1,155.64116229726318,0.12619262596800507
6741,143.53,141.93,0.88,0.0227,5502.132158590309,348.48,15.7889467360833,1,149.69252857148678,0.12784147787494887
6742,71.18,56.92,0.8,0.0773,589.0815006468306,355.4,1.6575168842060513,0,44.03035756790072,0.7863441993722349
6743,305.55,275.74,0.79,0.0679,3208.1678939617086,347.42,9.234263698007336,2,294.1478901780705,0.7214848709385134
6744,83.79,72.06,0.9,0.0208,3117.9807692307695,213.13,14.629478577538448,1,94.95656820571978,0.11866548689979592
6745,54.08,49.6,0.77,0.0186,2053.3333333333335,225.18,9.118631021109039,1,47.789723314566544,0.14216568356141973
6746,315.15,317.53,0.82,0.0988,2635.3704453441296,392.98,6.70611849291091,2,284.34663766445243,0.7298740398981787
6747,74.6,78.22,0.77,0.0874,689.1235697940504,418.04,1.648463232690772,0,86.2860892584964,0.761791035164176
6748,476.35,500.74,0.76,0.0102,37310.03921568627,52.42,711.7519880901616,3,449.72236147877,0.1339411158778392
6749,82.33,90.52,0.82,0.0228,3255.5438596491226,426.49,7.633341601559526,1,92.41755182459961,0.14253867386351798
6750,84.63,79.46,0.9,0.053,1349.3207547169811,391.9,3.443023104661856,0,94.91662910881627,0.6941985937304345
6751,154.12,148.48,0.86,0.0521,2450.917466410748,337.85,7.254454540212366,0,158.72878096773223,0.7356095480090269
6752,154.41,109.45,0.87,0.019,5011.6578947368425,46.88,106.90396533141728,1,118.99837779505944,0.09067526340252412
6753,178.61,182.37,0.78,0.0217,6555.235023041475,225.98,29.008031786182297,1,158.95099715223893,0.1360308629974416
6754,89.72,75.96,0.85,0.093,694.2580645161289,319.82,2.170777513964508,0,82.82570218015323,0.7762468988342683
6755,452.92,386.44,0.81,0.0868,3606.179723502304,380.6,9.47498613636969,2,409.94846516063524,0.7475123724041534
6756,283.87,227.73,0.83,0.0556,3399.56654676259,456.44,7.448003125849159,2,234.2713825850547,0.6322818201294785
6757,86.94,83.74,0.84,0.0742,948.0,216.38,4.381181255199187,0,78.75436322537541,0.7830321533758621
6758,49.71,53.98,0.82,0.0953,464.46589716684156,358.03,1.2972820634216171,0,63.49094684501493,0.7695782675227918
6759,114.7,102.47,0.78,0.0562,1422.181494661922,46.09,30.856617371705834,0,121.6550364352087,0.7154930458066464
6760,381.46,330.86,0.85,0.0221,12725.384615384613,45.52,279.5559010409625,3,363.6767935198265,0.12292555376461037
6761,97.5,99.14,0.85,0.0105,8025.619047619046,47.59,168.640870931268,1,86.75920933587999,0.1067477862491131
6762,148.8,127.73,0.85,0.0735,1477.1496598639455,44.51,33.18691664488757,0,135.02227804486085,0.7406151913429043
6763,365.03,282.21,0.85,0.0886,2707.4322799097063,311.39,8.694666752014214,2,331.10647104843355,0.7386332922520833
6764,164.67,141.41,0.85,0.0656,1832.294207317073,364.39,5.028387736537976,0,167.56520328479294,0.7267120382147992
6765,242.33,191.61,0.88,0.097,1738.3175257731957,395.4,4.396351860832564,0,218.29115206522107,0.7393325574619266
6766,178.45,137.45,0.75,0.093,1108.4677419354837,349.15,3.1747608246755945,0,143.47753627339915,0.7307438585711872
6767,392.78,391.47,0.82,0.0107,30000.504672897197,356.56,84.13872748737154,3,354.0394955136188,0.15069869670511127
6768,115.4,80.75,0.86,0.0271,2562.5461254612546,202.13,12.677712984026392,1,84.8874488863519,0.11480258906557582
6769,102.98,89.59,0.77,0.0127,5431.834645669292,201.08,27.013301400782233,1,92.81970422272893,0.12635647664861815
6770,54.42,43.28,0.8,0.013,2663.3846153846152,385.72,6.904968929235236,1,46.09147892154273,0.12812299379785402
6771,75.33,60.54,0.77,0.0107,4356.616822429907,348.24,12.510386005139866,1,48.05133065101856,0.11021666356806974
6772,60.57,66.57,0.88,0.0168,3487.0,43.39,80.36413920258124,1,74.18584425013556,0.11602096509080172
6773,99.94,83.49,0.77,0.0156,4120.9807692307695,407.39,10.11556682596718,1,89.64565441817382,0.13962808835664314
6774,49.17,50.13,0.86,0.0282,1528.7872340425533,321.55,4.754430832040284,1,64.1262713715178,0.16641741267095
6775,395.12,401.87,0.88,0.0242,14613.454545454546,190.58,76.67884639235253,3,358.4248367913317,0.13796998840271604
6776,141.21,123.69,0.82,0.0921,1101.257328990228,342.72,3.213285857231057,0,126.42286272232334,0.7566385485747912
6777,166.46,125.54,0.89,0.0145,7705.558620689655,42.68,180.54261060659923,1,130.19366098031415,0.08076661230159299
6778,298.81,274.1,0.87,0.0296,8056.3175675675675,210.49,38.27411073004688,2,250.43234464071503,0.1175018715839066
6779,61.67,59.21,0.84,0.0618,804.7961165048542,391.59,2.0552008899738357,0,72.8859064514792,0.7810965785171327
6780,63.1,57.23,0.81,0.0756,613.1785714285714,354.63,1.7290657063095944,0,36.868595396446295,0.7906163610315947
6781,368.16,277.09,0.76,0.026,8099.553846153845,204.68,39.57178935975105,2,313.4341504681583,0.1150037307745619
6782,326.34,278.66,0.85,0.026,9110.038461538461,336.83,27.046398662644247,2,295.76909125446707,0.14341271770305156
6783,193.69,159.53,0.76,0.0744,1629.6075268817206,307.23,5.304194013871434,0,174.96078451268795,0.7280038537148075
6784,178.68,154.93,0.85,0.0776,1697.042525773196,182.59,9.294279674534181,0,161.11849579805278,0.7468440583521643
6785,94.63,96.48,0.85,0.0508,1614.3307086614172,48.61,33.20984794613078,0,85.22298813817198,0.7638062698257362
6786,61.73,42.2,0.88,0.0538,690.2602230483271,53.15,12.987022070523558,0,34.376510895630815,0.7570500365294355
6787,85.72,76.8,0.77,0.0993,595.5287009063444,372.51,1.598691849631807,0,77.75627387230365,0.7690421453872659
6788,437.79,418.16,0.85,0.0963,3690.924195223261,391.02,9.439220999496857,2,397.58076346487485,0.7369656110655377
6789,79.91,72.93,0.86,0.0255,2459.6000000000004,201.48,12.207663291641852,1,53.669019725618384,0.11871847173553238
6790,288.47,271.95,0.87,0.0943,2508.976670201485,415.73,6.0351109378719,2,278.98021886675645,0.7331332810484699
6791,58.4,63.21,0.85,0.0106,5068.726415094339,455.79,11.120749501073606,1,70.54094949584649,0.11014642042478792
6792,498.04,427.57,0.84,0.0662,5425.359516616314,199.51,27.19342146567247,2,432.11918355285036,0.6677057257937861
6793,90.22,80.53,0.81,0.0646,1009.7414860681115,44.79,22.543904578435175,0,62.47205324495275,0.7847148683641388
6794,241.13,167.19,0.79,0.0584,2261.6455479452056,52.98,42.68866643913186,0,197.00151234081838,0.7540672578019689
6795,127.75,99.98,0.81,0.0103,7862.504854368932,201.5,39.019875207786264,1,93.36409035663465,0.1195680421057133
6796,70.09,56.66,0.84,0.0142,3351.718309859154,384.14,8.72525201712697,1,42.83544365503528,0.11467513348214502
6797,417.55,398.71,0.9,0.0959,3741.803962460897,410.39,9.11767821452983,2,377.0960987688749,0.7797879399505294
6798,63.05,55.47,0.87,0.0761,634.1511169513797,187.98,3.3735031224139784,0,37.641426390818054,0.7643777350130779
6799,328.02,269.03,0.85,0.0601,3804.9168053244584,53.71,70.84186939721576,2,295.13887198333714,0.7563297330654664
6800,63.6,46.42,0.78,0.0895,404.55418994413407,45.15,8.96022569089998,0,39.17591733792284,0.7812680933368585
6801,87.37,65.54,0.9,0.0729,809.1358024691358,458.36,1.7652844979255078,0,59.61761094049109,0.677673809882323
6802,424.3,467.68,0.85,0.0532,7472.330827067671,297.8,25.091775779273576,2,401.2087104979649,0.7312114565849973
6803,279.24,284.44,0.77,0.0781,2804.338028169014,424.54,6.605592001151867,2,269.92354074858815,0.7331820610408941
6804,83.84,77.04,0.88,0.0247,2744.7449392712556,215.33,12.746690843223217,1,57.86515426839149,0.11608567512359905
6805,394.05,380.15,0.84,0.0181,17642.320441988944,198.66,88.80660647331594,3,375.9185662059681,0.13372692695767946
6806,59.01,47.08,0.89,0.0148,2831.1621621621616,50.58,55.973945475724825,1,34.55806601104007,0.11550160268144417
6807,170.8,154.66,0.84,0.0957,1357.5172413793105,48.21,28.158416124856057,0,136.18976332141781,0.7428207581477032
6808,82.11,75.19,0.81,0.011,5536.7181818181825,54.02,102.4938574938575,1,72.75827806954602,0.1190122958519449
6809,438.58,443.76,0.87,0.0189,20427.04761904762,47.57,429.4102926013794,3,417.0442188831281,0.11291437057646664
6810,60.3,59.46,0.81,0.0878,548.5489749430525,44.19,12.413418758611733,0,73.44585872382727,0.7625629476440636
6811,161.71,154.3,0.81,0.0845,1479.0887573964499,226.55,6.528751963789229,0,148.0579208872188,0.74810560655527
6812,70.45,56.5,0.82,0.0244,1898.7704918032784,395.12,4.805553988163794,1,43.532707703230614,0.11551182606663282
6813,249.8,208.07,0.86,0.0505,3543.370297029703,371.63,9.534672381211697,0,204.08655378153668,0.7306801744920086
6814,106.99,109.51,0.86,0.0981,960.0265035677879,57.45,16.710644100396657,0,115.62578192023142,0.7211544001297624
6815,165.58,154.78,0.77,0.012,9931.716666666665,392.43,25.308250303663495,1,147.14553576457618,0.12061383316668815
6816,76.59,66.54,0.78,0.0659,787.5751138088013,382.19,2.0606900070875778,0,69.12110844697811,0.7565969081547823
6817,411.09,356.27,0.85,0.0544,5566.71875,204.34,27.242432954879124,2,352.1419134579834,0.7392899103678858
6818,487.52,478.82,0.82,0.0618,6353.275080906148,226.44,28.05721198068428,2,459.455990383591,0.7405205885707278
6819,88.27,78.88,0.81,0.0182,3510.5934065934066,352.48,9.959695320566858,1,62.21735563835543,0.12652895152770266
6820,466.7,433.81,0.81,0.0934,3762.1638115631695,50.74,74.14591666462691,2,421.1590774875649,0.7455201565217904
6821,318.9,310.7,0.77,0.0711,3364.8241912798876,221.72,15.176006635756304,2,287.04990825732375,0.7250919923995821
6822,241.71,193.12,0.76,0.0216,6794.962962962962,179.09,37.941610156697536,1,196.494436384442,0.1217663719327983
6823,56.79,49.09,0.88,0.0247,1748.9554655870447,395.93,4.417335048081845,1,71.16580514192086,0.11963896016708034
6824,171.1,136.31,0.89,0.0826,1468.7154963680384,57.05,25.74435576455808,0,136.39242484808307,0.7420533386030173
6825,102.59,114.37,0.77,0.0998,882.4138276553107,357.98,2.464980802433965,0,112.41505976910594,0.7250947053225824
6826,305.6,298.49,0.86,0.0155,16561.380645161287,325.01,50.95652639968397,3,295.69815190799585,0.13722413367606257
6827,188.31,189.68,0.76,0.0277,5204.216606498196,374.94,13.880131771745335,1,189.76058998737474,0.14217894926511535
6828,89.03,66.6,0.88,0.0736,796.3043478260869,423.6,1.8798497351890624,0,60.575993090596285,0.7756727209030947
6829,150.29,124.47,0.81,0.051,1976.8764705882354,42.61,46.39466018747326,0,135.16344865718673,0.706989963143335
6830,146.26,160.61,0.89,0.0209,6839.373205741627,424.5,16.11159765781302,1,150.67574026858307,0.14834860446421724
6831,65.94,62.81,0.76,0.0135,3535.970370370371,341.26,10.361514301032559,1,59.80613048529612,0.13718821576410145
6832,350.52,289.31,0.79,0.0531,4304.235404896423,202.4,21.265985202057422,2,315.3565474692234,0.7378318067835491
6833,138.7,158.29,0.87,0.099,1391.0333333333333,386.24,3.6014740403203533,0,144.62985374601448,0.755229237804469
6834,461.41,382.37,0.76,0.0706,4116.164305949009,442.59,9.300174667184097,2,397.83023333450404,0.7449487168826837
6835,193.87,181.25,0.82,0.091,1633.2417582417581,445.92,3.662634011127014,0,196.34541927810602,0.717486119034204
6836,65.22,64.71,0.76,0.0181,2717.10497237569,45.57,59.62486224217007,1,58.379387113757986,0.10238399722152508
6837,255.67,216.72,0.9,0.058,3362.8965517241377,229.41,14.658892601561126,2,228.88638087589092,0.7249534869546125
6838,61.03,42.32,0.77,0.0121,2693.090909090909,346.7,7.767784566169337,1,34.49906829329353,0.12189341669948144
6839,107.55,83.56,0.88,0.0555,1324.9153153153156,318.53,4.1594679160999455,0,96.51682394206107,0.7313832944994065
6840,134.72,110.76,0.83,0.0178,5164.651685393259,48.62,106.22483927176593,1,122.03268088828128,0.09798223358994075
6841,149.45,140.69,0.81,0.0673,1693.297176820208,366.16,4.624473390922569,0,154.34419452660902,0.7449404968168614
6842,49.69,53.81,0.87,0.082,570.9109756097562,51.61,11.06202239119853,0,64.04321376067705,0.7650920559976174
6843,355.87,288.81,0.75,0.023,9417.717391304348,196.61,47.90050043896215,2,303.31547811421433,0.10366459087687652
6844,187.22,163.21,0.85,0.0831,1669.4163658243083,44.58,37.44765288973325,0,189.77369618415045,0.7162982294618978
6845,274.91,251.28,0.88,0.0566,3906.826855123675,44.02,88.75117799008802,2,246.61128876551237,0.7238148266587556
6846,322.59,268.62,0.87,0.0719,3250.339360222531,51.44,63.187001559535986,2,289.932336787469,0.7497481205124632
6847,162.86,186.39,0.88,0.0654,2508.0,373.2,6.720257234726688,0,164.17792523314267,0.7346392166894282
6848,125.24,95.09,0.84,0.0551,1449.6479128856627,55.93,25.91896858368787,0,92.92959482390874,0.7528928810823821
6849,170.31,156.51,0.88,0.0897,1535.438127090301,200.86,7.644320059196957,0,154.68870448068026,0.7315885902855088
6850,445.48,363.64,0.76,0.0253,10923.573122529644,449.99,24.275146386652246,2,383.70031265290396,0.1275886935863622
6851,114.46,97.83,0.89,0.0707,1231.5233380480906,187.7,6.561125935258874,0,84.53178717689192,0.7391530078596518
6852,72.24,76.28,0.84,0.0718,892.4122562674094,52.72,16.927394845739936,0,81.94695128630924,0.7322584498203851
6853,200.82,174.82,0.8,0.0178,7857.078651685393,419.61,18.724717360609596,1,199.0588465581356,0.13473948427259527
6854,150.05,147.38,0.88,0.0597,2172.435510887772,45.89,47.34006343185383,0,132.4316107533462,0.742991710557587
6855,339.43,295.5,0.8,0.0255,9270.588235294119,195.77,47.354488610584454,2,306.9930547523563,0.1331498209927968
6856,108.72,88.9,0.8,0.0545,1304.954128440367,189.37,6.891028824208517,0,75.50984878955524,0.7654825531630695
6857,80.46,72.12,0.85,0.0138,4442.173913043478,301.04,14.756091924805599,1,73.82208823808942,0.1242919052629156
6858,80.56,71.0,0.81,0.0571,1007.1803852889668,192.72,5.22613317397762,0,69.65453627659559,0.7685929825762345
6859,355.4,365.32,0.77,0.0905,3108.247513812155,324.0,9.59335652411159,2,321.59221252889154,0.7317219520993864
6860,173.32,179.32,0.83,0.0652,2282.754601226994,306.75,7.441742791286044,0,176.7293860492069,0.736924278759275
6861,97.56,68.84,0.89,0.0231,2652.2770562770565,380.63,6.968124047702642,1,69.84100573582407,0.1217430611709725
6862,387.43,298.92,0.85,0.071,3578.6197183098593,420.59,8.508570622957892,2,328.61248883322406,0.7370942745844873
6863,335.35,327.66,0.83,0.0212,12828.198113207549,343.87,37.305371545082586,3,303.1414762694285,0.13627526751136324
6864,133.3,124.86,0.78,0.0577,1687.8821490467938,56.32,29.969498385063808,0,118.82075039724822,0.7361443410850057
6865,261.11,284.39,0.82,0.0713,3270.684431977559,398.42,8.209137171772399,2,253.43349852149532,0.7194120323332784
6866,249.49,222.97,0.81,0.0686,2632.736151603499,51.37,51.250460416653674,2,222.96084892342157,0.7447979827599699
6867,86.88,80.03,0.81,0.0561,1155.5133689839574,174.78,6.611244816248755,0,78.74427215110333,0.7892443923942979
6868,132.5,117.1,0.88,0.0181,5693.259668508286,401.74,14.171503132643716,1,137.97625085866142,0.14887454451304044
6869,480.99,446.6,0.87,0.0151,25731.258278145695,448.69,57.34751895104793,3,452.34086722414696,0.1369538663440558
6870,430.29,400.19,0.86,0.069,4987.8753623188395,206.72,24.128654035985097,2,389.328106983195,0.7461071632286332
6871,80.48,67.95,0.84,0.0944,604.6398305084747,54.93,11.007460959557157,0,73.89342905556789,0.7699653303670894
6872,113.39,108.78,0.9,0.0652,1501.5644171779143,54.92,27.340939861214753,0,120.09423253494877,0.750227432005016
6873,145.85,150.31,0.79,0.0279,4256.089605734767,49.11,86.66441876877963,1,130.68834583880584,0.12998182977773126
6874,80.71,65.98,0.87,0.0214,2682.3644859813085,431.24,6.220119854330091,1,71.89447225328352,0.12743260385145824
6875,89.51,90.81,0.81,0.0955,770.2209424083769,194.89,3.9520803653772743,0,100.48750419918525,0.7726027397122305
6876,79.87,78.39,0.88,0.0978,705.3496932515337,316.31,2.2299316912254867,0,92.60974007198017,0.7669960948986104
6877,300.75,268.48,0.77,0.0513,4029.8167641325535,189.92,21.218496020074525,2,270.3754341884407,0.7329790238458681
6878,76.6,69.28,0.86,0.0123,4843.967479674797,56.05,86.42225655084384,1,86.70093151167373,0.13032255365560932
6879,265.3,203.05,0.82,0.0834,1996.4148681055156,184.08,10.845365428647954,0,220.8834075566972,0.7284194363009457
6880,407.5,281.03,0.83,0.0611,3817.592471358428,219.96,17.35584866047658,2,348.59729573161906,0.7395197704255229
6881,400.14,355.62,0.87,0.0911,3396.151481888035,210.0,16.17214991375255,2,343.2241416087163,0.7527995675552313
6882,496.89,444.54,0.78,0.0816,4249.279411764706,172.08,24.693627450980394,2,451.8430964409429,0.674421262389593
6883,428.45,418.8,0.86,0.0981,3671.437308868501,311.11,11.801090639543894,2,408.74957376359,0.7442456361855679
6884,158.42,162.53,0.76,0.0955,1293.4324607329843,346.83,3.7292981020470672,0,144.05154942731275,0.725247646157921
6885,183.7,155.18,0.87,0.0783,1724.2222222222222,314.61,5.480506729672363,0,146.7319848686192,0.7627202223108763
6886,498.07,448.41,0.85,0.0254,15005.846456692914,193.42,77.58166920014949,3,451.8116233638998,0.10496122265652369
6887,90.3,69.54,0.81,0.0728,773.7280219780221,368.17,2.1015509736752644,0,62.034123851071385,0.7833949065029767
6888,88.32,83.04,0.75,0.0899,692.7697441601781,325.7,2.1270179433840286,0,100.48970171976218,0.7676605677361659
6889,122.24,107.65,0.82,0.0253,3489.051383399209,362.46,9.626031516303065,1,109.59679536547529,0.12970194337328708
6890,51.98,50.95,0.82,0.0589,709.3208828522919,400.11,1.7728146830928793,0,63.761575261016304,0.7884864660454837
6891,179.28,141.25,0.9,0.0242,5253.099173553719,430.8,12.193823522640944,1,162.24877487010446,0.1437819562566879
6892,118.39,117.61,0.82,0.0246,3920.3333333333326,53.69,73.01794250946793,1,106.46621402500847,0.10429508067961013
6893,165.9,117.24,0.83,0.0888,1095.8243243243242,200.16,5.474741828159093,0,130.82891448384254,0.7461265786753176
6894,98.59,98.25,0.86,0.0937,901.760939167556,57.06,15.803731846609814,0,89.95070924325427,0.770802103933462
6895,481.78,483.6,0.8,0.0789,4903.4220532319405,181.29,27.047393972265105,2,436.70152075777366,0.7478017066217845
6896,139.59,131.3,0.87,0.0284,4022.218309859155,44.73,89.922162080464,1,125.40216118499191,0.10476482790309659
6897,401.29,395.62,0.87,0.0141,24410.59574468085,345.4,70.67340979930762,3,380.91621334139217,0.12983062489564876
6898,119.34,104.93,0.85,0.0848,1051.7747641509434,52.21,20.145082630740152,0,88.47927776278348,0.753784299277887
6899,183.45,131.11,0.83,0.0816,1333.5943627450981,297.88,4.4769516676013765,0,147.8064059251821,0.7531772927728805
6900,157.29,129.07,0.79,0.0217,4698.861751152073,404.97,11.602987261160266,1,141.76173233154498,0.13456238745984808
6901,135.54,111.45,0.88,0.0138,7106.956521739131,449.94,15.79534276067727,1,100.05563951580193,0.1449661997824378
6902,349.07,359.74,0.84,0.0634,4766.271293375395,336.57,14.161307583490492,2,315.42954037131244,0.7397386286508904
6903,435.06,323.86,0.79,0.0966,2648.5445134575575,53.63,49.38550276818119,2,375.06211856003154,0.7590623807412352
6904,92.24,84.36,0.83,0.0889,787.6130483689537,346.22,2.274891827072248,0,65.39563453355687,0.7919915481097377
6905,67.63,55.09,0.84,0.0251,1843.6494023904384,369.38,4.991199854866095,1,61.59518621731003,0.13631417307713484
6906,108.34,85.42,0.85,0.0261,2781.877394636015,363.6,7.650927928041845,1,99.67559399179859,0.1278951882875028
6907,389.19,290.15,0.9,0.0197,13255.583756345179,346.0,38.310935711980285,3,333.90500835256285,0.1025554923786342
6908,73.86,80.9,0.79,0.0766,834.3472584856398,189.72,4.3977823027916925,0,85.30882221433944,0.7591249887565241
6909,98.25,82.33,0.77,0.0589,1076.3005093378608,46.77,23.012625814365208,0,85.62531660503849,0.7750878913761257
6910,179.31,146.14,0.83,0.0969,1251.766769865841,367.81,3.4032972726838344,0,143.53246472956138,0.7280223237354643
6911,87.21,72.95,0.9,0.0246,2668.9024390243903,327.21,8.156543012207422,1,79.27962461679247,0.09695347395155693
6912,165.75,141.34,0.84,0.0988,1201.6761133603238,193.2,6.219855659214927,0,169.6979594480537,0.726049704697553
6913,84.02,58.89,0.87,0.0109,4700.394495412844,57.49,81.76021039159582,1,56.79283917796617,0.10405437838787654
6914,49.43,46.4,0.79,0.0998,367.2945891783567,347.02,1.0584248434624999,0,64.8335535294796,0.7632562911483298
6915,59.59,46.95,0.77,0.0523,691.2332695984705,45.31,15.255644881890763,0,52.60333289214255,0.751799317266469
6916,146.55,132.99,0.85,0.0934,1210.2944325481799,447.98,2.701670682950533,0,151.60892537454117,0.7294502691953323
6917,175.47,196.17,0.86,0.0856,1970.8668224299065,327.88,6.010939436470375,0,176.9473780622971,0.7415194218419265
6918,87.43,82.82,0.83,0.0183,3756.31693989071,191.11,19.655261053271463,1,99.25835141711049,0.12995256229262192
6919,155.15,152.3,0.75,0.0887,1287.7677564825256,453.44,2.839995934373954,0,159.61003313962436,0.7474871399128137
6920,211.85,173.73,0.85,0.0105,14063.85714285714,403.57,34.84861893316436,1,169.9312114051831,0.12475880902309143
6921,72.54,57.03,0.88,0.0197,2547.532994923858,171.25,14.876105079847346,1,65.08749786084009,0.12318386171396449
6922,90.94,93.07,0.87,0.0852,950.362676056338,44.11,21.545288507284926,0,82.37725138655583,0.7737404753253623
6923,61.32,42.56,0.85,0.0251,1441.2749003984065,50.3,28.653576548676075,1,34.30622250351496,0.10750602802820537
6924,195.53,142.49,0.81,0.0983,1174.1291963377419,50.9,23.067371244356423,0,159.06427055313952,0.7453619697040692
6925,67.1,55.77,0.85,0.0744,637.1572580645161,446.7,1.4263650281274147,0,40.717395067876225,0.7839554138637652
6926,180.64,146.85,0.82,0.0709,1698.406205923836,56.61,30.001876098283628,0,161.67920287239755,0.7618313743807106
6927,307.74,344.81,0.79,0.0594,4585.8569023569025,350.9,13.068842696941871,2,296.3047355723917,0.7325171957919787
6928,273.88,273.14,0.89,0.0218,11151.128440366972,321.74,34.6588190475756,3,247.41693506664672,0.12426806119545952
6929,154.14,140.82,0.87,0.0192,6380.90625,205.36,31.07180682703545,1,121.07766696418602,0.11129614101849655
6930,158.76,125.22,0.81,0.07,1448.9742857142858,55.54,26.08884201862236,0,124.17371651862912,0.762986016134614
6931,123.23,135.77,0.9,0.0701,1743.124108416548,382.11,4.561838497858072,0,128.4775987522272,0.7818875833197627
6932,81.47,71.27,0.82,0.052,1123.8730769230767,45.79,24.544072437717336,0,71.92853049375665,0.7643864275743455
6933,332.54,268.29,0.78,0.0975,2146.32,42.8,50.14766355140188,2,300.1148095601661,0.7511157920934225
6934,182.48,186.21,0.82,0.07,2181.3171428571427,328.68,6.636598341417618,0,167.01869987568918,0.7462387413184883
6935,118.16,99.74,0.87,0.0201,4317.104477611941,43.57,99.08433503814415,1,87.35383884531038,0.08259790506020646
6936,75.05,71.09,0.89,0.0902,701.4423503325943,387.26,1.8112956420301458,0,87.22542761543467,0.7545608806875379
6937,151.67,115.03,0.9,0.0906,1142.682119205298,200.62,5.695753759372435,0,118.23391129972924,0.7439290726907966
6938,142.58,107.36,0.82,0.0958,918.9478079331941,42.68,21.531110776316638,0,109.2190959188027,0.7385591725476739
6939,163.37,160.38,0.81,0.0563,2307.4209591474246,350.05,6.591689641900941,0,146.90430613022266,0.7347128620285747
6940,79.83,71.66,0.88,0.0241,2616.630705394191,209.69,12.478566957862515,1,53.34786587756928,0.11608567512359905
6941,179.29,167.86,0.89,0.0811,1842.1134401972874,431.07,4.2733510571306,0,161.78443211384612,0.718421536524287
6942,187.72,165.91,0.89,0.0577,2559.0970537261696,47.56,53.80775975033998,0,167.04987778753966,0.664585663688465
6943,187.07,130.7,0.75,0.0275,3564.5454545454545,312.56,11.404355818228355,1,150.01716460159145,0.1159723021562068
6944,457.93,373.5,0.8,0.0923,3237.2697724810405,53.47,60.54366509222069,2,415.8921709754701,0.7661607165665074
6945,76.06,62.56,0.85,0.0807,658.9343246592318,55.81,11.806742961104314,0,48.88633235138133,0.7728554097037542
6946,70.97,76.8,0.8,0.0533,1152.7204502814259,178.87,6.444459385483457,0,82.93636590976801,0.7818792003640667
6947,112.33,93.02,0.76,0.0763,926.5425950196592,172.34,5.376248085294529,0,82.05630480603776,0.7356854951299523
6948,319.88,316.07,0.84,0.029,9155.131034482756,52.36,174.84971418034294,3,308.8390324641158,0.12973551415152138
6949,80.35,54.99,0.88,0.0759,637.5652173913045,340.66,1.8715587899703647,0,53.72751463241046,0.7804569760732776
6950,292.23,258.04,0.88,0.0678,3349.19174041298,195.79,17.106040862214517,2,262.9454466455368,0.7456337435220836
6951,416.16,464.76,0.8,0.054,6885.333333333333,399.57,17.23185758023208,2,394.4055241564519,0.7331308211663378
6952,104.05,115.07,0.78,0.0207,4335.971014492754,53.22,81.47258576649294,1,111.59415150798466,0.11701683730287377
6953,156.24,114.97,0.89,0.0999,1024.2572572572574,216.04,4.741053773640332,0,123.87588550636458,0.7578061925532893
6954,74.15,64.26,0.77,0.0537,921.418994413408,374.91,2.457707168156112,0,65.99162345712935,0.7544773126112022
6955,50.03,38.58,0.87,0.0823,407.8323207776428,354.98,1.1488881649040588,0,26.636135249151295,0.7915996869117066
6956,148.15,124.88,0.84,0.0243,4316.83950617284,326.98,13.202151526615816,1,133.86743429515872,0.11548354707892106
6957,407.4,438.12,0.86,0.0785,4799.785987261147,45.99,104.36586186695253,2,387.77123174546995,0.7425570630735292
6958,73.56,84.15,0.85,0.0786,910.0190839694657,50.91,17.87505566626332,0,85.2551890905438,0.7692597722700417
6959,222.11,190.3,0.88,0.0695,2409.553956834532,422.09,5.708626020124931,0,179.0363707829929,0.7372165640251482
6960,242.64,182.25,0.77,0.0654,2145.7568807339453,398.31,5.38715292293426,0,198.80519452626746,0.7555735183056536
6961,431.7,400.64,0.78,0.0109,28669.651376146787,384.79,74.50726727863714,3,391.22811639914516,0.11954943727072681
6962,186.77,134.89,0.77,0.0212,4899.306603773584,46.56,105.22565729754261,1,148.76410643213168,0.10736771093756278
6963,134.0,109.37,0.86,0.0575,1635.7947826086956,196.1,8.341635811365098,0,118.17781757291397,0.7426236367350376
6964,142.28,152.8,0.86,0.0146,9000.54794520548,170.13,52.9039437207164,1,145.50890854788085,0.11576032799309596
6965,270.72,244.32,0.78,0.0287,6640.05574912892,48.4,137.1912344861347,3,242.9816035833559,0.11458335925866722
6966,152.01,157.62,0.85,0.0849,1578.0565371024736,448.04,3.5221331512866563,0,155.85079630381816,0.7381447904431778
6967,143.26,110.68,0.87,0.0704,1367.778409090909,213.16,6.4166748409218854,0,110.57270167592992,0.7731294430632712
6968,62.3,52.69,0.84,0.0123,3598.341463414634,45.04,79.89212840618636,1,35.44830336579116,0.08911949150448406
6969,87.23,68.74,0.76,0.0577,905.4142114384748,56.31,16.079101606081952,0,58.42186413930821,0.7575858691467582
6970,288.98,221.58,0.83,0.0163,11282.907975460124,451.33,24.999242185230596,1,258.6913349095151,0.13542945256997987
6971,105.59,112.62,0.89,0.0863,1161.4345307068368,369.28,3.1451325029972836,0,115.85672517942245,0.735715071752155
6972,111.59,96.29,0.79,0.0189,4024.820105820106,353.71,11.378869994685212,1,99.70235444815337,0.12766268772170702
6973,456.34,391.01,0.77,0.0182,16542.73076923077,309.83,53.392927635254075,3,432.09140449711697,0.11789523761937687
6974,84.75,68.88,0.9,0.0188,3297.4468085106378,187.05,17.62869183913733,1,58.41403379412975,0.10607389138577317
6975,152.72,141.79,0.84,0.0576,2067.770833333333,304.37,6.793609203710395,0,138.02057085801374,0.7513293089754495
6976,100.76,87.08,0.84,0.0188,3890.808510638298,209.47,18.574538170803923,1,109.00358320651195,0.141143981818521
6977,52.67,59.72,0.87,0.0891,583.1245791245792,360.47,1.617678528378448,0,67.50494617278191,0.768164948745018
6978,295.38,325.28,0.87,0.0157,18025.070063694267,435.87,41.354234206745744,3,285.19877241008373,0.1474938236203348
6979,62.46,58.3,0.8,0.0842,553.9192399049881,360.48,1.5366157343125502,0,56.1281707537257,0.7756179246864485
6980,477.94,494.3,0.76,0.0856,4388.644859813085,429.84,10.209949887895693,2,433.63196659072327,0.737078988151727
6981,58.2,45.49,0.77,0.0269,1302.1301115241636,392.78,3.3151639888084006,1,51.98365450031868,0.10801300685744428
6982,311.86,297.6,0.79,0.0157,14974.777070063697,408.99,36.61404207942419,3,279.5141748286213,0.13040430860466656
6983,415.0,339.87,0.76,0.0224,11531.303571428572,418.18,27.57497625766075,2,355.17328893157514,0.12274449011389517
6984,77.81,57.21,0.79,0.0985,458.8416243654823,56.65,8.099587367440112,0,52.53181456970691,0.7798200374076465
6985,241.73,245.6,0.87,0.0262,8155.419847328243,44.8,182.04062159214828,3,236.3707233358506,0.12451378096288465
6986,213.74,185.95,0.76,0.0648,2180.8950617283954,390.27,5.588169886817832,0,171.13845019423363,0.7518996513287359
6987,50.51,50.76,0.76,0.0176,2191.9090909090905,354.06,6.190784304663307,1,42.82794533894693,0.10091363651658608
6988,89.5,77.68,0.89,0.0832,830.9519230769233,452.32,1.8370886166362825,0,99.60706002519615,0.7781817800752209
6989,242.7,226.09,0.87,0.0696,2826.125,399.3,7.0776984723265715,0,217.78807729055785,0.7391777312359915
6990,459.5,464.56,0.86,0.0212,18845.358490566035,50.01,376.8318034506306,3,436.13204732935657,0.12063437993543669
6991,222.59,234.79,0.76,0.0863,2067.675550405562,302.04,6.845701067426704,0,220.63546575928393,0.7133800872141023
6992,489.38,562.04,0.85,0.0589,8110.933786078098,365.0,22.221736400213967,2,462.68957254215803,0.7202816066105153
6993,265.57,272.87,0.88,0.0263,9130.250950570342,50.25,181.69653632975806,3,258.4999775627623,0.13044825380064196
6994,162.76,133.06,0.77,0.0899,1139.6685205784206,417.58,2.7292219947756613,0,147.81045468596037,0.7038444885055292
6995,57.51,62.28,0.76,0.0745,635.3395973154362,45.24,14.043757677175867,0,69.19639156027262,0.7774069835393845
6996,81.71,88.33,0.85,0.07,1072.5785714285714,198.24,5.410505303816442,0,93.52648279507557,0.7564887990294464
6997,370.27,273.67,0.82,0.0596,3765.2583892617454,370.29,10.168404194716965,2,315.8891463182223,0.7447433130440464
6998,189.78,202.38,0.89,0.092,1957.8065217391304,54.54,35.89670923614101,0,192.62578691432782,0.7114104403321196
6999,181.71,164.52,0.78,0.0733,1750.6903137789905,51.88,33.74499448301832,0,144.79923802390215,0.7413445127281207
7000,216.85,174.33,0.88,0.026,5900.400000000001,360.58,16.363636363636367,1,175.3921178557101,0.12130750587685693
7001,108.66,105.84,0.8,0.0256,3307.5000000000005,209.36,15.79814673290027,1,97.46270925343373,0.11392601906737515
7002,434.04,357.15,0.79,0.0268,10527.929104477613,52.99,198.67765813318763,3,391.248112681218,0.12796319153422867
7003,94.73,89.71,0.8,0.0185,3879.3513513513517,357.64,10.847084641962175,1,105.5635496461107,0.12258764622720048
7004,153.36,143.27,0.78,0.0538,2077.1486988847582,190.49,10.904240111736879,0,156.29912119163905,0.7219910741585466
7005,139.9,107.3,0.87,0.0646,1445.0619195046438,393.99,3.667762936888357,0,104.22947184991223,0.750205664346212
7006,298.67,274.01,0.86,0.0743,3171.582772543741,352.49,8.997653188867035,2,286.7603092348849,0.7373185199016273
7007,414.75,370.13,0.86,0.0753,4227.248339973439,53.02,79.72931610662842,2,376.2823824896793,0.770163213649929
7008,90.64,76.71,0.78,0.0177,3380.4406779661012,423.78,7.976876393331685,1,59.78822073326954,0.13382576928814133
7009,52.66,48.23,0.81,0.0937,416.9295624332977,186.15,2.2397505368428563,0,29.586459775108267,0.7779052230802017
7010,62.52,57.02,0.87,0.0744,666.7661290322582,176.8,3.77130163479784,0,37.72738247835096,0.785004580255817
7011,301.91,260.72,0.8,0.0891,2340.920314253648,223.42,10.477666790142548,2,291.38559503256886,0.7394411579218846
7012,312.1,262.42,0.81,0.0275,7729.4618181818205,194.77,39.68507376999445,2,263.8354996543127,0.11455398643744363
7013,151.93,117.52,0.81,0.0233,4085.459227467811,55.27,73.91820567157248,1,119.51093307977291,0.09971777471264043
7014,64.85,53.5,0.8,0.0184,2326.0869565217395,418.5,5.558152823229963,1,57.881564517729885,0.13169599049256944
7015,217.79,213.38,0.77,0.077,2133.8,423.77,5.035278570922907,0,195.39461157051684,0.7440620762887843
7016,276.1,263.0,0.88,0.0233,9933.047210300429,50.09,198.30399701138805,3,266.1863276309496,0.14887604373985222
7017,61.54,53.31,0.77,0.0989,415.05257836198183,389.1,1.0666989934772084,0,36.09188545548355,0.769685513885388
7018,456.62,364.54,0.79,0.0631,4563.97147385103,45.05,101.30902272699291,2,391.82144108549187,0.7764810383116593
7019,91.67,89.63,0.82,0.091,807.654945054945,452.36,1.7854252034993034,0,99.9151782623783,0.7558507193391655
7020,127.68,119.75,0.78,0.0711,1313.7130801687763,303.69,4.325835819976872,0,114.35313740392786,0.7454092642055883
7021,175.47,139.14,0.76,0.0537,1969.2067039106146,53.09,37.09185729724269,0,136.69009599706766,0.7484282777711784
7022,356.39,257.88,0.86,0.0244,9089.213114754097,50.38,180.41312256359856,3,304.0032888750314,0.11811400922362593
7023,78.17,67.44,0.82,0.0288,1920.1666666666665,456.34,4.207754452089816,1,50.251954071117126,0.11743857322871892
7024,141.62,104.2,0.89,0.0575,1612.8347826086956,42.82,37.665454988526285,0,106.90597094939574,0.6825322065669774
7025,170.98,155.64,0.79,0.0805,1527.398757763975,304.05,5.023511783469742,0,135.174905137841,0.7628830768404868
7026,309.34,254.92,0.89,0.0218,10407.284403669724,182.87,56.91083503948009,3,261.1748819786259,0.1101478786318998
7027,105.93,90.75,0.87,0.0169,4671.745562130178,45.6,102.45056057303022,1,95.90249433638647,0.103013063670678
7028,196.22,153.42,0.76,0.061,1911.4622950819669,47.05,40.6261911813383,0,156.55365407816785,0.7265272094208663
7029,202.49,149.65,0.77,0.0941,1224.5536663124335,419.88,2.9164372351920393,0,162.44558327060543,0.731635897967489
7030,122.92,106.89,0.79,0.0737,1145.7679782903665,44.51,25.74181034127986,0,91.88729810636812,0.7564148749402715
7031,78.51,67.19,0.77,0.0661,782.697428139183,436.25,1.7941488324107346,0,51.1375846512187,0.7758859834830858
7032,179.36,193.13,0.77,0.0245,6069.8,209.73,28.94101940590283,1,180.46891102861863,0.14639102066242432
7033,73.53,84.02,0.81,0.0149,4567.530201342282,454.54,10.048687027197348,1,84.11261507108887,0.11492372476517598
7034,111.97,101.61,0.84,0.0646,1321.2445820433436,329.06,4.0152087219453705,0,120.44504704887375,0.7489864002586621
7035,122.22,119.93,0.78,0.0814,1149.2063882063885,198.79,5.781007033585133,0,129.1408831429677,0.7195707173010402
7036,198.96,184.06,0.79,0.0934,1556.8244111349038,438.27,3.5522039179841283,0,179.40526287687734,0.7080873390233677
7037,75.63,76.07,0.87,0.02,3309.0449999999996,212.48,15.5734422063253,1,67.7916111800338,0.1341829421690264
7038,52.31,46.82,0.89,0.0193,2159.056994818653,367.07,5.881867204671188,1,47.3375249523266,0.1418313930890209
7039,137.29,119.81,0.85,0.0858,1186.9289044289044,222.97,5.323267275547852,0,125.15180412165964,0.7589279420392713
7040,478.73,442.31,0.77,0.0595,5724.011764705883,213.94,26.755219990211664,2,452.1462972144955,0.7303914514794702
7041,138.84,126.05,0.83,0.0246,4252.90650406504,53.38,79.6722837029794,1,142.07337183331333,0.11969115609632697
7042,104.87,119.24,0.88,0.0789,1329.9264892268693,352.79,3.7697397580058087,0,114.70844140133556,0.7266715004500861
7043,179.78,145.88,0.8,0.0778,1500.0514138817484,189.21,7.927971110838477,0,141.51407108468152,0.766140609682958
7044,74.38,74.63,0.82,0.0105,5828.247619047617,55.77,104.50506758199062,1,83.53034642038472,0.133266103940647
7045,332.35,227.47,0.9,0.0955,2143.696335078534,386.21,5.550597693168313,2,279.6988944991414,0.7580673774131291
7046,250.33,275.87,0.83,0.0248,9232.745967741934,43.58,211.85741091651983,3,245.48726743645892,0.1156414317753649
7047,52.71,48.84,0.86,0.0234,1794.974358974359,447.12,4.014524867987026,1,46.50006227218931,0.13777076719867729
7048,61.27,43.87,0.85,0.093,400.96236559139777,47.65,8.414740096356722,0,36.370262554604494,0.7616041062473576
7049,143.06,126.6,0.89,0.0763,1476.723460026212,386.44,3.8213524998090573,0,109.81256584105981,0.7480655038767867
7050,96.96,106.7,0.78,0.0505,1648.039603960396,329.18,5.006499799381482,0,103.99718777672106,0.7643482004724035
7051,475.5,477.89,0.89,0.087,4888.7597701149425,383.45,12.749406102790305,2,450.11297175281186,0.7504708030619716
7052,367.44,336.9,0.86,0.0815,3555.0184049079753,352.47,10.08601697990744,2,332.41756551017374,0.7343382516661755
7053,284.29,220.08,0.81,0.0209,8529.416267942584,181.17,47.079628348747505,1,236.69366865053772,0.12386026186546013
7054,371.33,325.85,0.87,0.0144,19686.770833333336,442.24,44.51603390315967,3,316.031814219531,0.13241520762104492
7055,125.18,113.95,0.86,0.0803,1220.3860523038604,202.35,6.031065244891823,0,113.78349235348868,0.7529154226221209
7056,185.17,177.75,0.79,0.0636,2207.9009433962265,44.68,49.41586713062279,0,184.8954386918973,0.7263635732229623
7057,78.82,63.13,0.86,0.0684,793.7397660818714,180.73,4.391853959397285,0,52.05328444477723,0.7691635060799191
7058,53.97,49.73,0.8,0.0108,3683.703703703703,333.26,11.05354289054703,1,48.580970427710525,0.1218339159095582
7059,81.87,78.81,0.81,0.0952,670.5472689075631,349.43,1.9189745268224339,0,74.7604980091346,0.7710113535294486
7060,351.62,325.51,0.88,0.0586,4888.204778156996,311.44,15.695494407131378,2,338.02312128500716,0.7438389149329504
7061,462.99,345.84,0.83,0.0193,14872.911917098445,374.65,39.69815005231135,3,399.5749346787459,0.11352369535104634
7062,86.04,58.56,0.78,0.012,3806.3999999999996,46.34,82.14069917997409,1,57.780805950095,0.09550969035510808
7063,204.81,158.73,0.78,0.0243,5095.037037037037,192.84,26.421059101001024,1,183.89347143756225,0.13804611446047566
7064,131.89,113.45,0.87,0.0742,1330.2088948787061,344.48,3.861498185319049,0,98.07293425741598,0.7652751071831319
7065,370.78,378.23,0.86,0.0979,3322.5515832482124,51.34,64.71662608586311,2,356.3926359797026,0.7493403654386391
7066,51.69,38.66,0.79,0.0938,325.6012793176973,47.26,6.889574255558554,0,27.86126149363068,0.7592778723874511
7067,177.29,163.0,0.87,0.0231,6138.96103896104,360.88,17.011086895813122,1,160.0281467785188,0.13808076952990334
7068,65.54,67.06,0.84,0.0921,611.6221498371335,48.19,12.691889392760604,0,60.536346644123654,0.7562870978688143
7069,146.17,138.75,0.87,0.0761,1586.2352168199736,328.44,4.829604240713596,0,132.62570742113397,0.7542377827045966
7070,118.59,101.51,0.76,0.054,1428.6592592592594,350.86,4.071878410931025,0,105.8947198300659,0.7372330806719518
7071,272.21,235.4,0.75,0.0187,9441.176470588234,181.03,52.15255190072493,1,225.67527087878278,0.10773921436589477
7072,97.71,84.95,0.89,0.0755,1001.3973509933776,201.19,4.977371395165652,0,88.14311463530865,0.7750569079655781
7073,475.45,529.91,0.76,0.0659,6111.253414264035,216.39,28.24184765591772,2,449.9087403109824,0.7357907238032729
7074,93.35,79.92,0.8,0.0565,1131.6106194690267,45.08,25.10227638573706,0,103.34440362098466,0.7476535782962315
7075,480.53,340.42,0.76,0.0773,3346.949547218629,351.99,9.50864952759632,2,415.92733566861955,0.7266455537851556
7076,229.04,191.73,0.81,0.0778,1996.160668380463,221.09,9.028724358317712,0,206.6896672927075,0.7350313145790054
7077,262.68,301.81,0.76,0.0943,2432.402969247084,375.68,6.474667188157698,2,257.95506380375514,0.7346732857793714
7078,50.16,51.57,0.85,0.0159,2756.88679245283,48.85,56.43575828972016,1,44.70402412356232,0.10546076917973028
7079,347.52,311.22,0.78,0.0251,9671.378486055777,179.24,53.95770188605098,2,294.01524569577145,0.12387884243318828
7080,271.67,264.51,0.84,0.0254,8747.574803149606,426.67,20.501968273254754,1,263.3835753379925,0.13553298415978118
7081,49.54,52.23,0.78,0.0978,416.55828220858893,441.63,0.9432291334569411,0,63.44184761934706,0.7295173747941253
7082,197.83,156.87,0.85,0.0275,4848.709090909091,445.02,10.895485800433894,1,160.44897968826817,0.12864333417487056
7083,200.41,221.0,0.89,0.065,3025.9999999999995,190.24,15.906223717409585,0,199.44711463162201,0.7295830887089586
7084,198.01,166.93,0.89,0.0704,2110.3366477272725,321.91,6.555672851813465,0,160.65015120215008,0.7385722401168354
7085,126.74,106.49,0.78,0.0667,1245.3103448275863,217.23,5.732681235683774,0,113.20515058374774,0.7278534679320172
7086,161.43,163.5,0.84,0.0657,2090.41095890411,42.73,48.92138916227733,0,145.2890570042217,0.7157292663984706
7087,174.09,124.14,0.85,0.0758,1392.0712401055407,47.98,29.013573157681133,0,139.852751148977,0.7416144407733595
7088,182.66,203.65,0.78,0.0689,2305.471698113208,306.87,7.512861140265284,0,183.93915210846197,0.7257020178585267
7089,344.09,241.73,0.88,0.0111,19164.180180180178,54.91,349.0107481365904,3,291.0462315183821,0.12101995452985762
7090,176.95,153.53,0.84,0.0197,6546.456852791879,48.7,134.4241653550694,1,178.1353909216777,0.13389486896593267
7091,486.44,457.09,0.76,0.0264,13158.651515151516,326.27,40.330559092627325,3,442.04131318332674,0.11714653741861777
7092,131.71,103.2,0.85,0.0107,8198.130841121496,50.83,161.28528115525273,1,117.80054923844807,0.10216180891743014
7093,74.79,52.06,0.85,0.0298,1484.9328859060404,321.79,4.614602336635819,1,50.27765361010145,0.11188341715039814
7094,126.23,109.23,0.77,0.0577,1457.6620450606586,453.96,3.210992257160672,0,93.39951811847578,0.6836120654254891
7095,132.93,110.29,0.89,0.0587,1672.199318568995,337.41,4.955986243943555,0,101.3915181683792,0.7583619253791721
7096,391.03,362.55,0.81,0.0785,3740.961783439491,347.19,10.77496985350814,2,353.7136937994635,0.7340634029593103
7097,169.51,145.74,0.82,0.0687,1739.5458515283844,437.84,3.973017201553957,0,170.4300502856806,0.7292916236798307
7098,369.05,284.56,0.83,0.0878,2690.031890660592,198.13,13.577105388687187,2,333.8518061669764,0.7315485067262858
7099,84.83,71.0,0.86,0.0747,817.4029451137885,44.51,18.364478659038163,0,58.26345581468607,0.7651189722263694
7100,68.86,63.27,0.75,0.0123,3857.9268292682927,204.48,18.86701305393336,1,43.08552924978909,0.11885489800030617
7101,120.01,108.35,0.87,0.0806,1169.5347394540943,53.27,21.95484774646319,0,126.22294687183854,0.7576974763222902
7102,140.36,99.72,0.81,0.0859,940.3166472642607,322.48,2.915891364624971,0,108.86269308130105,0.7716562561143091
7103,157.69,160.65,0.9,0.0637,2269.78021978022,449.8,5.046198798977811,0,140.21083155016973,0.7693371434663422
7104,207.97,196.87,0.8,0.0758,2077.7836411609496,204.79,10.145923341769372,0,205.1609866933445,0.7300587374803738
7105,65.88,67.24,0.86,0.0184,3142.7391304347825,56.99,55.145448858304654,1,58.87947593794509,0.12738912750281403
7106,62.57,63.17,0.83,0.0997,525.8886659979939,458.48,1.1470264046370484,0,76.32093821151132,0.6355409729430732
7107,435.65,500.8,0.85,0.0638,6672.100313479625,49.04,136.05424782788793,2,412.88951532522924,0.76052194626376
7108,293.85,258.92,0.78,0.0258,7827.813953488372,44.58,175.59026364935784,3,265.83397883027646,0.12261960177225652
7109,377.74,263.57,0.84,0.0167,13257.413173652694,44.96,294.8712894495706,3,321.94982843690525,0.12146167373024098
7110,71.35,71.54,0.87,0.0215,2894.8744186046515,415.78,6.962514836222645,1,63.83287920288093,0.13963425359303142
7111,68.22,54.82,0.89,0.0599,814.5208681135226,378.15,2.153962364441419,0,60.587473951141405,0.751754183746464
7112,53.75,47.29,0.83,0.0293,1339.6143344709897,394.25,3.397880366445123,1,28.560041302752268,0.11850859560393834
7113,202.05,196.19,0.86,0.063,2678.1492063492065,389.61,6.8739231702194665,0,199.03200072918895,0.7329859588143277
7114,84.55,69.91,0.83,0.0536,1082.561567164179,207.24,5.223709550107021,0,57.09959871684876,0.7668141542789177
7115,230.59,250.48,0.82,0.0523,3927.2198852772467,321.1,12.230519729919795,2,225.6608823377033,0.7172147636715234
7116,249.64,177.73,0.9,0.0145,11031.517241379308,184.05,59.93761065677428,1,206.39564598418292,0.09198217172837704
7117,409.44,332.61,0.77,0.0912,2808.220394736842,50.14,56.00758665211093,2,351.06731074594416,0.7577395001608496
7118,51.68,52.93,0.89,0.0522,902.4463601532566,415.97,2.169498666137598,0,64.27747194963631,0.7268007331749216
7119,332.98,368.44,0.86,0.0949,3338.86617492097,367.34,9.089307385313253,2,320.89251550401684,0.7218688649146006
7120,93.12,87.21,0.75,0.0129,5070.348837209302,50.31,100.78212755335522,1,103.07541355621684,0.12749125238478898
7121,185.4,137.92,0.77,0.0122,8704.7868852459,362.3,24.026461179260004,1,147.8278308776033,0.10920421734229727
7122,111.66,93.59,0.86,0.0158,5094.13924050633,332.62,15.31519223289739,1,79.52590751416001,0.11117075675935956
7123,498.35,434.12,0.76,0.0823,4008.884568651276,344.47,11.637833682617574,2,433.2288964258308,0.7582457498837201
7124,158.99,141.3,0.81,0.0153,7480.58823529412,324.04,23.08538524655635,1,125.17276934786366,0.10166517907292995
7125,52.88,50.54,0.77,0.0566,687.5583038869258,56.23,12.227606329129038,0,65.46963573847917,0.7673437001490158
7126,134.45,110.54,0.88,0.0846,1149.825059101655,407.54,2.8213796415116428,0,101.93133374719159,0.747321401554401
7127,300.95,336.62,0.89,0.0723,4143.731673582296,53.61,77.29400622238941,2,289.9857720653964,0.7291425199512922
7128,49.31,45.55,0.77,0.0297,1180.9259259259256,394.93,2.9902158000808385,1,44.07910328324411,0.13457499301213022
7129,239.01,173.24,0.75,0.0763,1702.883355176933,53.97,31.55240606219998,0,194.50717984839724,0.7480051677959512
7130,62.22,57.24,0.89,0.06,849.0600000000002,52.56,16.1541095890411,0,74.19752593803409,0.7535278890665147
7131,74.98,62.89,0.81,0.093,547.7516129032258,373.8,1.4653601201263398,0,48.33262657536278,0.7924227996645778
7132,435.39,354.84,0.89,0.0953,3313.825813221406,53.76,61.64110515664818,2,394.98039385768976,0.7585002244512019
7133,217.11,184.72,0.78,0.0145,9936.662068965517,192.35,51.65927771752283,1,176.05042509455012,0.12095004976979604
7134,87.19,94.79,0.89,0.0981,859.9704383282365,322.13,2.669637842884042,0,98.74371457388034,0.7686884979625671
7135,169.2,175.93,0.81,0.0828,1721.0543478260872,443.97,3.8765104575221008,0,172.52109253529454,0.7182512681365952
7136,83.78,63.66,0.82,0.0725,720.0165517241379,387.49,1.85815518264765,0,55.420372379958195,0.7755106319379738
7137,77.82,73.83,0.78,0.02,2879.37,318.95,9.027653237184511,1,70.35191920560129,0.12171562935898246
7138,81.6,89.14,0.77,0.0167,4110.047904191617,189.39,21.70150432542171,1,92.09480390888797,0.13029772188049787
7139,205.93,176.51,0.86,0.0101,15029.564356435643,191.09,78.65175758247759,3,165.95084761538752,0.11714153053746788
7140,467.88,416.26,0.89,0.0505,7336.067326732674,375.15,19.555024194942487,2,404.0372819930783,0.7461136603826033
7141,361.92,321.77,0.79,0.089,2856.1606741573037,398.21,7.172498616703005,2,308.13138890477546,0.7309453059979037
7142,104.45,81.34,0.77,0.0288,2174.715277777778,210.61,10.325793066700431,1,93.29192790205829,0.1255693003796263
7143,83.91,57.81,0.87,0.0557,902.9569120287254,52.39,17.235291315684776,0,54.963753153612714,0.7638413802513075
7144,64.23,69.99,0.86,0.0595,1011.6201680672268,355.01,2.849554007118748,0,77.59982892733316,0.7668044325018828
7145,93.68,84.99,0.76,0.0787,820.7420584498093,180.58,4.545032996177922,0,101.74003555402291,0.7609502615677546
7146,87.63,90.15,0.83,0.0259,2888.976833976834,360.02,8.024489844944265,1,99.8178600846552,0.12882121655496556
7147,197.28,191.54,0.77,0.0574,2569.4390243902435,430.83,5.963927823945045,0,178.57595757143196,0.6818452402101666
7148,84.4,62.4,0.87,0.0641,846.9266770670826,389.97,2.171773923807171,0,56.047475687130955,0.7785173382929833
7149,197.5,150.11,0.77,0.0523,2210.0325047801152,371.98,5.941267016452807,0,157.99400694123923,0.7060147181038862
7150,375.12,357.6,0.75,0.0966,2776.397515527951,372.96,7.444223282732602,2,359.8887148568209,0.7276260113058539
7151,63.49,57.27,0.78,0.0287,1556.4668989547042,324.36,4.798578428149908,1,78.85449840624906,0.12575397872590321
7152,146.99,132.33,0.83,0.0591,1858.4416243654823,302.73,6.13894105098762,0,131.99675484451237,0.7604694106670564
7153,120.41,118.57,0.79,0.0715,1310.074125874126,334.07,3.9215557394382192,0,107.78605129601985,0.7501225579897886
7154,49.3,38.89,0.82,0.0137,2327.722627737226,52.88,44.01896043375994,1,43.01662045987942,0.10369186441306782
7155,50.26,41.62,0.85,0.0802,441.1097256857855,50.63,8.712418046331928,0,25.616430166090083,0.7647194079710021
7156,408.12,370.0,0.8,0.0633,4676.145339652449,52.69,88.7482508949032,2,349.0223463465689,0.7765034441669756
7157,410.4,366.43,0.82,0.0133,22591.924812030076,215.05,105.0542888259943,3,388.3227532152462,0.1347498076961574
7158,383.07,283.36,0.86,0.0274,8893.78102189781,300.59,29.58774750290366,2,328.80748539313896,0.12700594253406428
7159,105.73,78.6,0.76,0.055,1086.109090909091,309.6,3.5081042988019733,0,76.00458805109193,0.7253804625101585
7160,451.78,412.13,0.82,0.0253,13357.573122529644,52.14,256.18667285250564,3,411.0663865649405,0.1281644613213334
7161,100.42,87.22,0.76,0.0921,719.7307274701411,204.08,3.5267087782739175,0,71.43244008920254,0.7320295019774528
7162,137.83,141.99,0.81,0.0197,5838.1675126903565,44.86,130.1419418789647,1,143.2428535521212,0.11639761396718247
7163,178.43,160.67,0.89,0.056,2553.505357142857,216.2,11.810848090392494,0,142.03129489042385,0.7309928930547152
7164,179.08,164.29,0.89,0.0613,2385.2871125611746,389.89,6.117846347844711,0,180.09257263980297,0.7273424939827838
7165,145.71,154.11,0.76,0.0821,1426.5968331303288,392.82,3.631680752330148,0,149.67650292021855,0.7400134934185697
7166,364.43,333.51,0.84,0.0956,2930.4225941422587,51.36,57.05651468345519,2,310.8174479385552,0.7640361305434373
7167,337.51,235.25,0.86,0.0541,3739.6487985212566,343.05,10.901177083577485,2,284.9066167035179,0.7309666494496416
7168,178.61,165.34,0.87,0.0232,6200.25,424.5,14.60600706713781,1,162.17916361002287,0.15091425718321821
7169,52.26,44.04,0.87,0.0704,544.2443181818181,223.8,2.431833414574701,0,46.14229563465037,0.7714808002605876
7170,86.92,94.31,0.81,0.0917,833.0545256270448,396.66,2.1001727565850974,0,99.22483588501589,0.7635129717347309
7171,98.85,80.25,0.88,0.0253,2791.304347826087,47.89,58.28574541294815,1,89.49301822137917,0.09586883503105788
7172,202.81,176.94,0.89,0.0574,2743.4947735191636,400.57,6.848977141371455,0,159.9215019411888,0.7348745589517788
7173,96.45,84.59,0.78,0.0928,710.9935344827587,43.35,16.40123493616514,0,87.03122203530104,0.7614370897400707
7174,70.18,70.85,0.82,0.0578,1005.1384083044982,458.81,2.1907508735740246,0,80.1133904686864,0.5742962572809216
7175,205.87,212.67,0.84,0.0924,1933.3636363636365,44.75,43.203656678517014,0,184.69935642138535,0.7415981529619405
7176,190.7,170.0,0.84,0.0233,6128.755364806866,206.13,29.732476421708952,1,191.40431467842416,0.14731657868178663
7177,182.19,163.03,0.81,0.0548,2409.7500000000005,190.17,12.671557027922388,0,165.69880325138953,0.7445456195532459
7178,321.2,246.63,0.79,0.016,12177.35625,451.23,26.987027125855995,3,269.6597294698548,0.12482403446908606
7179,380.99,339.95,0.75,0.0213,11970.07042253521,208.22,57.48761128871006,3,324.8573879076624,0.10275244451426783
7180,216.13,198.73,0.84,0.0861,1938.829268292683,201.5,9.62198148036071,0,195.59541982127078,0.73921842448136
7181,190.18,207.06,0.83,0.078,2203.3307692307694,48.37,45.55159746187243,0,190.06029182225066,0.7391193886166821
7182,97.53,103.63,0.83,0.0911,944.1591657519208,179.59,5.2573036680879826,0,108.2317144083947,0.7621034452781559
7183,84.71,71.85,0.8,0.0946,607.6109936575052,56.14,10.823138469139744,0,75.24936381350936,0.7431045239265823
7184,174.34,161.4,0.8,0.0818,1578.4841075794623,212.78,7.4183856921677895,0,158.6777497783853,0.7384382866745091
7185,118.12,99.95,0.87,0.0161,5401.024844720498,383.68,14.076899616139745,1,85.67041119515089,0.128375842261196
7186,464.5,371.81,0.77,0.0157,18235.26751592357,368.75,49.451572924538496,3,418.57332978105796,0.1220533779772175
7187,442.91,370.67,0.79,0.0539,5432.825602968461,336.52,16.14413884157988,2,380.3442041906617,0.7357404882646148
7188,52.78,48.19,0.87,0.0242,1732.4504132231407,392.38,4.4152362842732575,1,67.52668567025601,0.11552688138801541
7189,88.12,80.1,0.82,0.0753,872.2709163346611,178.02,4.899847861670942,0,80.4531235356348,0.7680358944209189
7190,181.08,179.8,0.77,0.0818,1692.4938875305622,453.43,3.732646466997248,0,162.3517073987719,0.7435538042764003
7191,184.24,176.1,0.84,0.0986,1500.2434077079106,342.96,4.374397619862115,0,167.59607767039083,0.7198894384457952
7192,60.36,54.88,0.82,0.0503,894.6640159045725,184.2,4.857025059199634,0,33.5037138651181,0.7691862271731893
7193,230.29,225.66,0.76,0.0821,2088.935444579781,55.97,37.32241280292622,0,204.39064209586772,0.7498448384781906
7194,65.44,63.19,0.75,0.0964,491.62344398340247,343.97,1.4292625635474094,0,79.77372305520566,0.7634196265113813
7195,426.95,384.34,0.79,0.0688,4413.206395348837,52.33,84.33415622680751,2,385.9296499586584,0.7728884733826941
7196,396.08,287.03,0.84,0.0643,3749.6920684292377,56.79,66.02732996001475,2,339.3717221438403,0.7699316424230678
7197,370.72,321.55,0.76,0.0582,4198.93470790378,348.18,12.05966657448383,2,314.75581428078414,0.7192540572496711
7198,151.94,173.53,0.86,0.0755,1976.6331125827817,217.02,9.108068899561246,0,155.31456824254343,0.7486344760082828
7199,88.1,94.19,0.84,0.0815,970.7926380368098,329.92,2.9425092084044913,0,97.34705336170055,0.7767121767799745
7200,161.57,171.0,0.82,0.0107,13104.672897196262,204.49,64.08466378402984,1,165.00248640096768,0.14355626221498602
7201,364.86,412.52,0.86,0.054,6569.762962962963,319.62,20.554918224651033,2,349.7476611210541,0.7151092676193466
7202,113.58,99.84,0.78,0.0548,1421.080291970803,205.28,6.922643667044052,0,81.51680833356386,0.7237976952636521
7203,105.19,93.79,0.89,0.0181,4611.773480662983,188.63,24.448780579244996,1,75.32593473057665,0.11505822696490449
7204,72.34,51.02,0.8,0.03,1360.5333333333335,49.48,27.49663163567772,1,45.49919576131374,0.1116756523341759
7205,250.26,176.2,0.87,0.0548,2797.335766423357,341.68,8.187004701543424,0,204.45550688899567,0.7514669384245406
7206,236.56,188.55,0.77,0.0232,6257.909482758621,53.35,117.29914681834342,1,191.09217040144142,0.11354493326295141
7207,151.18,134.07,0.78,0.0721,1450.4105409153954,201.4,7.201641216064525,0,116.98378082828049,0.7399032838490947
7208,178.02,125.77,0.9,0.0742,1525.512129380054,456.07,3.3449078636613985,0,142.06470209222147,0.6496812329029141
7209,318.67,356.83,0.79,0.068,4145.525,390.21,10.623830757797084,2,305.8659307876304,0.7238355395583169
7210,373.92,290.26,0.9,0.0581,4496.282271944922,400.86,11.216590011337928,2,337.79780292589214,0.7509135832919509
7211,69.31,69.05,0.85,0.0984,596.4684959349593,56.61,10.536451085231572,0,62.43132690144006,0.763803461286004
7212,68.96,55.14,0.79,0.0982,443.59063136456217,379.45,1.169035792237613,0,63.965149283671096,0.7809426885460912
7213,51.29,43.51,0.86,0.09,415.7622222222222,350.92,1.184777790442899,0,46.280848781674436,0.7674208631683893
7214,83.2,84.31,0.86,0.0732,990.5273224043717,225.99,4.3830581990547,0,75.29917075795483,0.7794121672096942
7215,78.66,55.34,0.83,0.0913,503.09090909090907,374.43,1.3436180570224316,0,52.40754692532448,0.7816966574218854
7216,81.85,68.73,0.89,0.024,2548.7375,226.58,11.248731132491836,1,53.29205813754139,0.11555226493026566
7217,268.96,215.31,0.83,0.0515,3470.0446601941753,53.69,64.63111678514016,2,221.95652471000875,0.7433905011691574
7218,486.66,424.98,0.86,0.0222,16463.18918918919,51.24,321.2956516235205,3,421.34744417974855,0.1218902955466873
7219,167.36,130.64,0.83,0.0513,2113.6686159844053,342.63,6.168953728466291,0,149.9222771817171,0.7164776190536901
7220,82.5,68.09,0.79,0.0135,3984.5259259259265,56.43,70.61006425528844,1,54.22645321698771,0.11383257691790044
7221,83.25,62.0,0.83,0.0514,1001.1673151750972,193.51,5.173723916981537,0,54.706180171923904,0.7655190378888773
7222,85.2,75.5,0.88,0.0178,3732.5842696629215,412.02,9.059230788949376,1,77.25795320878247,0.1305668450004971
7223,162.91,147.69,0.89,0.0293,4486.14675767918,366.46,12.241845652128966,1,148.7254205814699,0.13865481413162706
7224,275.04,230.63,0.82,0.077,2456.05974025974,398.12,6.169144328995629,2,230.33033843487775,0.757825870664227
7225,85.1,82.33,0.83,0.0833,820.3349339735895,391.81,2.093705964558305,0,96.19499907480592,0.7685199859329179
7226,191.29,206.24,0.8,0.0199,8291.05527638191,396.64,20.903225283334788,1,190.9200220987289,0.1484333870672752
7227,382.96,331.06,0.89,0.081,3637.5728395061724,49.15,74.00962033583261,2,329.33212312135225,0.768230381036326
7228,453.95,477.72,0.82,0.065,6026.621538461538,50.94,118.30823593367762,2,429.43544892807773,0.7545748703568992
7229,315.51,266.11,0.8,0.0867,2455.455594002307,457.96,5.361725028391796,2,284.36411757058664,0.7312520007595485
7230,109.75,118.91,0.86,0.0631,1620.6434231378762,44.31,36.575116748767236,0,117.77925366241769,0.7236313350162186
7231,59.42,60.74,0.81,0.0144,3416.625,375.0,9.111,1,72.0712971923359,0.1195081589456883
7232,293.59,301.54,0.86,0.0883,2936.8561721404308,459.65,6.389331387230351,2,264.05315791589027,0.6896995583638847
7233,130.02,110.78,0.84,0.0696,1337.0,220.2,6.071752951861944,0,116.51698850757239,0.7507144508776749
7234,79.47,79.3,0.76,0.03,2008.9333333333334,382.39,5.253624135917083,1,92.90991760458475,0.11909111528597675
7235,252.19,238.53,0.89,0.0106,20027.51886792453,396.25,50.542634367001966,3,227.0561002707638,0.13075370202564174
7236,385.17,299.55,0.83,0.0259,9599.478764478763,44.31,216.64361914869696,3,348.3421427903213,0.12432184870927376
7237,110.52,99.2,0.81,0.0159,5053.584905660377,204.12,24.75791155036438,1,117.17810570526478,0.1380829137052973
7238,59.53,54.84,0.78,0.0122,3506.1639344262294,211.42,16.583880117426116,1,52.984812132830086,0.13725326527208917
7239,287.53,250.03,0.86,0.0179,12012.614525139665,229.63,52.31291436284312,3,240.5186258771336,0.11705772230986909
7240,95.74,81.94,0.78,0.0682,937.1436950146629,357.62,2.6205013562291337,0,85.11367991411228,0.7658491252768179
7241,415.23,397.65,0.77,0.0896,3417.3046875,377.64,9.049106788210995,2,395.9057602783837,0.7402050292781385
7242,152.24,142.86,0.76,0.0221,4912.83257918552,189.5,25.925237884884012,1,155.7140660105765,0.13339820527445417
7243,295.15,294.04,0.8,0.0279,8431.25448028674,423.6,19.90381133212167,2,266.7996270976313,0.1401217400008368
7244,55.87,43.61,0.86,0.0893,419.9843225083986,187.41,2.2409920629016518,0,50.5971491519189,0.7588236919270617
7245,114.51,103.85,0.81,0.0726,1158.6570247933885,345.53,3.3532747512325662,0,84.77229637869078,0.7568310829235441
7246,63.2,51.65,0.85,0.0775,566.483870967742,53.16,10.656205247700187,0,38.51266800580444,0.7731970417633157
7247,197.88,167.81,0.79,0.0221,5998.638009049774,202.01,29.694757730061752,1,159.67695542207744,0.10964213374948349
7248,91.6,85.97,0.89,0.07,1093.0471428571427,54.09,20.207933866835692,0,101.56200241138094,0.7327816232634339
7249,57.35,51.4,0.89,0.0501,913.0938123752496,49.99,18.265529353375666,0,32.09212776412434,0.7621462530300168
7250,111.26,90.24,0.88,0.0833,953.3157262905162,443.05,2.1517113786040314,0,100.39343984375063,0.7295762016551971
7251,97.8,88.65,0.84,0.078,954.6923076923078,208.99,4.5681243489751076,0,107.58209765587594,0.7621133323931278
7252,295.61,251.58,0.75,0.0986,1913.6409736308317,215.68,8.87259353500942,2,267.0198811364007,0.7199215928259493
7253,158.06,174.89,0.8,0.0653,2142.60336906585,364.7,5.874974963163834,0,160.36240463761013,0.7360036291277345
7254,152.13,119.93,0.81,0.0694,1399.7593659942363,47.46,29.493454824994444,0,117.22200805131374,0.7509973446079664
7255,153.6,163.75,0.86,0.0501,2810.878243512974,188.86,14.88339639687056,0,157.60598616437062,0.7279134930988096
7256,78.26,77.7,0.77,0.0547,1093.765996343693,372.19,2.938730208613055,0,88.22843891264247,0.7532979834773919
7257,134.79,132.54,0.81,0.096,1118.3062499999999,46.87,23.859745039470877,0,141.40934445830143,0.731951502695216
7258,460.12,412.2,0.79,0.0641,5080.15600624025,208.14,24.407398896128807,2,415.6162191758044,0.7663420046831604
7259,129.76,135.44,0.86,0.092,1266.0695652173913,341.22,3.710420154789846,0,137.43487849851576,0.7475249167013426
7260,240.08,201.44,0.87,0.088,1991.5090909090914,410.3,4.853787694148407,0,197.04674905912952,0.7493182631746563
7261,202.32,163.07,0.76,0.0234,5296.290598290598,354.0,14.961272876527111,1,182.21539585259436,0.14545454513443867
7262,352.43,265.54,0.89,0.0101,23399.069306930698,187.08,125.07520476229793,3,301.16885203263985,0.10777841037605297
7263,70.37,54.25,0.79,0.025,1714.3000000000002,50.89,33.68638239339753,1,62.94733554081773,0.12265311145852507
7264,93.88,89.77,0.77,0.0528,1309.1458333333335,437.22,2.994249653111325,0,83.10034416236344,0.7532345606704449
7265,184.71,184.19,0.83,0.0194,7880.29381443299,188.98,41.69908886883792,1,166.6872041106751,0.1188727140378867
7266,128.56,144.39,0.8,0.0157,7357.452229299363,309.17,23.797432575280148,1,135.38156119550908,0.120831016984163
7267,80.86,73.96,0.76,0.0724,776.3756906077347,51.38,15.11046497874143,0,53.65763792094205,0.7458891938319021
7268,90.44,71.38,0.89,0.0944,672.9682203389831,394.41,1.706265612786144,0,83.40230487636683,0.7647806649303159
7269,313.55,235.3,0.75,0.0875,2016.8571428571431,431.0,4.679482930062977,2,264.2767806689161,0.7371699494507485
7270,93.14,103.29,0.89,0.0557,1650.414721723519,42.87,38.49812740199485,0,102.67571779824544,0.6888018386874306
7271,193.93,150.83,0.83,0.0994,1259.4456740442656,172.09,7.318529107119912,0,157.17691458903516,0.7190542474421521
7272,138.84,154.2,0.87,0.0267,5024.494382022471,438.98,11.445838949433847,1,143.03831745408309,0.15703878941178917
7273,442.69,323.61,0.77,0.0701,3554.6319543509276,426.88,8.327005140439766,2,378.6251476190818,0.7082698490213213
7274,391.85,371.77,0.76,0.0211,13390.767772511846,173.86,77.02040591574742,3,353.7627352377347,0.13083821039654134
7275,287.07,229.7,0.87,0.0208,9607.64423076923,203.32,47.253807942008805,1,239.63603458292593,0.11626470832064262
7276,220.5,175.31,0.88,0.0957,1612.0459770114942,372.84,4.3236937480192426,0,198.8351426588419,0.742513872836366
7277,83.43,62.29,0.89,0.0248,2235.407258064516,310.93,7.189422886387663,1,57.5448513095545,0.11483980861577069
7278,426.76,337.13,0.9,0.0287,10572.020905923346,437.06,24.188946382472306,2,367.520407289946,0.10066053466074781
7279,75.88,68.02,0.87,0.0628,942.3152866242038,51.99,18.124933383808497,0,86.11835971849212,0.76379281794342
7280,421.32,369.39,0.79,0.0842,3465.7731591448933,437.99,7.912904767562942,2,399.90260103542704,0.7467845258492409
7281,53.83,56.87,0.81,0.0206,2236.150485436893,310.32,7.205950262428761,1,68.37480065034642,0.12948103579642065
7282,141.2,125.02,0.85,0.0278,3822.5539568345325,379.17,10.08137235760881,1,145.91676127205,0.1423188277715305
7283,219.47,156.26,0.78,0.0524,2326.007633587786,423.83,5.4880674647565915,0,175.3952826125877,0.7216546443991372
7284,333.16,260.96,0.77,0.0147,13669.333333333336,216.4,63.16697473813926,3,298.3778839082239,0.1454926792758784
7285,169.77,175.26,0.76,0.027,4933.2444444444445,45.91,107.45468186548563,1,171.57159112328557,0.11807920754442916
7286,214.46,214.1,0.75,0.0299,5370.401337792642,54.34,98.82961608010014,1,193.27723715005007,0.12991347626252345
7287,200.36,156.85,0.81,0.0229,5547.96943231441,49.02,113.17767099784598,1,179.24217337695885,0.13179705956257867
7288,70.43,62.5,0.82,0.0285,1798.2456140350876,444.83,4.042545723164102,1,82.85199686833795,0.13697232149449035
7289,188.45,210.3,0.76,0.0715,2235.3566433566434,439.36,5.087756380545892,0,188.24420152203112,0.7080064477376059
7290,95.57,103.06,0.84,0.0923,937.9241603466957,438.9,2.136988289693998,0,104.86289150223632,0.778751354075483
7291,161.19,136.48,0.85,0.0633,1832.6698262243285,377.29,4.85745666787969,0,124.5802640034674,0.7537577598183971
7292,251.29,225.94,0.83,0.0239,7846.451882845186,49.47,158.61030691015134,3,207.1664685695859,0.11693926253501713
7293,118.25,99.51,0.86,0.0897,954.0535117056857,389.63,2.4486140998015697,0,106.89491071910443,0.741485546080662
7294,445.89,399.19,0.77,0.051,6026.986274509804,54.88,109.82117847138856,2,383.94475590148045,0.7262840391876024
7295,67.77,73.18,0.77,0.0897,628.1895206243032,214.37,2.930398472847428,0,80.04820706044936,0.7621407194965755
7296,253.16,232.77,0.76,0.0822,2152.131386861314,399.83,5.382616078986854,2,247.26589316778615,0.7286453308495185
7297,194.26,170.16,0.89,0.0247,6131.271255060728,401.22,15.281569351130871,1,157.87106616965013,0.11954154817508225
7298,203.0,185.04,0.86,0.0554,2872.462093862816,201.56,14.251151487709942,0,162.1671952668186,0.7384462887718162
7299,87.59,77.49,0.82,0.0125,5083.343999999999,384.5,13.220660598179451,1,78.18675506100051,0.11319603767573636
7300,134.82,129.08,0.78,0.0766,1314.3916449086164,337.67,3.892533079363332,0,121.5062997186374,0.7407353730489153
7301,293.85,243.16,0.89,0.0145,14924.993103448274,398.93,37.41256136025938,3,245.18026953628774,0.11760695849685242
7302,83.21,94.04,0.81,0.0754,1010.2440318302389,57.41,17.597004560707873,0,93.75030744090799,0.7676279942873464
7303,52.95,42.88,0.86,0.0612,602.5620915032681,42.77,14.088428606576294,0,47.392670968121834,0.7429789233954984
7304,303.64,276.77,0.79,0.013,16819.1,310.28,54.2062008508444,3,293.3932488145316,0.12723227231884068
7305,182.19,145.39,0.86,0.0184,6795.402173913043,43.11,157.6293707704255,1,145.72415607341253,0.10257194104207377
7306,79.7,67.46,0.79,0.0919,579.9064200217629,369.07,1.57126404211061,0,72.46316434840031,0.7643628876853176
7307,193.33,153.36,0.84,0.0944,1364.6440677966104,369.7,3.691220091416312,0,175.46833254741324,0.7119442523809175
7308,141.32,119.4,0.76,0.0586,1548.5324232081912,213.7,7.246291170838518,0,126.01232262820861,0.7312808676584943
7309,90.25,101.54,0.8,0.0152,5344.21052631579,372.56,14.344563362453806,1,100.31906329421186,0.13043108512043908
7310,136.19,106.83,0.8,0.0149,5735.838926174497,434.93,13.18795881216402,1,102.18481432643645,0.12610484060208244
7311,408.11,401.78,0.9,0.0564,6411.3829787234035,188.93,33.93522986674114,2,369.97156626378876,0.7312648698679678
7312,87.96,62.29,0.76,0.0288,1643.763888888889,315.87,5.203925313859781,1,60.396851699919324,0.11189639687402746
7313,285.75,279.59,0.87,0.0289,8416.723183391003,44.76,188.04117925359702,3,257.4462528152061,0.11683588399377014
7314,82.51,65.1,0.81,0.0111,4750.540540540541,198.28,23.958747934943215,1,54.340209732231955,0.11285969558736987
7315,57.57,45.09,0.86,0.0693,559.5584415584416,393.75,1.421100803957947,0,31.80606254095261,0.7864358717206187
7316,247.2,205.69,0.8,0.0134,12280.000000000002,178.67,68.73006100632452,1,200.77071304271905,0.12734394833637802
7317,264.59,226.16,0.87,0.0679,2897.7790868924885,49.04,59.09011188606217,2,237.96959826053842,0.7557460157050712
7318,298.06,281.82,0.75,0.02,10568.25,173.71,60.838466409533126,3,268.9066939441555,0.12511431432388165
7319,119.88,132.74,0.84,0.072,1548.6333333333334,380.05,4.07481471736175,0,126.36784746183066,0.7467322263768332
7320,318.72,254.07,0.79,0.0241,8328.435684647304,49.47,168.35325823018604,3,268.10906176805577,0.11793521426034723
7321,122.68,108.8,0.83,0.0855,1056.1871345029238,44.82,23.565085553389643,0,91.18735918025925,0.7524695948598676
7322,198.39,211.73,0.83,0.0763,2303.222804718217,343.12,6.712586863832528,0,199.76727480288238,0.7135074923601694
7323,70.1,60.55,0.88,0.0263,2026.0076045627377,352.76,5.743303108523466,1,82.7317169776029,0.13737456102101384
7324,78.6,77.83,0.86,0.0274,2442.839416058394,198.56,12.302777075233651,1,70.97478959126937,0.1251587536953388
7325,91.61,103.02,0.89,0.0766,1196.9686684073106,331.64,3.609240949244092,0,102.25508190502569,0.7708665454855612
7326,117.08,114.25,0.83,0.0682,1390.4325513196482,320.81,4.334130953896849,0,104.93984684207821,0.7549931181552105
7327,98.83,89.4,0.88,0.022,3576.000000000001,353.15,10.126008778139603,1,90.60438173155664,0.11256392809058631
7328,69.83,61.63,0.77,0.012,3954.5916666666667,371.46,10.646076742224377,1,60.376675909183376,0.12043700185132106
7329,83.52,95.14,0.87,0.087,951.4000000000001,49.3,19.29817444219067,0,94.85306747143414,0.7782041050078553
7330,67.92,62.5,0.81,0.0656,771.7225609756097,229.39,3.3642380268346908,0,60.521092271671876,0.7699914196748082
7331,339.66,313.57,0.82,0.0935,2750.0256684491974,338.81,8.116719307131422,2,307.45500326771605,0.7360962768576484
7332,314.84,237.87,0.88,0.0108,19382.0,378.97,51.143890017679496,3,263.710299662627,0.12479145380074329
7333,184.17,144.19,0.8,0.0942,1224.5435244161358,379.68,3.225198915971702,0,147.60257697016146,0.7314282695119237
7334,141.87,98.71,0.89,0.0947,927.6863780359027,185.64,4.997233236564872,0,110.1831960966071,0.7497960576335594
7335,63.13,62.19,0.8,0.0113,4402.831858407079,50.36,87.42716160458855,1,56.09244665620844,0.11965926983048593
7336,115.1,114.75,0.79,0.015,6043.500000000001,198.86,30.390727144724934,1,104.12030181108496,0.1272937529737071
7337,157.87,169.34,0.83,0.025,5622.088,317.87,17.686752445968477,1,163.18104999364618,0.11646615961206207
7338,400.18,323.07,0.84,0.0155,17508.309677419355,388.16,45.105909102997096,3,343.0993928767808,0.11997616245089679
7339,222.75,210.02,0.9,0.0608,3108.8486842105262,365.97,8.494818384595803,0,199.06455929156218,0.7497510300085523
7340,436.34,371.45,0.8,0.0184,16150.000000000002,190.05,84.97763746382532,3,375.3515386720122,0.10994403472584909
7341,106.3,82.65,0.78,0.0171,3770.000000000001,46.42,81.21499353726844,1,76.61022362380264,0.09387868278934022
7342,95.05,105.43,0.81,0.0891,958.4545454545456,342.69,2.796855891489526,0,105.5468781741427,0.7608612777329207
7343,368.01,324.54,0.83,0.0787,3422.721728081321,52.44,65.26929306028454,2,333.60999850854046,0.7560430511713073
7344,495.18,417.23,0.86,0.025,14352.712000000001,211.54,67.8486905549778,3,430.6998576541018,0.10235472615793957
7345,132.78,109.54,0.78,0.015,5696.080000000001,301.85,18.870564850091107,1,119.61188406907294,0.10997253162181693
7346,102.31,98.8,0.85,0.0215,3906.046511627907,182.1,21.450008301086804,1,92.49292179270904,0.1256477320370417
7347,338.72,361.99,0.8,0.0203,14265.615763546803,359.68,39.66196553477202,3,326.2676507133326,0.13601060291167416
7348,142.44,155.0,0.81,0.0147,8540.816326530614,225.02,37.955809823707284,1,147.28398682770145,0.13559868816318071
7349,281.95,278.68,0.78,0.0542,4010.5239852398527,210.67,19.036996179996454,2,250.93534733276772,0.7378669753842817
7350,184.98,175.29,0.79,0.0176,7868.13068181818,54.83,143.50046838989934,1,186.91205603976738,0.14695630596562897
7351,250.04,246.54,0.81,0.0955,2091.0722513089004,355.5,5.8820597786466955,2,243.31251957073414,0.7311868085167503
7352,51.81,48.51,0.75,0.0709,513.1523272214387,170.18,3.0153503773735966,0,64.88625867623463,0.7698348885014142
7353,371.95,269.97,0.79,0.0164,13004.65243902439,369.12,35.23150313996638,3,316.65688286828924,0.10746501995778397
7354,82.96,90.92,0.84,0.0138,5534.260869565217,56.91,97.24584202363762,1,94.54308773099748,0.11877300111117531
7355,200.56,175.45,0.85,0.0174,8570.833333333334,56.73,151.08114460309068,1,179.2135389743027,0.12462286522674092
7356,85.63,81.01,0.77,0.072,866.3569444444445,321.6,2.6938959715312327,0,95.81611893650619,0.7839665793296666
7357,407.69,405.22,0.78,0.0749,4219.914552736984,209.72,20.12166008362094,2,366.4992943431915,0.7411777583916432
7358,85.84,86.29,0.85,0.0754,972.7652519893901,52.21,18.631780348389007,0,76.82006916453315,0.7698021157010371
7359,149.36,139.41,0.85,0.0186,6370.887096774193,50.47,126.2311689473785,1,134.36805344619347,0.10083263682070362
7360,243.96,253.67,0.84,0.0193,11040.559585492227,347.36,31.784199635802125,1,239.07468772949673,0.13602177375100388
7361,163.16,141.14,0.85,0.013,9228.384615384613,210.13,43.91750161987633,1,127.34483368798378,0.11396449186067042
7362,171.08,144.31,0.78,0.0539,2088.3450834879404,398.06,5.246307299120586,0,133.50715566813307,0.7087319289765195
7363,197.73,206.06,0.89,0.0117,15674.649572649572,46.83,334.7138495120558,3,196.99228213258982,0.11584145178006937
7364,333.33,303.0,0.86,0.0522,4991.954022988505,406.63,12.27640366669578,2,281.07209976054907,0.7147449719189659
7365,457.91,429.08,0.85,0.0972,3752.242798353909,192.48,19.494195752046494,2,416.760007683322,0.7442652501498839
7366,58.37,57.55,0.88,0.0798,634.6365914786968,57.26,11.083419341227678,0,52.65065892817394,0.7692098546893327
7367,115.52,98.79,0.79,0.0233,3349.5321888412022,207.9,16.111265939592123,1,121.08164786295241,0.13588261787134262
7368,51.37,39.7,0.88,0.0262,1333.4351145038165,56.12,23.76042613157193,1,26.20094685466273,0.10945671101903535
7369,407.62,409.05,0.87,0.025,14234.940000000002,214.62,66.32625104836455,3,389.16338101876045,0.13385580543488657
7370,308.53,309.03,0.83,0.0246,10426.621951219511,49.23,211.79406766645363,3,295.38000666300013,0.1290333579351944
7371,238.97,186.4,0.88,0.0215,7629.395348837211,178.76,42.67954435464987,1,196.8670427915938,0.11815836324532165
7372,59.26,44.02,0.86,0.0257,1473.04280155642,339.01,4.345130826690717,1,35.50838824294175,0.11537637254717076
7373,75.6,76.08,0.86,0.0652,1003.5092024539878,378.66,2.650158988152928,0,66.76075960436327,0.7766407543764512
7374,449.33,416.88,0.85,0.0114,31083.15789473684,344.02,90.35276406818453,3,426.5917212630606,0.13502034215056644
7375,186.96,163.44,0.89,0.0574,2534.1742160278745,54.07,46.86839681945394,0,187.57047622896687,0.7172304783521056
7376,434.31,495.66,0.77,0.0129,29585.906976744187,222.64,132.88675429727,3,410.9998779568512,0.1297853383560225
7377,213.45,145.35,0.82,0.0137,8699.781021897808,355.56,24.467828276234133,1,172.06939694074723,0.12931307172655648
7378,98.76,112.69,0.75,0.0961,879.474505723205,345.8,2.5433039494598177,0,108.35693867752691,0.7784977414911518
7379,59.09,51.02,0.85,0.0249,1741.6465863453818,324.16,5.372799192822623,1,32.739461662290466,0.12050946088702322
7380,118.04,128.69,0.83,0.0956,1117.2876569037655,429.98,2.5984642469504755,0,127.47550694221012,0.7184016406237315
7381,235.45,220.66,0.8,0.0638,2766.8965517241386,190.19,14.548065364762284,0,210.89275351375414,0.7330863353947499
7382,118.61,92.44,0.85,0.0646,1216.3157894736842,390.05,3.118358644978039,0,87.9373607203154,0.7552197305114211
7383,259.18,267.37,0.85,0.0898,2530.785077951002,444.78,5.689970497664019,2,232.21187858950069,0.7407877359022595
7384,212.72,224.44,0.86,0.0539,3581.0463821892386,48.55,73.75996667743026,1,208.48064807754668,0.6998226067964076
7385,432.17,401.56,0.87,0.0622,5616.675241157556,204.2,27.505755343572755,2,390.1542338045262,0.7576179625356706
7386,86.22,71.33,0.79,0.0294,1916.6904761904766,394.53,4.8581615496679005,1,58.55863468513081,0.10484782889516868
7387,435.5,357.62,0.87,0.0164,18971.304878048777,358.61,52.90233088326811,3,375.4810313147054,0.11936173727893928
7388,368.06,334.31,0.82,0.059,4646.342372881356,47.45,97.92080870139843,2,350.44799767994596,0.7276011873879008
7389,92.16,87.17,0.79,0.0562,1225.3434163701068,302.42,4.051793586304169,0,82.65903457192836,0.7755631145812153
7390,196.53,161.17,0.88,0.0216,6566.185185185184,382.45,17.16874149610455,1,179.13432014325346,0.13177733092454497
7391,93.8,82.51,0.77,0.0807,787.2701363073112,356.86,2.2061036157241247,0,85.60616189276732,0.7667155889112474
7392,452.89,434.52,0.81,0.0165,21330.98181818182,48.17,442.827108536056,3,428.78305248723115,0.12015710472801842
7393,114.78,93.42,0.82,0.0865,885.6,415.35,2.132177681473456,0,102.52418068711535,0.7452835645221206
7394,56.96,57.39,0.89,0.0264,1934.7386363636367,303.35,6.37790880620945,1,53.393992282824996,0.12696744988396227
7395,75.09,61.68,0.82,0.0114,4436.631578947367,45.43,97.6586303972566,1,48.81878660840992,0.09585256145231408
7396,312.85,254.15,0.86,0.0134,16311.119402985074,428.4,38.07450841032931,3,281.65108117647645,0.146036388023222
7397,153.48,132.44,0.82,0.0833,1303.731092436975,223.29,5.838734795275091,0,137.86737524342087,0.7559727413613667
7398,283.38,258.74,0.89,0.0669,3442.1315396113605,205.37,16.76063465750285,2,256.31999032291094,0.7652723284181547
7399,474.56,529.22,0.86,0.0662,6875.063444108762,178.76,38.45974179966862,2,450.2520913008853,0.7458274415776017
7400,163.54,139.72,0.76,0.0517,2053.911025145068,428.19,4.796728146722408,0,165.14116234634778,0.7116225958830094
7401,173.12,177.72,0.83,0.0158,9335.92405063291,55.47,168.30582388016785,3,156.28504921220082,0.12860927237554487
7402,385.96,289.24,0.79,0.0665,3436.084210526316,211.15,16.273190672632328,2,329.61610678543997,0.7543039790880849
7403,420.92,369.57,0.86,0.0138,23031.17391304348,370.07,62.23464185976567,3,399.7734466663457,0.12339125568628508
7404,74.93,72.04,0.88,0.0954,664.5199161425577,368.87,1.8015016567965887,0,69.45891188537254,0.7657577905021462
7405,195.04,175.11,0.82,0.0178,8066.865168539327,319.21,25.27134227793405,1,176.9984876857472,0.1217461893634668
7406,196.92,139.49,0.89,0.0547,2269.5813528336384,320.11,7.090004538544995,0,157.9874923890222,0.7415297450829739
7407,96.07,91.28,0.78,0.0131,5434.992366412213,205.9,26.396271813561015,1,85.83049230643702,0.12366446191373841
7408,87.02,82.54,0.75,0.0609,1016.5024630541872,56.75,17.91193767496365,0,76.99380389344675,0.7774296220712921
7409,270.4,192.83,0.9,0.0279,6220.322580645162,200.23,31.065887133022834,1,224.30478624201368,0.08325854203646216
7410,68.06,59.32,0.8,0.0586,809.8293515358362,361.52,2.240067911971222,0,61.50576353634143,0.7744281758249454
7411,191.81,188.42,0.76,0.0287,4989.519163763066,328.12,15.206385358292899,1,193.4165636334097,0.1305262861236768
7412,145.76,144.71,0.88,0.0862,1477.3178654292346,323.76,4.5630030437028495,0,151.67808849865386,0.756040048490264
7413,176.78,144.7,0.78,0.0121,9327.768595041323,43.48,214.53009648209118,3,160.8686817543462,0.1128273319860563
7414,61.34,51.27,0.82,0.0936,449.1602564102564,347.38,1.2929940019870356,0,36.851836683607274,0.7932053036549073
7415,448.75,357.82,0.76,0.0727,3740.621733149931,180.4,20.735153731429772,2,407.28501514213974,0.7483946541559812
7416,72.49,59.24,0.86,0.0562,906.5195729537368,229.67,3.9470526100654713,0,64.13749753339874,0.753090831601851
7417,238.1,241.65,0.77,0.0137,13581.788321167884,56.58,240.04574622071198,3,212.68819213372035,0.12864514270632443
7418,138.06,122.38,0.86,0.0143,7359.916083916084,222.92,33.015952287439816,1,124.82608946175372,0.12500626782301624
7419,316.72,335.27,0.79,0.0783,3382.6730523627075,363.61,9.303025363336287,2,304.72823783023364,0.7228138916980319
7420,67.77,65.64,0.88,0.0978,590.6257668711656,379.42,1.5566542798776175,0,61.24800752809057,0.7841873095999528
7421,475.07,423.44,0.89,0.063,5981.930158730159,348.84,17.14806260385896,2,430.0449638462322,0.7433139064516575
7422,85.72,83.41,0.75,0.0679,921.3181148748158,379.52,2.427587781605227,0,76.21561806913495,0.7631078019235491
7423,249.73,214.23,0.8,0.0133,12886.015037593987,55.2,233.44230140568814,3,205.72937174308808,0.12164204279181363
7424,68.01,59.63,0.88,0.0286,1834.769230769231,46.61,39.36428300298715,1,62.63798965447204,0.10996513752201144
7425,52.91,58.25,0.82,0.0123,3883.333333333333,216.62,17.926938109746715,1,66.82469391964743,0.13258871838204342
7426,168.19,164.12,0.9,0.0837,1764.731182795699,56.13,31.440070956631015,0,171.88412926195744,0.7444423245785976
7427,395.15,327.98,0.8,0.0919,2855.103373231774,365.4,7.8136381314498475,2,358.7634802347891,0.7455460461724058
7428,144.14,135.25,0.85,0.0995,1155.402010050251,320.87,3.6008414935963193,0,151.9300724336011,0.7477267857943705
7429,85.05,71.46,0.76,0.0521,1042.4107485604607,202.68,5.143135724099372,0,57.20220883083016,0.7402068301790031
7430,188.85,194.32,0.8,0.0111,14005.045045045046,56.0,250.09009009009011,3,189.0274703794578,0.14418008739045995
7431,171.57,123.6,0.8,0.0251,3939.4422310756972,450.02,8.753927005634633,1,134.57222833033688,0.13895472102923884
7432,343.9,348.3,0.81,0.0734,3843.637602179837,354.48,10.843030924677942,2,330.0525912407109,0.7322910875832792
7433,246.36,202.93,0.86,0.023,7587.817391304348,363.58,20.869732634645327,1,200.6199402416191,0.13262267503664207
7434,183.01,154.24,0.84,0.0227,5707.559471365638,441.84,12.917706571079211,1,145.11976003442965,0.13627106177220763
7435,402.13,413.64,0.78,0.0134,24077.552238805973,401.91,59.90782075291973,3,363.27485227145553,0.1452141512767267
7436,131.09,112.53,0.89,0.0248,4038.375,54.29,74.38524590163935,1,117.47760358008283,0.11997957106483692
7437,71.48,73.53,0.9,0.0959,690.0625651720543,401.49,1.7187540540786925,0,84.47617948173908,0.7448687207916969
7438,153.55,136.49,0.76,0.0844,1229.056872037915,56.21,21.86544871086844,0,156.74187717847445,0.7314144034048803
7439,59.43,57.66,0.83,0.0267,1792.4269662921345,326.72,5.486125631403447,1,54.30518949322632,0.12325409244516805
7440,169.86,167.6,0.77,0.0697,1851.535150645624,364.11,5.085098323708835,0,152.94718732765995,0.7060406569500911
7441,386.3,302.47,0.76,0.0118,19481.1186440678,391.04,49.81873630336487,3,328.6180377571285,0.11567900262538376
7442,130.07,99.35,0.79,0.0177,4434.265536723163,393.93,11.256480940073523,1,96.44448396943044,0.11538746371801958
7443,157.23,136.93,0.9,0.0163,7560.552147239266,406.79,18.585884970720187,1,122.52933454480302,0.10780095278610005
7444,167.4,179.67,0.79,0.0229,6198.222707423581,346.65,17.880348211232025,1,170.47449104113485,0.12204331147751674
7445,273.0,272.26,0.85,0.0267,8667.453183520598,44.54,194.59930811676242,3,247.15388384851508,0.12103667226800056
7446,423.27,451.62,0.75,0.0932,3634.2811158798286,52.3,69.48912267456652,2,402.0661206470214,0.7392586785548293
7447,186.94,128.86,0.84,0.0995,1087.8633165829144,347.81,3.127751693691712,0,151.19448325023265,0.7383292036588237
7448,235.58,207.48,0.81,0.0996,1687.3373493975903,187.06,9.020300167847697,0,212.758311057114,0.7297987340638882
7449,312.65,232.81,0.78,0.0137,13254.87591240876,322.2,41.13865894602346,3,261.28015046573665,0.1265359137166642
7450,95.56,94.6,0.78,0.0886,832.821670428894,45.18,18.433414573459363,0,104.9450033050005,0.7665823143380749
7451,305.94,289.67,0.89,0.0566,4554.881625441697,457.08,9.965173767046682,2,274.2916233253247,0.6263038637534613
7452,109.73,108.85,0.89,0.0108,8970.046296296294,405.11,22.14224851594948,1,118.15599971049653,0.14890917703627682
7453,55.21,47.49,0.85,0.0255,1583.0000000000002,228.23,6.935985628532622,1,68.37916910582625,0.14669688746148396
7454,57.93,41.1,0.75,0.0847,363.9315230224322,222.0,1.6393311847857306,0,33.38678331862894,0.7610414676355215
7455,56.36,50.14,0.89,0.0574,777.432055749129,456.12,1.7044463205935476,0,29.33853816235711,0.5876803937407877
7456,253.61,191.22,0.77,0.077,1912.1999999999998,175.63,10.88766156123669,0,206.88189626300527,0.7422355115143698
7457,83.32,71.85,0.78,0.0206,2720.5339805825242,455.66,5.970535005448194,1,73.56160925382628,0.11262881584797675
7458,90.35,70.12,0.85,0.0789,755.4119138149557,359.69,2.10017491121509,0,83.05494765823812,0.7830185970903153
7459,127.22,144.47,0.89,0.0942,1364.9501061571125,445.21,3.065856800514617,0,135.0734837219581,0.7199510823845275
7460,110.63,95.68,0.85,0.0581,1399.7934595524957,384.93,3.6364883473683416,0,100.47093871175679,0.725794440853241
7461,188.65,132.92,0.87,0.0131,8827.511450381677,44.71,197.43930776966397,3,151.40998895137693,0.0984847752829506
7462,108.51,108.32,0.88,0.0171,5574.3625730994145,353.68,15.76103419220599,1,117.74213160498039,0.14447922073913266
7463,71.42,50.76,0.84,0.0562,758.6903914590747,387.18,1.9595288792269092,0,44.61517019707088,0.7714631253167994
7464,173.36,124.87,0.81,0.091,1111.4802197802198,229.81,4.836518079196814,0,138.01758733319613,0.7414369152248647
7465,99.78,74.18,0.76,0.0807,698.5972738537796,398.62,1.7525394457221906,0,69.44776676728893,0.7566364971699943
7466,239.65,215.39,0.84,0.0961,1882.701352757544,391.34,4.810909574174744,0,236.36726975832747,0.7324163719505079
7467,308.77,233.9,0.76,0.0183,9713.879781420766,446.74,21.743922150290473,1,259.188562424338,0.12154473027607188
7468,113.18,104.46,0.8,0.0606,1379.009900990099,50.82,27.135181050572587,0,101.59317040120432,0.7456697439909188
7469,91.51,98.02,0.78,0.0935,817.7069518716578,214.41,3.813753798198115,0,101.95845979684654,0.7630940190631518
7470,136.6,107.89,0.87,0.0135,6952.9111111111115,48.2,144.25126786537575,1,122.58593881264542,0.09393978354550114
7471,100.19,98.75,0.82,0.0684,1183.845029239766,177.71,6.661668050417906,0,109.25895579597577,0.7605162571364259
7472,187.78,132.17,0.85,0.0681,1649.698972099853,52.22,31.591324628492018,0,149.0327652238236,0.7650088171376862
7473,443.53,381.5,0.78,0.0978,3042.6380368098157,57.26,53.13723431382843,2,382.7773718869098,0.7319532274990911
7474,74.91,64.76,0.86,0.0645,863.4666666666667,47.23,18.282165290422757,0,86.45940471870426,0.756047664530884
7475,425.62,382.57,0.85,0.0192,16936.692708333336,220.3,76.88013031472235,3,404.6653731811357,0.13383765414733167
7476,133.96,99.05,0.83,0.0971,846.6683831101955,184.75,4.582778798972641,0,104.54163400797182,0.7686550206753353
7477,88.0,82.75,0.85,0.0863,815.0347624565469,213.17,3.823402741739208,0,79.2412226209206,0.7793276291846669
7478,127.86,130.88,0.9,0.0908,1297.2687224669603,48.01,27.020802384231626,0,135.24248554507568,0.7464096451456741
7479,108.76,78.8,0.76,0.0667,897.8710644677661,385.7,2.327900089364185,0,75.20091228600609,0.7368754518562406
7480,105.5,92.61,0.87,0.09,895.23,43.04,20.799953531598515,0,94.84362811788834,0.739417810992404
7481,388.77,317.53,0.83,0.0532,4953.945488721804,377.97,13.106716111653846,2,332.1205802646121,0.7317722555185875
7482,197.36,168.88,0.79,0.0944,1413.2966101694917,418.93,3.3735865423089577,0,176.49445502127296,0.7163087266952627
7483,54.52,54.94,0.76,0.0166,2515.325301204819,207.35,12.130818911043255,1,47.88426469210658,0.13185624588911238
7484,246.4,225.72,0.87,0.0917,2141.5092693565975,225.39,9.501349968306481,0,240.5910563469819,0.7553480642701349
7485,92.94,102.2,0.81,0.0602,1375.1162790697676,376.78,3.649653057672296,0,102.31706614342335,0.7641855481174626
7486,98.42,88.2,0.8,0.0979,720.7354443309499,363.84,1.98091316054021,0,88.11798199634772,0.7656017827150344
7487,93.55,80.48,0.84,0.0292,2315.178082191781,435.9,5.311259651736135,1,85.29956383386396,0.12840299245949058
7488,144.58,133.78,0.75,0.0833,1204.5018007202882,180.29,6.6809129775377905,0,131.61612050951555,0.7396781531560923
7489,194.41,173.63,0.8,0.0747,1859.491298527443,443.31,4.194562041297158,0,155.20937043363105,0.734982473005249
7490,90.29,92.38,0.89,0.0879,935.3606370875995,222.61,4.2017907420493215,0,82.95607670903824,0.7628464421025507
7491,454.13,462.77,0.77,0.0991,3595.6902119071647,458.59,7.840751459707287,2,410.8052182780773,0.7303753699100669
7492,79.25,82.15,0.86,0.0753,938.2337317397078,389.99,2.4057892041839732,0,89.92649888051822,0.7645116531644459
7493,158.86,135.66,0.83,0.0269,4185.791821561338,42.98,97.38929319593622,1,143.01130532117082,0.10822041541225437
7494,51.34,48.75,0.75,0.0236,1549.2584745762713,356.8,4.342092137265334,1,63.28816453721349,0.1226576906675672
7495,174.43,173.67,0.89,0.0111,13924.89189189189,171.25,81.31323732491614,1,157.690480777847,0.10439987119293842
7496,90.41,62.68,0.89,0.0107,5213.5700934579445,220.0,23.698045879354293,1,61.994049410831565,0.11493882426182955
7497,95.19,82.3,0.86,0.0273,2592.600732600732,365.2,7.099125773824568,1,85.88448321393452,0.13605199906331253
7498,149.16,171.06,0.82,0.022,6375.872727272727,371.96,17.141285964277685,1,154.56195278474013,0.12286366124416066
7499,157.45,180.56,0.8,0.0159,9084.779874213837,221.19,41.072290222043655,1,160.3665632340958,0.1394418870236136
7500,149.06,162.34,0.76,0.0736,1676.3369565217392,56.5,29.669680646402465,0,153.08208093756582,0.7328977165787798
7501,383.82,348.35,0.78,0.0818,3321.674816625917,195.29,17.00893449037799,2,330.0085545812757,0.7514487526769221
7502,60.71,50.96,0.87,0.0524,846.091603053435,184.08,4.596325527235088,0,54.87008183169587,0.7631083092179815
7503,107.88,90.58,0.83,0.0259,2902.756756756756,437.92,6.628509218023283,1,75.50404602262404,0.14777820308709558
7504,128.6,113.37,0.76,0.086,1001.8744186046514,189.52,5.28637831682488,0,115.31538344488098,0.7541243341137439
7505,140.17,150.96,0.84,0.0758,1672.9076517150393,205.72,8.131964085723505,0,145.09734098671112,0.7659038089250261
7506,107.03,83.76,0.77,0.0665,969.8526315789476,208.73,4.646445798778075,0,74.20927794006478,0.7409706138213059
7507,120.69,117.17,0.8,0.078,1201.7435897435898,343.65,3.496998660682642,0,127.2796750503695,0.7391462426491442
7508,120.99,102.61,0.77,0.0543,1455.0589318600369,339.71,4.283238444143643,0,107.41795750848007,0.737960724862222
7509,94.24,79.73,0.81,0.0745,866.8630872483224,308.13,2.813303109883239,0,66.24107310066752,0.7854404659968404
7510,297.6,319.32,0.86,0.071,3867.8197183098596,333.47,11.598703686418146,2,287.1527535245981,0.7318460213165493
7511,113.63,88.51,0.8,0.014,5057.714285714286,323.63,15.628076153985374,1,83.30800590305941,0.11529321161625136
7512,73.49,69.5,0.76,0.0241,2191.701244813278,371.32,5.902459454953351,1,66.27053760441632,0.1331443509780187
7513,161.93,131.16,0.82,0.0885,1215.2677966101694,207.29,5.8626455526565175,0,144.85708688062437,0.755925773161571
7514,75.5,74.02,0.85,0.0261,2410.613026819923,374.87,6.430530655480362,1,88.36936496288085,0.12027566389127528
7515,104.52,90.62,0.83,0.0998,753.6533066132265,349.18,2.158351871851843,0,93.2554889297174,0.7562160582162705
7516,63.27,59.8,0.75,0.0847,529.5159386068477,198.83,2.663159174203328,0,76.02430800130088,0.7548494841180475
7517,59.76,57.74,0.86,0.0553,897.9457504520794,378.54,2.3721291024781515,0,52.349158278700116,0.7656726511725445
7518,89.58,99.05,0.85,0.065,1295.2692307692305,458.35,2.8259391966166256,0,97.99040064619115,0.6903581307753224
7519,211.58,195.57,0.89,0.0221,7875.8959276018095,423.9,18.579608227416394,1,209.46819632903205,0.1338188059690716
7520,102.27,83.61,0.79,0.0145,4555.303448275862,55.55,82.00366243520904,1,91.11316459382873,0.12688351299284809
7521,151.34,125.17,0.83,0.0973,1067.7399794450155,335.52,3.182343763248139,0,137.4671133334633,0.7582930247607471
7522,189.71,134.54,0.84,0.0106,10661.660377358488,206.73,51.57287465466303,1,151.5180473330868,0.11109888342521383
7523,75.6,64.43,0.78,0.0159,3160.716981132076,48.32,65.41218917905786,1,67.62420105597234,0.10396696345459208
7524,76.92,58.75,0.84,0.0873,565.2920962199313,329.76,1.7142530816955706,0,48.97524331111319,0.7804686081027551
7525,151.07,125.65,0.82,0.0178,5788.370786516854,303.37,19.080234652460213,1,137.83731665692926,0.11894878546014784
7526,146.81,132.0,0.89,0.0825,1424.0,348.92,4.0811647369024415,0,113.61455334320858,0.7456543763974031
7527,65.21,66.75,0.86,0.0693,828.3549783549784,53.9,15.36836694536138,0,57.39623564346883,0.7503286677589378
7528,103.29,74.76,0.75,0.0249,2251.807228915663,44.0,51.17743702081052,1,73.75926500452633,0.11738646028703002
7529,94.8,74.57,0.76,0.0232,2442.810344827586,180.68,13.520092676707915,1,86.09921927713847,0.12125377590158157
7530,165.02,172.43,0.82,0.0581,2433.6075731497417,43.56,55.86794245063686,0,168.20479169988292,0.7115130996987743
7531,397.16,306.52,0.82,0.016,15709.149999999998,333.46,47.10954837161878,3,357.62190064938,0.13328509520138548
7532,73.99,59.67,0.82,0.0211,2318.928909952607,173.69,13.350963843356594,1,47.635239622706166,0.1070473066928182
7533,110.69,83.36,0.82,0.0165,4142.739393939393,379.73,10.909697400625163,1,77.79632870375352,0.11092828620051114
7534,447.52,457.14,0.82,0.0137,27361.66423357664,51.39,532.4316838602188,3,424.6403402104339,0.12347893991148894
7535,160.44,127.9,0.78,0.0172,5800.116279069768,427.63,13.56339891745146,1,124.14007993180245,0.13630273997945735
7536,56.82,46.24,0.87,0.0207,1943.4202898550725,417.31,4.657018259459568,1,50.43701680616377,0.13036885585097666
7537,300.3,289.98,0.83,0.0216,11142.749999999998,319.3,34.8974318822424,3,290.84988443396617,0.12883518688565396
7538,473.55,378.43,0.85,0.081,3971.179012345679,437.29,9.08133964267575,2,410.19417686513043,0.7278461597596944
7539,494.69,444.7,0.85,0.0709,5331.382228490832,52.38,101.7827840490804,2,428.34615080182317,0.7653504193248295
7540,108.01,102.45,0.79,0.0809,1000.4388133498147,195.78,5.110015391509934,0,115.86118586499165,0.7293662379540007
7541,171.53,150.78,0.9,0.0124,10943.709677419354,414.69,26.39009785000688,1,174.64768156103904,0.13825933461618078
7542,95.37,82.84,0.78,0.0238,2714.924369747899,198.65,13.666873243130627,1,66.88738913704569,0.12582638289281728
7543,108.41,97.25,0.78,0.0228,3326.9736842105262,393.51,8.454610262027716,1,115.60329605596394,0.13675921245053563
7544,259.67,222.38,0.78,0.0624,2779.75,184.33,15.080290782835132,2,253.0652786692023,0.74460406626135
7545,421.35,373.62,0.81,0.0786,3850.2824427480914,46.82,82.23584884126637,2,361.849293218091,0.7547380682712409
7546,56.62,40.48,0.87,0.0777,453.2509652509652,176.29,2.5710531808438666,0,31.945186087552685,0.7690183798371112
7547,155.31,162.3,0.85,0.0276,4998.369565217392,457.25,10.93137138374498,1,158.71097439858698,0.14212729343753133
7548,64.67,55.88,0.86,0.0509,944.1414538310412,53.24,17.73368621019987,0,56.373421154914936,0.7512506913324813
7549,65.11,65.54,0.86,0.0774,728.2222222222223,47.45,15.347149045779183,0,76.95576215155013,0.7493632331849155
7550,132.7,115.93,0.87,0.0877,1150.046750285063,361.98,3.177100254945198,0,102.22778785414673,0.7668324231766458
7551,378.04,358.93,0.81,0.0586,4961.319112627987,51.52,96.2988958196426,2,340.8729904559982,0.7603380136603037
7552,118.4,103.06,0.79,0.024,3392.3916666666664,428.81,7.911176667210808,1,106.4575737538129,0.14231242226654353
7553,487.4,418.66,0.81,0.0709,4782.998589562765,401.3,11.91876050227452,2,422.85388994874927,0.7143016113231222
7554,198.22,168.31,0.85,0.0639,2238.8654147104853,390.31,5.73612106968944,0,178.3421817878792,0.7134327943394478
7555,384.62,358.09,0.84,0.0701,4290.950071326676,344.05,12.471879294656812,2,366.77600748836045,0.7358234653738452
7556,118.76,106.2,0.86,0.076,1201.7368421052633,388.59,3.092557302311597,0,85.45180884401023,0.7532200547674107
7557,121.01,95.74,0.87,0.0945,881.415873015873,304.52,2.8944432977008834,0,111.23965976793366,0.7575457638540367
7558,191.83,133.89,0.77,0.0769,1340.6410923276983,55.52,24.146993737890817,0,153.25814571804472,0.7339069902343561
7559,58.27,52.71,0.88,0.0256,1811.90625,364.38,4.972573275152314,1,32.08457213649726,0.12264193421750931
7560,92.49,63.56,0.76,0.0555,870.3711711711713,45.35,19.192308074336744,0,63.017519779044676,0.7421799819451287
7561,108.94,110.41,0.82,0.0218,4153.036697247706,312.66,13.282916577904771,1,97.96527369200346,0.1115514048397621
7562,234.27,228.21,0.85,0.0129,15037.093023255813,386.06,38.95014511541163,3,210.61692563175234,0.1438446760213155
7563,229.57,205.54,0.88,0.0872,2074.256880733945,307.09,6.754556907531815,0,187.65724250102977,0.7623913643129552
7564,402.85,449.92,0.79,0.0815,4361.18773006135,46.47,93.84953152703572,2,383.42655941849637,0.7420124954654612
7565,159.16,139.92,0.8,0.0291,3846.5979381443294,408.11,9.425394962496213,1,124.94338856301772,0.11500273683145229
7566,372.2,306.58,0.75,0.0183,12564.754098360656,187.03,67.18042077934372,3,335.7649875036984,0.12573395318189098
7567,340.96,331.14,0.8,0.0936,2830.2564102564097,213.1,13.281353403361848,2,328.8983804262805,0.7544962041945196
7568,117.16,98.99,0.85,0.0188,4475.611702127659,190.04,23.550892981096922,1,105.86250515878618,0.1282946312618479
7569,69.82,47.69,0.88,0.0764,549.3089005235602,194.88,2.8187033072842786,0,43.500990117575725,0.7773485059456258
7570,406.56,344.23,0.79,0.0511,5321.7553816046975,337.58,15.764427340496171,2,348.7920797557057,0.7422223760432175
7571,329.21,359.68,0.89,0.099,3233.4868686868685,391.0,8.269787387945955,2,318.5091258897827,0.7404352844198708
7572,105.62,105.78,0.81,0.0122,7023.098360655737,180.33,38.94581245858003,1,94.03667664049712,0.1208332889059161
7573,424.07,347.58,0.86,0.0544,5494.8308823529405,56.0,98.1219800420168,2,382.2931147845581,0.7457764116691027
7574,455.57,443.01,0.86,0.0264,14431.386363636364,352.41,40.950558621027675,3,433.6289086823412,0.12865184930104495
7575,197.0,176.18,0.8,0.0505,2790.9702970297035,376.78,7.407426872524295,0,177.64114382748798,0.7048622187524852
7576,214.79,217.95,0.89,0.0277,7002.725631768953,351.09,19.94567100107936,1,194.33081774729897,0.12685745131231418
7577,182.82,155.74,0.86,0.0838,1598.2863961813841,355.56,4.49512430020639,0,165.31260482843604,0.7183135980822868
7578,98.52,111.03,0.83,0.0285,3233.505263157894,43.79,73.84117979351208,1,109.50413847565703,0.09980537067724328
7579,114.62,92.22,0.77,0.0667,1064.608695652174,455.02,2.3396964873020396,0,82.91925795347358,0.7071817764244668
7580,439.8,361.09,0.79,0.0174,16394.316091954024,213.78,76.68779161733569,3,399.84089966129693,0.12070807536009615
7581,83.92,64.35,0.86,0.0147,3764.6938775510203,171.46,21.956688892750613,1,57.091644015658005,0.10697327140963202
7582,87.01,79.76,0.88,0.0247,2841.6518218623482,52.82,53.798784965209165,1,97.17926902844819,0.11865927244772316
7583,435.93,464.98,0.88,0.0607,6741.060955518948,380.03,17.738233706599342,2,412.9965996854585,0.7379878328220252
7584,262.85,299.84,0.77,0.0182,12685.53846153846,367.0,34.56549989520016,3,255.74200093225448,0.14644318929888236
7585,91.56,93.22,0.89,0.0131,6333.267175572519,190.78,33.19670392898899,1,83.50514944807895,0.12083653885096679
7586,157.86,135.09,0.85,0.0927,1238.6893203883494,456.12,2.715709287881148,0,160.64976085812677,0.6739258118694366
7587,233.84,218.17,0.8,0.0259,6738.841698841698,319.05,21.121585014391783,1,229.52957540250085,0.13172014514957278
7588,178.02,146.76,0.82,0.012,10028.599999999999,388.01,25.846241076260917,1,161.10170701822292,0.11734021353607581
7589,64.22,50.58,0.83,0.0704,596.3267045454544,49.23,12.113075452883495,0,57.04637235705509,0.7729117525520462
7590,302.59,271.88,0.81,0.0266,8279.052631578948,56.6,146.27301469220757,3,272.73647104800295,0.13539915360448507
7591,185.58,155.56,0.87,0.0761,1778.412614980289,432.67,4.110321064507104,0,166.5480696010412,0.7504755032212661
7592,105.89,95.23,0.8,0.0747,1019.8661311914325,432.92,2.3557842816026806,0,95.15281586626882,0.7220760643775247
7593,279.12,191.89,0.8,0.0655,2343.6946564885493,46.73,50.1539622616852,2,231.33485153643653,0.7578895880341046
7594,408.35,367.71,0.76,0.0834,3350.8345323741005,215.62,15.540462537677861,2,388.9092553188798,0.7379734845328845
7595,377.09,318.72,0.84,0.0243,11017.481481481484,49.16,224.11475755658023,3,321.3260890898724,0.11613320874526818
7596,68.28,63.86,0.78,0.012,4150.9,458.82,9.046902924894294,1,58.87878208671901,0.1267126570456248
7597,53.91,52.91,0.83,0.0261,1682.5785440613024,43.52,38.66219081023213,1,49.08816012104053,0.11693130686199663
7598,174.9,132.39,0.81,0.0869,1234.0149597238203,378.01,3.2645034780133337,0,139.97344933220603,0.7370770199549203
7599,156.72,146.4,0.89,0.0168,7755.714285714287,178.14,43.537185840991846,1,160.29158637313947,0.14087954706020145
7600,189.3,144.9,0.77,0.0947,1178.1731784582894,344.86,3.4163810777077344,0,170.24933035721168,0.740186064235762
7601,186.38,180.01,0.84,0.0853,1772.6658851113716,362.37,4.891867111271274,0,186.50365824115315,0.7451048165299184
7602,381.66,420.44,0.87,0.0988,3702.255060728745,359.13,10.308955143621377,2,363.948789672045,0.7332425678654785
7603,269.13,192.45,0.81,0.0713,2186.3183730715286,372.98,5.861757662801031,0,221.03552128439966,0.750161464893038
7604,69.75,53.78,0.9,0.0511,947.2015655577301,380.04,2.492373343747316,0,42.03983285823679,0.7460681273266627
7605,290.43,284.76,0.85,0.0834,2902.2302158273383,451.89,6.422426289201661,2,260.95945658461113,0.74398609506922
7606,265.71,254.08,0.9,0.0931,2456.197636949517,220.02,11.163519847966171,2,241.32002135064096,0.7490156380165778
7607,295.36,288.53,0.83,0.0828,2892.269323671497,448.78,6.4447375633305795,2,266.1973859411015,0.7425164246984963
7608,53.29,46.74,0.88,0.0281,1463.743772241993,339.15,4.3159185382338,1,69.84162985605619,0.12500650795939888
7609,184.19,191.86,0.86,0.0801,2059.920099875156,430.8,4.781615830722275,0,183.5070595269093,0.7269638514994328
7610,88.06,70.23,0.88,0.0742,832.9164420485175,208.15,4.001520259661386,0,60.81954048060692,0.7866560448526668
7611,129.56,107.95,0.85,0.0866,1059.555427251732,381.64,2.776321735802673,0,97.25045559275088,0.7641907663052032
7612,190.22,208.37,0.86,0.0853,2100.7995310668234,47.54,44.19014579442203,0,191.9738560045193,0.7193209194724656
7613,65.95,66.42,0.75,0.0879,566.7235494880546,206.07,2.750150674470105,0,59.41446052241322,0.7658523044987082
7614,270.43,207.01,0.83,0.0992,1732.0393145161288,181.24,9.556606237674513,0,226.44184608864734,0.764002304145946
7615,240.97,190.23,0.89,0.018,9405.816666666668,407.64,23.073831485297486,1,196.96079931301324,0.12062750364762342
7616,62.68,66.42,0.76,0.0923,546.9035752979415,300.62,1.8192521299246276,0,76.85641096287597,0.7530112035885768
7617,133.41,129.26,0.75,0.0807,1201.3011152416357,196.78,6.104792739311087,0,138.86094480388095,0.7349947309443937
7618,66.15,51.99,0.76,0.0781,505.92061459667093,324.55,1.558837204118536,0,60.46410008720251,0.7469426975216582
7619,270.08,258.39,0.87,0.0164,13707.2743902439,217.32,63.07415051649135,3,262.7691131407856,0.14161621940641828
7620,52.29,48.65,0.77,0.0276,1357.2644927536232,305.37,4.444655639891356,1,66.60223478857777,0.11036191783588689
7621,189.76,162.99,0.87,0.0182,7791.280219780219,220.91,35.26902457915087,1,171.77323517362228,0.1269166022956706
7622,351.83,275.9,0.86,0.0936,2534.978632478632,170.25,14.889742334676251,2,299.5127592036707,0.7241581722477438
7623,96.09,83.16,0.81,0.029,2322.7448275862066,402.07,5.776966268525895,1,67.06259303792658,0.11751068678110752
7624,104.91,93.83,0.78,0.0979,747.5730337078651,179.31,4.169165320996403,0,75.83926775011919,0.7265494339760249
7625,83.57,65.41,0.82,0.0935,573.6491978609625,383.87,1.4943840306899798,0,58.60849177522445,0.7945971757059985
7626,85.59,74.49,0.85,0.0669,946.4349775784752,220.56,4.291054486663381,0,95.5775111602438,0.7619879150860926
7627,471.17,324.07,0.78,0.0281,8995.537366548042,56.97,157.8995500535026,3,409.4668362015343,0.1054280605581282
7628,449.24,306.43,0.77,0.0213,11077.516431924882,413.01,26.8214242558894,2,386.768689050091,0.11579720931017563
7629,64.39,67.2,0.82,0.0708,778.3050847457627,369.75,2.1049495192583167,0,76.21528626620565,0.771225090138389
7630,304.44,213.79,0.81,0.0233,7432.184549356223,389.53,19.079877158001242,1,254.3768436291707,0.1306080553082808
7631,113.0,115.63,0.82,0.0921,1029.4961997828445,400.66,2.569500823098998,0,99.62298687907841,0.7417887157028793
7632,485.04,437.02,0.81,0.0795,4452.656603773585,205.23,21.695934335981995,2,459.3100635072915,0.7502792328772995
7633,172.72,175.1,0.78,0.014,9755.57142857143,50.03,194.99443191228121,3,175.19196749906223,0.13399527531275712
7634,88.3,79.99,0.87,0.0108,6443.638888888887,170.13,37.87479509133537,1,60.14095864821539,0.10077847368396677
7635,220.53,177.73,0.87,0.0228,6781.802631578947,453.74,14.946450900469314,1,198.44496176364044,0.12566655907849994
7636,420.78,350.91,0.81,0.0254,11190.437007874018,50.34,222.2971197432264,3,381.5071592082742,0.1387386290661902
7637,236.45,199.77,0.89,0.0268,6634.152985074628,48.41,137.04096230271904,1,191.7673325863383,0.1060115701684258
7638,109.77,96.9,0.78,0.0904,836.0840707964603,325.49,2.5686935721418793,0,98.7022642921724,0.7296534248361245
7639,147.19,112.86,0.83,0.0145,6460.262068965517,198.47,32.55032029508499,1,115.25099929041234,0.10203886997192745
7640,485.43,555.08,0.84,0.0978,4767.558282208589,338.79,14.072311113694585,2,460.52288340909104,0.7237367908994625
7641,265.45,259.75,0.84,0.0175,12467.999999999998,202.92,61.442933175635716,3,258.0992724369248,0.13461266557812468
7642,110.74,76.83,0.82,0.0837,752.695340501792,330.2,2.2795134479157846,0,80.47989840919647,0.7596734963275091
7643,111.37,110.11,0.79,0.0831,1046.7737665463299,444.45,2.35521153458506,0,117.5569061328682,0.7285394239952551
7644,71.48,68.13,0.88,0.0993,603.7703927492447,206.48,2.92411077464764,0,85.67940452807238,0.781420037006376
7645,124.7,112.24,0.79,0.0284,3122.169014084507,171.03,18.25509567961473,1,113.7610529896001,0.1184487812623964
7646,234.47,162.13,0.78,0.0671,1884.670640834575,342.08,5.509444109081429,0,192.24798977951394,0.7414185073124179
7647,180.48,166.86,0.77,0.0817,1572.609547123623,43.44,36.20187723581085,0,163.98438608326003,0.7293218985075756
7648,114.31,115.2,0.87,0.0984,1018.5365853658536,181.11,5.623856139174278,0,122.37160338632015,0.7458472377937216
7649,82.07,74.47,0.87,0.0645,1004.4790697674417,204.66,4.908038061992777,0,90.76815344863701,0.7692855894950997
7650,306.28,335.02,0.82,0.0664,4137.295180722891,419.26,9.868089445029078,2,296.37471356592107,0.724055947396905
7651,90.7,74.19,0.86,0.0135,4726.177777777778,197.12,23.976145382395384,1,81.39137286537779,0.1251587536953388
7652,234.14,162.81,0.76,0.0133,9303.428571428572,221.89,41.92811109751937,1,190.60884000095461,0.11968537341631989
7653,326.73,230.55,0.89,0.013,15783.807692307691,428.45,36.83932242340458,3,275.7623318787392,0.12445513387715469
7654,105.61,118.7,0.89,0.0924,1143.3225108225108,218.01,5.244358106612132,0,113.03593007132544,0.7530166641136443
7655,140.57,141.06,0.75,0.0909,1163.861386138614,431.45,2.697557969958545,0,145.03898459166874,0.7669184894160144
7656,70.46,60.46,0.77,0.0735,633.3904761904763,172.42,3.6735325147342324,0,64.05415074387358,0.7570318173162146
7657,155.5,153.26,0.84,0.0592,2174.635135135135,376.82,5.771018351295407,0,157.81736359213147,0.7411509782867314
7658,50.38,57.48,0.76,0.0219,1994.739726027397,299.11,6.6689168734826545,1,65.4755396024702,0.10739124375485698
7659,395.82,418.13,0.77,0.028,11498.575,224.02,51.32834121953397,3,376.82621248188946,0.14420720774701173
7660,99.66,77.82,0.84,0.079,827.453164556962,359.73,2.30020616728369,0,89.58321407122955,0.7414688818834072
7661,89.93,76.86,0.82,0.0259,2433.405405405405,344.46,7.064406332826468,1,100.79490184100868,0.12083185047444168
7662,107.87,99.11,0.81,0.0647,1240.789799072643,398.38,3.114588581436425,0,76.0805017059397,0.752585661834502
7663,72.59,73.48,0.76,0.0536,1041.8805970149256,385.37,2.703585118236826,0,63.79136136366009,0.7483997414766513
7664,95.82,70.48,0.84,0.0173,3422.1502890173415,375.1,9.123301223719919,1,68.04110173287705,0.10780788166384202
7665,59.5,64.95,0.88,0.0832,686.9711538461539,194.04,3.5403584510727373,0,75.24479102605406,0.7734133551909713
7666,313.75,267.45,0.83,0.0667,3328.088455772114,226.4,14.700037348816757,2,263.1607940578584,0.7228881576012508
7667,209.73,148.74,0.8,0.0838,1419.9522673031029,208.57,6.8080369530762,0,169.83026659151668,0.7373015710857588
7668,167.56,144.58,0.9,0.0186,6995.806451612904,200.19,34.94583371603429,1,152.69972978740242,0.10715585046670945
7669,74.75,61.16,0.87,0.0918,579.6209150326797,368.93,1.571086425697774,0,47.90609874006144,0.7910446980088132
7670,160.1,144.06,0.88,0.019,6672.252631578948,327.13,20.39633366422813,1,147.0868888461362,0.12077484512379137
7671,294.31,226.21,0.77,0.0841,2071.126040428062,378.29,5.474969046044204,2,245.51710531855258,0.7449316433365252
7672,62.7,57.91,0.83,0.0254,1892.3346456692911,186.17,10.164551999083049,1,75.89037506776727,0.135051656141371
7673,103.04,116.97,0.78,0.0187,4878.962566844919,191.31,25.502914467852797,1,112.16385275976872,0.12562734055935615
7674,151.61,164.03,0.88,0.0802,1799.8304239401496,372.17,4.836043807776418,0,156.6639422225704,0.7365960276300362
7675,145.85,123.28,0.75,0.0831,1112.635379061372,424.81,2.619136505876444,0,111.44953904447772,0.7570697915830641
7676,382.99,358.4,0.87,0.0763,4086.6055045871553,176.98,23.090775819794075,2,347.9203555860423,0.7508978660020084
7677,413.04,330.12,0.75,0.0839,2951.0131108462456,46.0,64.15245893144012,2,354.3067742983055,0.7641380680909586
7678,170.3,145.92,0.79,0.0778,1481.706940874036,416.55,3.557092644038017,0,132.95662672147745,0.7429940079641394
7679,146.23,136.48,0.83,0.0152,7452.526315789472,382.29,19.494431755446055,1,131.73936519304198,0.13860532503289164
7680,238.94,175.78,0.79,0.0535,2595.6299065420567,367.71,7.0589048612821435,0,193.21078073223066,0.7419100273249587
7681,141.3,157.39,0.83,0.0892,1464.5033632286993,50.8,28.828806362769672,0,146.47197756636902,0.7459749481712109
7682,115.38,90.95,0.81,0.0695,1059.992805755396,200.72,5.280952599419071,0,84.83109749491932,0.7545156839261812
7683,323.33,231.18,0.88,0.0122,16675.278688524588,185.98,89.66167700034728,3,272.5568930963616,0.11995463821510426
7684,469.71,439.71,0.75,0.0171,19285.526315789473,365.62,52.74745997426145,3,424.73094510743863,0.11291894127772018
7685,196.3,188.36,0.76,0.0224,6390.785714285716,350.13,18.252608214907937,1,177.8145500518906,0.12367297557488278
7686,486.55,517.3,0.83,0.0169,25405.85798816568,303.57,83.69027897409389,3,461.1128581176352,0.125142914668574
7687,135.46,123.85,0.88,0.0765,1424.6797385620914,373.16,3.817879029269191,0,140.81294596119616,0.7492379079961914
7688,62.39,45.77,0.78,0.0658,542.5623100303952,51.75,10.484295845997975,0,37.78068816132685,0.7839582149164596
7689,196.59,205.13,0.76,0.0254,6137.748031496063,49.09,125.03051602151278,1,197.79397498115247,0.124832665443034
7690,72.83,79.01,0.84,0.0968,685.6239669421489,46.93,14.609502811467054,0,85.49925151084427,0.7607010973075735
7691,81.25,63.71,0.77,0.0959,511.54014598540147,52.82,9.68459193459677,0,75.57595053803118,0.7775909249259461
7692,422.78,374.21,0.77,0.0269,10711.587360594795,176.3,60.75772751330002,3,364.2193114784014,0.12097793191840774
7693,405.55,423.47,0.81,0.0985,3482.3421319796958,44.2,78.78602108551347,2,386.19909910689523,0.7442942267317629
7694,98.64,73.14,0.79,0.0616,937.9967532467532,331.08,2.83314230169975,0,70.23884136933796,0.7831544950707982
7695,98.21,108.41,0.77,0.0162,5152.8209876543215,299.03,17.231786067131466,1,109.29751051425548,0.1282584789949583
7696,143.93,141.46,0.86,0.078,1559.6871794871797,361.42,4.31544236480322,0,130.85928628506664,0.7512980496816395
7697,51.0,43.35,0.83,0.056,642.5089285714286,42.63,15.071755303106462,0,44.0784944232074,0.7432429492493937
7698,340.28,251.12,0.78,0.0543,3607.2486187845307,182.86,19.72683265221771,2,286.6918613021358,0.7163842489289938
7699,182.52,129.95,0.8,0.0144,7219.444444444443,359.05,20.10707267635272,1,146.27123765257127,0.10394525269491434
7700,190.51,166.53,0.79,0.0112,11746.312500000002,56.9,206.43782952548335,3,152.54258999242313,0.11198413911253295
7701,203.74,194.66,0.75,0.0733,1991.7462482946794,351.53,5.665935334949164,0,182.3398619978275,0.7366002381172341
7702,57.34,55.3,0.89,0.0193,2550.103626943005,186.36,13.683749876277124,1,51.69776772163259,0.12229147938847104
7703,219.73,198.33,0.84,0.0862,1932.682134570766,313.49,6.165051946061329,0,178.70453829435914,0.7504020089522568
7704,160.82,155.57,0.83,0.0837,1542.689366786141,195.13,7.905956884057505,0,165.05002353673802,0.7304812449742137
7705,83.73,70.32,0.81,0.0846,673.2765957446808,400.42,1.6814259920700283,0,56.64817880096237,0.7814849836269411
7706,390.56,441.3,0.82,0.0979,3696.2819203268637,200.93,18.395868811660097,2,374.27017324680617,0.737204704354092
7707,54.32,53.94,0.83,0.0261,1715.333333333333,52.51,32.6667936266108,1,48.57961715869288,0.11523293162698846
7708,57.6,49.27,0.79,0.0565,688.90796460177,49.98,13.783672761139856,0,32.16579305566276,0.7814368113506721
7709,144.02,98.01,0.77,0.086,877.5313953488373,374.23,2.344898579346491,0,109.88073177159836,0.7571417494997483
7710,340.61,387.93,0.89,0.0648,5328.050925925926,178.29,29.8841826570527,2,326.4167488001373,0.7475450625667667
7711,83.12,71.85,0.86,0.0664,930.5873493975903,192.87,4.824946074545498,0,75.58674685568688,0.783271776693088
7712,143.67,125.14,0.84,0.014,7508.4,369.93,20.296812910550642,1,129.4997672544115,0.13617559411938973
7713,435.06,430.87,0.79,0.0572,5950.826923076924,373.55,15.930469610699836,2,411.8312157606642,0.7255314932469374
7714,68.25,62.5,0.86,0.0508,1058.0708661417323,432.81,2.4446543890892825,0,77.87517664067741,0.7541992949171962
7715,67.13,58.6,0.78,0.0234,1953.3333333333335,341.36,5.722209202406062,1,80.91594784382013,0.13184215321333706
7716,89.66,71.26,0.86,0.0751,816.0266311584555,201.61,4.047550375271343,0,80.62804377067009,0.7810279457728347
7717,49.48,44.43,0.76,0.0134,2519.9104477611945,345.47,7.2941512946455385,1,62.729025014010176,0.10792344343637109
7718,123.63,136.79,0.8,0.0758,1443.6939313984167,53.84,26.814523242912642,0,131.02945830673,0.7390881913691915
7719,167.86,153.61,0.87,0.0952,1403.7888655462186,219.16,6.405315137553471,0,152.7767291916529,0.7345162590746572
7720,164.17,167.71,0.78,0.0578,2263.2145328719726,185.76,12.183540766967983,0,148.06279371842416,0.7218554311178674
7721,383.61,308.31,0.8,0.0224,11011.071428571431,44.41,247.9412616206132,3,328.26456681092645,0.10580904207379531
7722,67.54,49.05,0.81,0.0904,439.4966814159292,57.13,7.692922832416054,0,41.7078153257753,0.7853900496769893
7723,358.17,273.41,0.85,0.0577,4027.7036395147315,447.83,8.99382274415455,2,302.4116603291645,0.7225256477384602
7724,85.48,69.65,0.87,0.0135,4488.555555555556,329.67,13.615298800483986,1,58.95649611568132,0.10530292685123654
7725,58.71,48.47,0.88,0.0531,803.2693032015065,183.44,4.378921190588239,0,32.68825048349302,0.7497141779892925
7726,478.94,513.67,0.79,0.0901,4503.876803551609,173.33,25.984404335958047,2,453.9415921961994,0.737671115765447
7727,156.18,134.31,0.78,0.0213,4918.394366197183,428.7,11.472811677623474,1,121.25833044817844,0.13031808714584975
7728,190.08,142.06,0.82,0.0524,2223.076335877862,388.68,5.7195542242406665,0,151.3050497428685,0.7314083849854616
7729,202.17,141.94,0.8,0.063,1802.4126984126985,224.02,8.04576688872734,0,160.94049696007664,0.7349412968214967
7730,51.68,46.0,0.84,0.0184,2100.0,419.75,5.002977963073258,1,45.47369751803079,0.12209728492155819
7731,345.14,345.89,0.85,0.0959,3065.761209593326,52.2,58.73105765504455,2,329.89410958079077,0.741642207039217
7732,61.17,65.14,0.8,0.0587,887.7683134582625,46.19,19.2199245173904,0,72.54041376850392,0.764047795762802
7733,333.17,303.88,0.88,0.0194,13784.247422680413,396.93,34.72714942856527,3,318.2520832469628,0.14160536171631488
7734,489.46,445.63,0.8,0.0579,6157.236614853195,299.68,20.546037823188716,2,460.43633472590864,0.6521489600857138
7735,231.83,220.98,0.85,0.0979,1918.6210418794687,46.26,41.4747306934602,0,209.57980978791613,0.7434504662969066
7736,477.19,358.03,0.85,0.0271,11229.723247232472,45.77,245.35117428954493,3,413.59997535599194,0.12078041523694198
7737,91.96,84.22,0.77,0.0138,4699.231884057971,45.06,104.28832410248492,1,81.53503742093422,0.10719454575968879
7738,467.47,354.64,0.76,0.0124,21735.999999999996,371.21,58.55445704587699,3,403.5710810083277,0.09242305749115896
7739,61.16,48.24,0.89,0.0288,1490.7500000000002,214.92,6.936301879769218,1,37.38826844173613,0.12041110153439495
7740,180.21,175.71,0.83,0.0729,2000.5390946502057,208.3,9.60412431421126,0,163.79327235156535,0.7505373786420662
7741,92.95,80.3,0.77,0.0654,945.4281345565748,371.5,2.544894036491453,0,102.6334492193034,0.7710887891093077
7742,51.05,35.47,0.85,0.0691,436.3169319826339,173.96,2.508145159707024,0,26.73109087949092,0.7633489118442993
7743,454.93,414.71,0.88,0.0276,13222.63768115942,56.21,235.2363935449105,3,431.0942353892343,0.14357402472585679
7744,291.55,276.85,0.75,0.0858,2420.0174825174827,44.35,54.56634684368619,2,283.0111472920066,0.7464809005765862
7745,53.89,46.41,0.83,0.0927,415.5372168284789,357.07,1.1637416104082643,0,49.41672421704038,0.7883806602026111
7746,168.88,183.74,0.76,0.0524,2664.9312977099235,396.38,6.723172959558816,0,170.37240517524828,0.6984500538488969
7747,377.92,305.65,0.78,0.0629,3790.2543720190774,330.8,11.457842720734817,2,322.04179352002166,0.7342468889740975
7748,112.31,78.07,0.76,0.0108,5493.814814814814,348.25,15.77549121267714,1,81.10420257117755,0.10626809101948093
7749,62.33,52.26,0.76,0.0523,759.4187380497132,56.12,13.5320516402301,0,34.945334913428184,0.7618474804232948
7750,215.61,188.24,0.76,0.0299,4784.695652173913,353.5,13.535206936842753,1,194.65485932190853,0.1365430450378197
7751,61.13,54.36,0.81,0.0134,3285.940298507463,50.93,64.51875708830676,1,54.60788903850164,0.11831658808863138
7752,126.22,114.51,0.78,0.0805,1109.5378881987579,187.65,5.912805159599029,0,132.5027280617806,0.7274960871197694
7753,458.4,393.46,0.78,0.0271,11324.678966789668,398.35,28.428966905459188,2,414.7174020311991,0.11891138742379004
7754,387.31,312.22,0.76,0.0173,13716.023121387285,45.21,303.38471845581256,3,349.83951478779534,0.12021551958013628
7755,189.2,168.4,0.87,0.0677,2164.0768094534715,179.51,12.05546660048728,0,170.38570618079336,0.7457569103777579
7756,234.43,177.16,0.77,0.0831,1641.554753309266,341.31,4.8095712206184,0,192.3904077096375,0.7516753421212842
7757,325.81,253.64,0.83,0.0621,3390.0354267310786,316.84,10.69951845326057,2,293.97141282288067,0.7373073779386199
7758,235.94,198.03,0.83,0.0222,7403.824324324324,51.09,144.9172895737781,1,211.43838697611767,0.12571091533316522
7759,246.82,224.74,0.81,0.059,3085.4135593220344,387.48,7.9627685540467485,2,202.015080726378,0.7471642607679994
7760,165.5,144.83,0.84,0.069,1763.1478260869565,55.15,31.97004217746068,0,148.10286801624991,0.740611215526122
7761,114.26,122.59,0.85,0.0255,4086.3333333333335,366.36,11.153874149288496,1,124.00332328388475,0.14130019123000273
7762,77.37,65.25,0.8,0.0991,526.7406659939456,309.68,1.7009192262785637,0,72.35002467854227,0.7864996391498693
7763,326.48,315.81,0.76,0.0849,2827.038869257951,187.35,15.089612325903127,2,313.4899564912458,0.7285884245575462
7764,426.73,332.98,0.88,0.0599,4891.859766277129,47.26,103.50951684886012,2,386.64988011018863,0.7706725729044429
7765,50.04,36.25,0.79,0.0146,1961.4726027397262,52.93,37.0578613780413,1,25.879986228938918,0.09798377089865731
7766,72.41,73.86,0.86,0.0174,3650.551724137931,394.31,9.258075433384725,1,84.13962511964702,0.12002950603847778
7767,352.2,402.01,0.81,0.0122,26690.82786885246,387.18,68.93648398381234,3,336.50729693199753,0.12524437850462836
7768,50.96,47.78,0.89,0.0261,1629.2796934865898,382.51,4.25944339621602,1,66.06985664785789,0.11218198555558093
7769,192.44,174.77,0.75,0.0729,1798.045267489712,393.22,4.572619061822166,0,172.42591632764217,0.7291451496412706
7770,109.74,96.72,0.79,0.0639,1195.7558685446008,43.02,27.79534794385404,0,97.07885760530208,0.7335389028487055
7771,186.43,182.78,0.76,0.0752,1847.2446808510638,391.26,4.7212714840542445,0,186.8423348756395,0.7222589705917807
7772,453.47,311.65,0.79,0.0892,2760.128923766816,446.98,6.175061353453882,2,390.71883621753466,0.7583122524743325
7773,81.83,68.9,0.81,0.0799,698.4856070087611,44.46,15.710427508069301,0,75.61689734631129,0.7830478869370752
7774,144.93,142.82,0.86,0.0633,1940.3665086887838,427.37,4.540249686896094,0,149.82580758850668,0.7272796364701989
7775,94.48,77.33,0.89,0.0235,2928.668085106383,364.36,8.03784192860463,1,65.71259492760456,0.13212007413314167
7776,79.8,67.25,0.76,0.0928,550.7543103448276,349.44,1.5761055126626247,0,53.861319935365714,0.7754894162091566
7777,82.39,80.55,0.78,0.074,849.0405405405406,186.85,4.543968640837788,0,92.95850248034327,0.7580357263658279
7778,376.84,347.87,0.78,0.0978,2774.4233128834353,397.93,6.972139102061758,2,341.3110420635509,0.7322772207434369
7779,207.1,163.74,0.88,0.0761,1893.4454664914588,47.15,40.157910211907925,0,166.05786223691956,0.741106208567818
7780,126.93,115.74,0.77,0.0661,1348.2571860816943,449.34,3.000527854367949,0,112.18747944308508,0.7473405373225565
7781,239.34,198.8,0.89,0.0591,2993.7732656514386,348.33,8.59464664442178,0,195.62522230823026,0.7564457453935846
7782,341.69,333.09,0.89,0.0897,3304.9063545150493,43.88,75.31691783306857,2,309.28150358446703,0.7619185345710533
7783,160.96,139.72,0.83,0.0127,9131.307086614173,177.25,51.51654209655387,1,162.28290255624566,0.12761196823306392
7784,53.81,53.9,0.81,0.0825,529.1999999999999,414.13,1.277859609301427,0,67.28488881173404,0.7898328679209983
7785,152.58,131.11,0.84,0.0916,1202.3187772925764,207.65,5.790121730279684,0,158.41806503800373,0.752978214650728
7786,250.29,268.4,0.77,0.0211,9794.691943127962,364.0,26.908494349252642,1,244.67376791688173,0.13587425436837647
7787,93.25,105.01,0.89,0.0617,1514.7309562398702,398.45,3.8015584295140425,0,103.37770863996886,0.7755524574735055
7788,437.57,395.77,0.87,0.0782,4403.06777493606,438.36,10.044410472981248,2,375.5642887731388,0.7221375951354884
7789,401.96,347.32,0.79,0.0238,11528.689075630253,361.57,31.885081936084998,3,345.0347308144669,0.10877470219593892
7790,175.92,120.12,0.8,0.0226,4252.0353982300885,362.1,11.74271029613391,1,139.72272595043748,0.10606884820053232
7791,93.97,72.76,0.81,0.0823,716.1069258809237,175.14,4.088768561613131,0,86.4422262208569,0.78756966562752
7792,125.99,121.05,0.85,0.0216,4763.541666666666,440.3,10.818854568854567,1,113.51821578136204,0.13833818354210817
7793,170.17,131.98,0.78,0.0265,3884.694339622642,383.47,10.130373535407312,1,153.26273804996382,0.1291574126254835
7794,117.86,119.98,0.83,0.0868,1147.274193548387,328.57,3.491719248709216,0,107.95358272648667,0.7462261456462116
7795,331.32,263.98,0.9,0.0922,2576.811279826464,57.02,45.19135881842273,2,281.44430127095177,0.7550520004856436
7796,113.12,102.94,0.87,0.0516,1735.6162790697674,381.94,4.544211863302528,0,119.68603583235469,0.7390641309016966
7797,180.95,166.01,0.89,0.0837,1765.2198327359615,209.2,8.437953311357369,0,144.53722925139786,0.7361339089078075
7798,69.15,61.98,0.84,0.0167,3117.5568862275445,361.59,8.621800620115447,1,62.74070843981379,0.12611637664401312
7799,77.91,82.31,0.85,0.0194,3606.365979381443,415.46,8.680416837677377,1,90.00530754486103,0.12234109658751818
7800,194.64,167.83,0.84,0.0638,2209.673981191223,202.4,10.91736156715031,0,176.6574191670084,0.7323794959806569
7801,69.88,67.86,0.89,0.0986,612.529411764706,51.76,11.834030366396947,0,62.076064592552456,0.7580594262510401
7802,284.74,287.83,0.82,0.0985,2396.1482233502534,438.22,5.467911604559932,2,278.0309390844843,0.7378659467635906
7803,393.74,396.71,0.76,0.0981,3073.390417940876,318.49,9.649880429341192,2,356.69706073247704,0.7434202086598447
7804,254.95,239.35,0.76,0.0756,2406.1640211640215,302.3,7.959523722011318,2,229.60302364099925,0.7382254982125614
7805,196.1,195.49,0.8,0.0848,1844.2452830188683,43.08,42.809779085860455,0,177.31651280740675,0.7460571994773032
7806,51.69,47.01,0.83,0.0519,751.7976878612715,54.05,13.909300422965245,0,25.201130483950408,0.7556297642629528
7807,97.95,85.08,0.86,0.0876,835.2602739726028,357.33,2.3375039150717902,0,70.14563499061165,0.7775623259698294
7808,51.62,45.34,0.87,0.0238,1657.386554621849,457.11,3.6257936921569183,1,64.42061384827583,0.11758467542833886
7809,142.43,149.2,0.87,0.0897,1447.0903010033444,307.26,4.709660551335496,0,148.57401375607384,0.7618810559211155
7810,77.58,63.01,0.86,0.0295,1836.9016949152544,319.44,5.750380963295938,1,49.94128541579802,0.10450007810765731
7811,108.71,80.69,0.85,0.0187,3667.7272727272725,203.31,18.040073152954957,1,79.13082146690584,0.10775983070912526
7812,414.61,372.43,0.75,0.0749,3729.272363150868,225.55,16.534127081138852,2,393.42426548604897,0.7349405835444618
7813,356.26,299.93,0.78,0.052,4498.95,228.51,19.688197453065513,2,321.14834423142736,0.7132295080148897
7814,96.07,80.39,0.83,0.0583,1144.4888507718697,455.52,2.5124886959340307,0,65.4315614482617,0.6988561240930651
7815,72.83,64.77,0.84,0.0871,624.6475315729048,330.64,1.8892073904334163,0,84.80525227788596,0.7743958968936259
7816,240.49,228.74,0.86,0.0984,1999.150406504065,192.37,10.392215036149425,0,216.77144825597495,0.7421593377281254
7817,349.31,360.8,0.81,0.0917,3187.0010905125414,43.13,73.89290726901325,2,316.776006089529,0.7425280272709476
7818,413.02,431.35,0.87,0.0906,4142.102649006622,380.15,10.89596908853511,2,394.0906379179812,0.7386815641489344
7819,352.4,290.61,0.84,0.0833,2930.5210084033615,446.6,6.561847309456698,2,298.62603627870055,0.7442505796017936
7820,496.47,404.61,0.79,0.0783,4082.272030651341,54.21,75.30477828170709,2,448.9458162927894,0.7125260082896812
7821,119.21,93.22,0.83,0.0756,1023.4470899470898,317.34,3.2250806388954745,0,107.53839348978747,0.7554202407101929
7822,86.82,75.84,0.87,0.075,879.744,49.18,17.8882472549817,0,79.31618742397276,0.773918373095427
7823,82.97,63.26,0.76,0.0285,1686.933333333333,314.81,5.358576072339929,1,57.334036451245666,0.11120732209739004
7824,81.63,89.11,0.8,0.0599,1190.1168614357262,401.04,2.9675764548068173,0,92.48256430184723,0.7506690527705228
7825,160.24,154.69,0.85,0.0788,1668.6104060913708,427.56,3.902634498295843,0,142.6025475081221,0.7508879320761956
7826,68.51,59.8,0.8,0.0722,662.6038781163435,423.16,1.565847145562774,0,42.2027232981423,0.7674454958432645
7827,73.81,63.51,0.86,0.0193,2829.979274611399,384.27,7.36455948841023,1,46.644482416908744,0.12014129349887127
7828,300.42,224.92,0.78,0.0608,2885.486842105263,388.93,7.419039009861062,2,250.56346827567646,0.7270496093821631
7829,68.16,60.82,0.78,0.0164,2892.6585365853653,369.55,7.827515996713205,1,42.606961388024956,0.13306420902984026
7830,384.7,409.31,0.87,0.0251,14187.2390438247,340.65,41.647553335754296,3,367.59107366860013,0.1359688495781031
7831,172.59,188.88,0.88,0.0999,1663.8078078078076,49.76,33.43665208616977,0,175.47189765277113,0.7301072706599584
7832,78.52,64.22,0.87,0.0167,3345.5928143712576,399.85,8.367119705817826,1,70.14589992925241,0.12373810235458844
7833,352.23,389.09,0.8,0.091,3420.5714285714284,50.74,67.4137057266738,2,337.63738064204506,0.7339598515274275
7834,56.66,63.03,0.81,0.0105,4862.314285714286,442.58,10.986294648909318,1,68.87776088384781,0.14023744570317756
7835,62.24,57.75,0.89,0.081,634.5370370370371,51.5,12.321107515282273,0,56.86655596260009,0.7559689761120607
7836,180.51,130.65,0.8,0.0918,1138.562091503268,346.45,3.2863677053060125,0,142.4487567212502,0.7568643259797657
7837,409.71,361.48,0.89,0.0239,13460.970711297072,355.26,37.89047658418362,3,388.8035835242654,0.13871343196524274
7838,332.35,297.53,0.88,0.0726,3606.424242424242,189.92,18.98917566567103,2,300.19592246534586,0.730182288080527
7839,147.63,122.31,0.89,0.0928,1173.0161637931035,54.98,21.335324914388934,0,134.07278568808377,0.7431945694233333
7840,94.32,91.27,0.9,0.0271,3031.1070110701107,388.87,7.794653768791911,1,86.5965007452817,0.09813866236600355
7841,299.0,307.35,0.86,0.0585,4518.307692307692,443.85,10.179807800625644,2,266.3039598543452,0.7253010668653376
7842,68.77,70.85,0.87,0.0631,976.8541996830427,49.16,19.870915371908925,0,80.61132869851329,0.7771776353857051
7843,68.79,53.19,0.87,0.0556,832.2895683453237,51.65,16.11402842875748,0,61.917304589522274,0.7637472650435109
7844,75.81,64.24,0.78,0.0899,557.3659621802003,212.21,2.626483022384432,0,69.07949909148053,0.7712180091127319
7845,63.07,49.45,0.8,0.0731,541.1764705882354,55.4,9.768528349968147,0,54.21461746506071,0.7878344466113041
7846,60.12,50.14,0.79,0.0641,617.9500780031201,221.08,2.795142382861951,0,53.029685132341854,0.7670607408461213
7847,207.38,229.57,0.78,0.0132,13565.500000000002,51.27,264.58942851570123,3,204.18688505634617,0.12705663800177638
7848,95.79,95.39,0.84,0.0835,959.6119760479041,311.24,3.0831897444027248,0,106.62037055613007,0.7720183795432027
7849,342.93,256.09,0.79,0.0977,2070.737973387922,393.64,5.260486671547409,2,293.21631611406605,0.7582795624636393
7850,86.47,61.6,0.83,0.0279,1832.5448028673834,379.99,4.822613234209804,1,59.03009167953785,0.10782492385535351
7851,471.99,542.71,0.89,0.0167,28922.868263473058,175.96,164.371836005189,3,447.2069341536753,0.12458041271552149
7852,90.68,64.22,0.86,0.0997,553.9538615847542,210.93,2.626245017706131,0,64.611995833111,0.7631258309230122
7853,476.91,464.48,0.81,0.0962,3910.9022869022874,331.1,11.811846230450882,2,452.5937446582072,0.7307052148824095
7854,75.5,51.84,0.79,0.0798,513.203007518797,330.76,1.5515872763296559,0,48.80140314246064,0.7799136339614988
7855,299.78,274.84,0.83,0.0966,2361.461697722567,53.0,44.555881089105036,2,272.97925901849123,0.7562961398541465
7856,53.48,48.91,0.79,0.0593,651.58347386172,355.36,1.8335869930822826,0,25.830224784595885,0.7865248146557572
7857,53.81,49.45,0.82,0.0917,442.19193020719734,49.44,8.944011533317099,0,28.991895867624322,0.789100240781336
7858,92.72,105.49,0.82,0.0985,878.1908629441623,385.81,2.276226284814189,0,101.81040154247194,0.7730180338147613
7859,135.22,117.25,0.85,0.0925,1077.4324324324323,220.98,4.8757011151798,0,102.83669091616434,0.7733447801761484
7860,170.55,187.47,0.85,0.0866,1840.0635103926097,191.27,9.620241074881632,0,171.8618139251711,0.7498917656442217
7861,177.87,172.14,0.84,0.0846,1709.1914893617018,406.28,4.206929923603677,0,160.24114100692387,0.7352497160959909
7862,129.75,114.24,0.76,0.0668,1299.736526946108,44.83,28.99256138626161,0,134.55445571955886,0.7272289612469744
7863,194.14,207.86,0.88,0.0529,3457.7844990548206,321.59,10.75215180526391,0,194.01213906398203,0.7336767583617629
7864,343.85,289.89,0.76,0.0666,3308.0540540540533,43.56,75.94247139701683,2,309.2278386249383,0.7243082997450682
7865,59.35,53.39,0.76,0.0671,604.7153502235468,216.6,2.7918529557873812,0,70.90990161428688,0.7661396225149647
7866,419.19,366.55,0.77,0.052,5427.759615384616,212.76,25.51118450547385,2,376.13790263207767,0.7316833775795708
7867,389.39,364.9,0.78,0.0102,27904.11764705882,340.26,82.00822208622472,3,370.9376017751771,0.11845733947323295
7868,198.65,194.59,0.88,0.0816,2098.5196078431372,229.32,9.151053583826693,0,199.6437120719631,0.7143088051138095
7869,229.93,232.15,0.9,0.0199,10499.246231155777,44.62,235.30359101648986,3,226.58955762614434,0.10490502296338713
7870,177.32,157.4,0.8,0.0652,1931.2883435582828,371.79,5.194567749423822,0,141.17850970135785,0.7379107885835754
7871,188.85,179.7,0.88,0.0593,2666.7116357504215,42.93,62.11767145936225,0,189.08935092801616,0.713885561811134
7872,88.13,94.33,0.79,0.0198,3763.671717171717,51.27,73.40884956449614,1,97.53958506809697,0.13142938182646294
7873,215.0,168.29,0.89,0.0639,2343.945226917058,362.44,6.467126219283352,0,172.81788423105445,0.7524049186076803
7874,135.45,142.79,0.87,0.0846,1468.4078014184395,401.67,3.655756719243258,0,141.2813989710433,0.7383225018565264
7875,134.2,101.92,0.87,0.0121,7328.132231404959,49.92,146.79752066115702,1,101.9013314334879,0.09155860585771013
7876,353.91,276.16,0.84,0.0874,2654.1693363844392,205.75,12.899972473314406,2,300.7662331045322,0.7276246439421056
7877,84.68,74.34,0.84,0.0149,4190.979865771812,317.21,13.21200424252644,1,77.15290765489084,0.1258630438530944
7878,164.26,147.21,0.83,0.0123,9933.682926829268,352.96,28.14393394953895,1,145.79070086217916,0.15266833397184532
7879,238.22,243.93,0.77,0.0685,2741.9868613138683,346.12,7.922069979526951,2,213.47715593825708,0.732901313270968
7880,84.85,90.39,0.76,0.0727,944.9298486932599,417.0,2.266018821806379,0,93.73884064000623,0.755127546712292
7881,256.08,187.43,0.77,0.0264,5466.708333333334,413.6,13.21737991618311,1,211.77215887189226,0.12408332432183407
7882,88.15,68.8,0.81,0.0172,3240.0,385.15,8.41230689341815,1,57.9361438965187,0.10822574477196667
7883,308.45,253.91,0.75,0.0111,17156.08108108108,316.96,54.12695949356727,3,259.55075551052084,0.10132951900773993
7884,95.84,86.97,0.77,0.0293,2285.5597269624573,51.83,44.09723571218324,1,105.20556989756933,0.12116972435133072
7885,60.15,53.71,0.8,0.0504,852.5396825396826,53.32,15.989116326700724,0,52.21886103384037,0.7685214309895433
7886,52.31,58.51,0.77,0.0284,1586.362676056338,55.98,28.338025653024975,1,66.9102937440672,0.13253895273150001
7887,147.29,139.39,0.79,0.0728,1512.6112637362637,50.37,30.030003250670315,0,151.62065174626122,0.7455436402110216
7888,314.98,323.48,0.86,0.0561,4958.873440285206,45.19,109.73386679099815,2,304.39527902090276,0.7395488460090077
7889,175.22,177.43,0.87,0.0514,3003.1926070038908,212.95,14.102806325446776,0,158.0980467901061,0.7476326795240236
7890,164.57,157.02,0.79,0.0132,9397.409090909094,219.17,42.87726007623805,1,165.31815521214082,0.14062096507322852
7891,144.72,131.82,0.79,0.0282,3692.8297872340427,193.45,19.089324307232065,1,130.96719915203337,0.12657680834252263
7892,73.28,57.23,0.87,0.023,2164.786956521739,177.27,12.211806603044726,1,67.29507627956075,0.1326696992859981
7893,90.68,79.64,0.9,0.0736,973.858695652174,228.49,4.262150184481483,0,63.42306459939164,0.7468712565519088
7894,176.95,147.97,0.82,0.086,1410.8767441860466,451.11,3.127566988508449,0,157.31297295662827,0.7356515109821521
7895,368.97,347.55,0.75,0.0118,22090.04237288136,316.16,69.8698202583545,3,352.50334498347354,0.1253710100915643
7896,70.64,48.73,0.76,0.0828,447.280193236715,371.44,1.2041788532110569,0,44.10969373104055,0.7612610266245469
7897,67.32,52.98,0.79,0.0887,471.8624577226606,200.61,2.35213826689926,0,41.32479183183767,0.7888876094656371
7898,138.71,97.76,0.8,0.0113,6921.061946902656,57.12,121.16705089115295,1,103.00647913918178,0.11221495145870158
7899,77.3,55.53,0.82,0.0908,501.4823788546255,56.59,8.86167836816797,0,50.345268355875405,0.7762332172920954
7900,306.53,288.24,0.82,0.0556,4251.021582733813,208.15,20.422875727762733,2,275.44814337675234,0.7307017013561693
7901,83.42,75.89,0.82,0.0599,1038.8948247078465,302.26,3.4370900043268926,0,55.77259312133269,0.7864191322401786
7902,220.57,188.36,0.84,0.0255,6204.8,47.55,130.49001051524712,1,198.4570337395681,0.11879310022178885
7903,259.39,222.96,0.78,0.0202,8609.346534653467,44.14,195.0463646274007,3,234.09661771092559,0.12033388748654224
7904,240.46,177.75,0.76,0.0289,4674.394463667821,349.34,13.380644826437914,1,197.26336309978575,0.1271824504645008
7905,412.11,321.7,0.9,0.0763,3794.6264744429877,229.78,16.5141721404952,2,354.632347314548,0.7224251782846706
7906,173.09,135.17,0.81,0.0226,4844.588495575222,456.77,10.606188006163325,1,155.67105217715502,0.12838586834564214
7907,383.82,385.78,0.84,0.093,3484.4645161290314,46.11,75.5685212780098,2,347.3225478667068,0.7511184674016849
7908,145.32,131.74,0.8,0.0819,1286.837606837607,43.48,29.5960811140204,0,150.0767851115953,0.7278240839122408
7909,314.08,260.28,0.77,0.0108,18556.999999999996,56.0,331.37499999999994,3,283.1183744828227,0.12580654473633568
7910,437.61,362.57,0.84,0.0193,15780.24870466321,45.01,350.5942835961611,3,376.6909885444333,0.10785769288776877
7911,335.13,326.67,0.9,0.0962,3056.1642411642415,371.2,8.233201080722633,2,322.4983219844477,0.757251074074603
7912,237.58,243.35,0.79,0.0826,2327.4394673123484,193.54,12.025625024864878,2,214.8559051137342,0.7570370033883934
7913,121.77,116.72,0.77,0.0105,8559.466666666665,343.11,24.94671291033973,1,108.33355949440906,0.12222432235166293
7914,198.33,178.53,0.81,0.0767,1885.3885267275098,213.57,8.827965195146836,0,159.11594455704545,0.7517722190744976
7915,362.35,303.99,0.78,0.0658,3603.5288753799396,310.57,11.602952234214314,2,308.93594723915976,0.7298051133256724
7916,311.0,297.87,0.83,0.0202,12239.212871287129,337.15,36.30198093218784,3,280.83819322034435,0.12065471772150788
7917,228.08,246.93,0.83,0.0629,3258.376788553259,224.69,14.5016546733422,2,223.24083174321845,0.7286373283981873
7918,173.56,157.85,0.8,0.0631,2001.2678288431061,189.63,10.553540203781607,0,138.07943605665972,0.7492207923105603
7919,63.71,52.66,0.86,0.0109,4154.825688073394,394.46,10.53294551557419,1,37.76346080409837,0.12783522749427487
7920,444.38,466.74,0.87,0.0847,4794.141676505314,45.32,105.78423822827259,2,419.90414656124756,0.7431103685647475
7921,108.88,87.96,0.77,0.0941,719.7577045696066,299.14,2.406089806009249,0,78.79455076303564,0.760791922652515
7922,58.91,42.31,0.87,0.0729,504.9341563786008,395.54,1.276569136822068,0,33.15723461763625,0.7800643685559484
7923,181.48,146.23,0.79,0.0734,1573.8651226158038,396.65,3.9678939181036275,0,145.2014729489091,0.7337822504400122
7924,345.25,272.28,0.89,0.0578,4192.546712802768,42.53,98.57857307318993,2,290.05327298046063,0.7464815769764391
7925,372.67,345.54,0.86,0.0884,3361.588235294117,380.09,8.844190153106153,2,355.01137831176004,0.7237294785811292
7926,280.27,226.2,0.82,0.0207,8960.579710144926,344.11,26.039870129159066,1,233.222715950128,0.11587377162448749
7927,64.87,56.86,0.83,0.0509,927.1866404715126,352.51,2.6302420937604967,0,39.23444249299965,0.7879643753204241
7928,98.75,78.0,0.77,0.0592,1014.527027027027,173.63,5.843039952928797,0,88.6908990540966,0.758386479268795
7929,146.68,115.42,0.85,0.0925,1060.6162162162161,186.01,5.7019311661535195,0,113.9377192543663,0.7564457685507118
7930,82.42,87.99,0.75,0.0835,790.3293413173651,194.57,4.0619280532320765,0,93.17490958779501,0.770984436329463
7931,105.12,104.12,0.75,0.0258,3026.7441860465115,313.88,9.642997916549355,1,114.37091253763975,0.12993783891495034
7932,151.72,170.88,0.78,0.0893,1492.568868980963,45.58,32.7461357828206,0,156.96193512567308,0.7297446992772155
7933,61.0,56.44,0.78,0.085,517.92,392.95,1.3180302837511133,0,55.63524264425632,0.7729957801507059
7934,56.16,50.15,0.87,0.0624,699.2067307692307,416.41,1.6791304982330653,0,30.042503286468047,0.7904803042552618
7935,396.36,442.91,0.79,0.0123,28447.065040650406,362.2,78.53966052084596,3,377.3278835143675,0.14002070179998558
7936,452.99,433.19,0.88,0.0205,18595.473170731708,54.26,342.7105265523721,3,410.6674912262739,0.12983517855362592
7937,294.29,257.29,0.82,0.0245,8611.338775510205,53.84,159.94314219001123,3,282.54828767098377,0.13751452839369752
7938,227.23,185.23,0.76,0.0284,4956.859154929577,199.54,24.841431066099915,1,184.2496688114465,0.11863787926405221
7939,123.51,138.26,0.76,0.0619,1697.5379644588047,43.53,38.99696679206994,0,131.0514599730794,0.7270254368021715
7940,79.37,80.88,0.82,0.0711,932.7932489451475,46.88,19.897466914358947,0,90.65991751573921,0.7585431500594116
7941,90.08,84.54,0.78,0.0927,711.3398058252428,52.33,13.593346184315743,0,101.89245849733804,0.77078310522474
7942,180.07,160.63,0.89,0.0868,1647.01267281106,328.91,5.007487375911525,0,165.0578866787104,0.7351803878448406
7943,127.56,107.38,0.86,0.0123,7507.869918699185,56.2,133.59199143592855,1,113.80687987751112,0.11118128365093144
7944,464.44,467.58,0.82,0.0181,21183.182320441985,309.44,68.45650956709535,3,421.45463637002325,0.12497114273852328
7945,133.0,91.9,0.82,0.0685,1100.1167883211679,46.41,23.704304855013316,0,99.48362645891626,0.7548378833759457
7946,84.08,89.64,0.87,0.0997,782.2146439317954,441.14,1.773166441337887,0,95.78079539426784,0.7690089825207465
7947,247.35,226.88,0.76,0.0204,8452.392156862745,393.57,21.47621047555135,1,242.32151667370962,0.13955844416042257
7948,306.54,306.76,0.8,0.0506,4849.960474308301,384.5,12.613681337602863,2,275.33235821116267,0.7338447701966273
7949,298.96,261.59,0.77,0.0987,2040.77304964539,50.2,40.652849594529684,2,269.6602452100669,0.7414673864169612
7950,158.1,173.89,0.81,0.025,5634.036,198.98,28.314584380339735,1,161.95183734725765,0.12730948009131432
7951,155.45,141.31,0.8,0.0605,1868.5619834710747,402.11,4.6468926002115705,0,119.31797269431145,0.7405007509153113
7952,181.42,158.16,0.89,0.0825,1706.210909090909,43.83,38.92792400389936,0,144.99329568738708,0.7249380616819997
7953,67.86,57.7,0.84,0.0844,574.2654028436019,361.47,1.588694505335441,0,62.46162830867107,0.7825995818467425
7954,57.6,46.68,0.86,0.0294,1365.4693877551022,57.12,23.905276396272797,1,30.81877630719157,0.11496545350377158
7955,71.6,57.86,0.88,0.0117,4351.863247863248,200.74,21.679103556158452,1,63.626160306063056,0.13749569554174568
7956,383.09,370.92,0.78,0.084,3444.2571428571428,388.64,8.862333117685115,2,365.42941276700867,0.7194679531145147
7957,452.33,376.95,0.9,0.0159,21336.79245283019,44.88,475.4187266673393,3,409.19714647075176,0.09656238921163597
7958,189.63,184.07,0.77,0.0122,11617.532786885246,200.53,57.93413846748739,1,170.41764444600247,0.13398822671601723
7959,100.54,79.26,0.88,0.0719,970.0806675938803,177.87,5.4538745577887235,0,89.92738417005405,0.7571927062519115
7960,124.26,140.57,0.88,0.0169,7319.621301775149,182.89,40.02198754319618,1,132.34052800976076,0.13384802660207165
7961,470.67,408.96,0.8,0.015,21811.2,207.44,105.14462013112225,3,444.55521282697293,0.13563337502305972
7962,61.84,55.08,0.78,0.0833,515.7551020408164,440.96,1.1696187909125917,0,35.5033816739417,0.7787506130256012
7963,471.12,376.32,0.88,0.0588,5632.000000000001,44.63,126.19314362536412,2,424.23428171840453,0.7322072331225882
7964,480.42,415.35,0.76,0.0204,15473.823529411764,53.4,289.7719762062128,3,415.9566233725577,0.11570899380545815
7965,80.01,69.3,0.84,0.0684,851.0526315789473,222.23,3.8296028060070526,0,72.77390071356595,0.7623387087979707
7966,371.4,335.22,0.85,0.014,20352.64285714286,368.16,55.282059042652264,3,354.7598244497411,0.13258595544201146
7967,59.5,45.87,0.84,0.0941,409.46652497343246,399.92,1.0238710866509113,0,51.73442464778637,0.7758107959886482
7968,245.58,236.03,0.77,0.0909,1999.3740374037407,49.52,40.3750815307702,2,220.0246304556939,0.7498058772260784
7969,328.19,252.6,0.88,0.0244,9110.163934426228,44.03,206.90810661881054,3,276.8424394030367,0.10056124273582213
7970,55.65,52.51,0.84,0.0542,813.8081180811807,201.49,4.038950409852502,0,68.96966792417012,0.764946386181273
7971,410.71,289.28,0.76,0.0122,18020.721311475405,48.14,374.3398693700749,3,351.1113373173421,0.10712703165841546
7972,183.27,178.24,0.87,0.0241,6434.390041493777,43.32,148.53162607326354,1,163.69538784564344,0.10494560046884648
7973,88.71,94.7,0.78,0.0716,1031.6480446927374,457.72,2.2538845684976345,0,98.13454286966319,0.6572417308763693
7974,287.11,272.23,0.84,0.0146,15662.54794520548,52.01,301.14493261306444,3,259.01787414304675,0.12606628968652184
7975,128.85,126.93,0.86,0.0242,4510.735537190083,375.66,12.007494908135236,1,115.35895479300765,0.15752805197562733
7976,153.77,174.71,0.88,0.0634,2424.9968454258674,44.25,54.80218859719474,0,156.6224655192646,0.7180827060293012
7977,111.78,103.81,0.81,0.096,875.896875,184.37,4.750755952703802,0,99.55041542947863,0.7543553202256255
7978,169.08,145.59,0.83,0.02,6041.985,380.48,15.879901703111857,1,152.893792853529,0.12741328066316038
7979,400.43,336.43,0.89,0.0154,19443.032467532466,184.59,105.3309088657699,3,342.92013000150604,0.11518717197517125
7980,423.83,406.66,0.81,0.0267,12336.876404494382,170.63,72.30191879795102,3,384.61988894896604,0.13679844437368258
7981,464.81,507.63,0.77,0.0635,6155.513385826773,322.7,19.07503373358157,2,441.91947087083645,0.7475294867366604
7982,54.5,38.62,0.86,0.0679,489.1487481590574,333.57,1.4664050968584028,0,30.18867645982587,0.7959189278281424
7983,309.27,234.33,0.9,0.0952,2215.3046218487398,391.75,5.654893737967428,2,260.54293345329165,0.7309787490598357
7984,96.56,107.94,0.89,0.0252,3812.1666666666665,50.78,75.07220690560588,1,106.90933209911373,0.11373981549354635
7985,208.98,190.98,0.8,0.0777,1966.3320463320463,46.75,42.06057853116676,0,206.19071764265553,0.7335130166272981
7986,470.47,346.47,0.76,0.058,4539.951724137931,372.63,12.183537890502457,2,405.58220269689656,0.7148658111759775
7987,342.97,329.38,0.81,0.0561,4755.754010695187,185.73,25.605739571933384,2,328.4028006305638,0.7243400794978883
7988,138.48,136.86,0.85,0.0643,1809.1912908242616,375.11,4.823095334233322,0,123.67801691748477,0.7384251320842742
7989,363.34,321.94,0.84,0.0513,5271.53216374269,384.89,13.696204535692509,2,347.2178818661024,0.7201327589837568
7990,172.8,128.07,0.83,0.0164,6481.591463414633,187.17,34.62943561155438,1,136.46743033777386,0.10884915455215045
7991,138.7,152.03,0.77,0.0584,2004.5051369863015,424.48,4.722260499873496,0,143.50507285348803,0.7163127762093346
7992,102.54,82.73,0.83,0.0558,1230.5716845878135,227.02,5.420543056064723,0,71.51865777410822,0.7355327996059282
7993,164.31,144.65,0.85,0.0861,1428.0197444831592,326.83,4.369304361543185,0,129.42091130913226,0.7580571951651133
7994,51.94,50.29,0.88,0.0259,1708.6949806949806,343.57,4.973353263366943,1,47.16075464149601,0.11299517324128118
7995,83.24,72.0,0.79,0.09,632.0,181.08,3.4901700905677044,0,56.97615688510108,0.7881623367225485
7996,108.93,113.43,0.77,0.0281,3108.224199288257,456.56,6.807920534624708,1,116.00135232297076,0.13508897407323364
7997,294.77,298.66,0.87,0.0805,3227.754037267081,299.66,10.771387696946809,2,267.08875242079307,0.7423331360323592
7998,364.63,260.83,0.8,0.0129,16175.50387596899,346.8,46.64216803912627,3,310.92483663536746,0.1084852268449659
7999,379.26,323.73,0.76,0.0508,4843.204724409449,385.66,12.558224146682178,2,360.5563524463861,0.7152008069582386
8000,76.25,68.6,0.85,0.0903,645.7364341085271,364.18,1.7731243728610222,0,50.78863227633488,0.790377221517465
8001,82.17,77.62,0.84,0.0228,2859.6842105263154,177.41,16.11907001029432,1,75.61482308929887,0.12453566720819298
8002,284.47,198.7,0.82,0.0574,2838.571428571428,219.32,12.94260180818634,2,236.87032553282086,0.7286290862897593
8003,141.72,129.5,0.86,0.0218,5108.715596330276,177.55,28.773391136751762,1,129.26736919730536,0.12597223364384752
8004,372.77,301.62,0.76,0.0799,2868.9762202753445,330.97,8.668387528402405,2,337.52956297686694,0.7311183111842824
8005,495.4,439.32,0.86,0.0282,13397.702127659575,196.72,68.10543985186852,3,429.466593485355,0.10220300610202379
8006,456.05,513.27,0.81,0.0278,14954.989208633095,202.86,73.72073946876218,3,430.7712368148004,0.13857303388875994
8007,359.66,321.4,0.89,0.0181,15803.646408839777,304.72,51.86284592031956,3,344.69381869499205,0.11899730455553334
8008,94.18,67.58,0.77,0.0633,822.0631911532387,219.11,3.7518287214332466,0,65.09197743802841,0.7481546103308777
8009,185.8,146.51,0.77,0.0208,5423.6875,435.6,12.451073232323232,1,166.85051961162392,0.15152079999329504
8010,102.26,96.96,0.85,0.0996,827.4698795180723,55.91,14.8000336168498,0,93.62689878513235,0.7517135433804399
8011,344.56,295.65,0.87,0.0704,3653.6292613636356,47.64,76.6924698019235,2,293.6786759760508,0.7649896219648159
8012,252.69,207.26,0.76,0.0854,1844.468384074941,204.8,9.006193281615923,0,225.89127852462502,0.7363452331394369
8013,57.56,53.46,0.88,0.0909,517.5445544554456,365.84,1.4146745966964946,0,51.68743987228601,0.7725574320986693
8014,173.42,150.67,0.85,0.0697,1837.4390243902437,310.5,5.917678017359883,0,156.93684507849767,0.7364004756375898
8015,487.06,472.01,0.8,0.0213,17728.075117370892,209.12,84.7746514793941,3,440.8680810953671,0.12614977839775546
8016,307.37,215.15,0.84,0.0792,2281.893939393939,177.76,12.836937102801189,2,257.55254673190836,0.7508835068216493
8017,271.31,229.43,0.81,0.0892,2083.3890134529147,46.41,44.89095051611538,2,226.5091147944276,0.7628947245193655
8018,50.68,57.31,0.79,0.0798,567.3546365914788,358.26,1.5836393585426192,0,62.63607286016426,0.7703146195920099
8019,156.74,117.16,0.86,0.0762,1322.2782152230968,381.25,3.4682707284540246,0,121.93500583140813,0.7467043030366541
8020,287.61,203.05,0.75,0.0153,9953.431372549023,335.76,29.644482286600617,1,239.3919299362781,0.10353025820130277
8021,92.48,82.05,0.81,0.0272,2443.4007352941176,215.91,11.316755756074835,1,85.62751199120602,0.12410093987494082
8022,186.47,171.76,0.88,0.0536,2819.9402985074626,449.61,6.271969703759842,0,186.8684927193177,0.7115420640846152
8023,80.61,66.59,0.86,0.0603,949.7081260364844,399.07,2.3798033578983246,0,72.12151618320856,0.7643274245346662
8024,85.98,84.84,0.77,0.0262,2493.389312977099,394.49,6.320538703077642,1,96.83645754786865,0.1251553824362921
8025,100.75,84.84,0.85,0.0706,1021.444759206799,422.64,2.4168198921228443,0,89.08749383099116,0.7384640854335954
8026,269.32,213.39,0.75,0.0975,1641.461538461538,376.23,4.362920390350419,2,242.7803156091931,0.7238376827426163
8027,97.19,66.71,0.82,0.0113,4840.9026548672555,47.98,100.89417788385276,1,68.63208479221925,0.10567606969248118
8028,82.35,59.65,0.89,0.0568,934.656690140845,331.56,2.818966974728088,0,54.44020639132496,0.7685921649853555
8029,298.38,255.15,0.79,0.0962,2095.306652806653,442.15,4.738904563624682,2,288.9955911059645,0.7340049953051644
8030,84.57,75.58,0.81,0.0251,2439.035856573705,346.15,7.04618187656711,1,76.65603811473085,0.11916709221935026
8031,94.77,74.6,0.8,0.0823,725.1518833535845,211.49,3.4287762227697973,0,66.05213559373527,0.785875976826653
8032,178.22,180.22,0.77,0.0817,1698.5238678090575,45.23,37.55303709504881,0,180.24401125130362,0.7242010983528517
8033,430.71,414.29,0.85,0.0819,4299.713064713064,450.32,9.548128141572802,2,409.41805024140916,0.7508021483468659
8034,440.99,416.47,0.88,0.0111,33017.44144144144,56.78,581.4977358478592,3,400.7830798187942,0.12349791869640069
8035,152.64,133.74,0.76,0.0104,9773.307692307693,411.92,23.726227646891854,1,137.45844488292647,0.13190029848692877
8036,110.39,86.6,0.76,0.0265,2483.6226415094343,391.15,6.34954018026188,1,80.47754443978745,0.10592876833993824
8037,434.16,451.53,0.82,0.093,3981.2322580645155,207.44,19.192211039647685,2,411.4912641033043,0.7526640679318581
8038,183.13,172.63,0.84,0.016,9063.074999999999,178.15,50.873280943025534,1,165.57473116037488,0.12318796864606454
8039,413.59,473.96,0.9,0.0143,29829.65034965035,215.99,138.1066269255537,3,392.76724410217616,0.11177975799350741
8040,294.54,260.42,0.82,0.0204,10467.862745098038,354.97,29.48942937458951,1,265.0400186568843,0.1481311489244793
8041,128.95,112.01,0.79,0.0117,7563.068376068377,405.16,18.666868338602963,1,93.64649118043536,0.12602369017420656
8042,358.95,365.5,0.76,0.0213,13041.31455399061,310.03,42.064685849726196,3,342.1082719459158,0.14758622125808254
8043,116.91,107.59,0.83,0.0629,1419.7090620031797,361.04,3.9322763738178033,0,124.3071140100072,0.7268801323278887
8044,74.15,73.52,0.83,0.0201,3035.9004975124376,312.61,9.711463157008533,1,86.78338958897228,0.12459307553692119
8045,50.47,45.92,0.84,0.0112,3444.0000000000005,331.92,10.37599421547361,1,45.11994354023693,0.12494610519072535
8046,190.25,189.4,0.79,0.0632,2367.5,51.57,45.90847391894512,0,188.33529790968214,0.7477175239051911
8047,362.56,308.88,0.79,0.0701,3480.958630527818,399.48,8.713724418063027,2,345.0662466306974,0.720031496342263
8048,135.03,121.16,0.85,0.0172,5987.558139534883,196.03,30.544090902080715,1,102.01621900344364,0.10674765615166144
8049,212.15,205.67,0.77,0.0967,1637.7032057911065,387.65,4.224695487659246,0,210.349920751812,0.7050414759613166
8050,93.17,73.99,0.86,0.0147,4328.666666666667,440.16,9.834302677814128,1,64.45092556742624,0.13333244296940014
8051,174.87,147.56,0.88,0.0111,11698.45045045045,213.46,54.8039466431671,1,157.00204886549008,0.13606072505761913
8052,483.05,357.64,0.86,0.0798,3854.2656641604012,357.55,10.77965505288883,2,418.6076851186432,0.7502677674987882
8053,412.39,290.8,0.82,0.0512,4657.34375,405.68,11.480338567343718,2,353.41871360763264,0.7364356242083531
8054,70.16,62.56,0.87,0.0225,2418.9866666666667,391.52,6.178449802479227,1,45.18605220402313,0.11263381574719793
8055,90.34,68.05,0.83,0.084,672.3988095238094,395.73,1.6991352930629706,0,61.92420415079083,0.7775695699258596
8056,324.44,307.26,0.8,0.0749,3281.815754339119,346.55,9.469963221293085,2,311.7370852632341,0.7244418316233192
8057,198.2,161.55,0.86,0.0875,1587.8057142857147,388.48,4.087226406213228,0,179.52206331503396,0.7039778949633819
